-- MySQL Administrator dump 1.4
--
-- ------------------------------------------------------
-- Server version	5.5.5-10.5.8-MariaDB


/*!40101 SET @OLD_CHARACTER_SET_CLIENT=@@CHARACTER_SET_CLIENT */;
/*!40101 SET @OLD_CHARACTER_SET_RESULTS=@@CHARACTER_SET_RESULTS */;
/*!40101 SET @OLD_COLLATION_CONNECTION=@@COLLATION_CONNECTION */;
/*!40101 SET NAMES utf8 */;

/*!40014 SET @OLD_UNIQUE_CHECKS=@@UNIQUE_CHECKS, UNIQUE_CHECKS=0 */;
/*!40014 SET @OLD_FOREIGN_KEY_CHECKS=@@FOREIGN_KEY_CHECKS, FOREIGN_KEY_CHECKS=0 */;
/*!40101 SET @OLD_SQL_MODE=@@SQL_MODE, SQL_MODE='NO_AUTO_VALUE_ON_ZERO' */;


--
-- Create schema serviceportal
--

CREATE DATABASE IF NOT EXISTS serviceportal;
USE serviceportal;

--
-- Definition of table `activity_log`
--

DROP TABLE IF EXISTS `activity_log`;
CREATE TABLE `activity_log` (
  `id` bigint(20) unsigned NOT NULL AUTO_INCREMENT,
  `log_name` varchar(255) COLLATE utf8mb4_unicode_ci DEFAULT NULL,
  `description` text COLLATE utf8mb4_unicode_ci NOT NULL,
  `subject_id` bigint(20) unsigned DEFAULT NULL,
  `subject_type` varchar(255) COLLATE utf8mb4_unicode_ci DEFAULT NULL,
  `causer_id` bigint(20) unsigned DEFAULT NULL,
  `causer_type` varchar(255) COLLATE utf8mb4_unicode_ci DEFAULT NULL,
  `ip_address` varchar(45) COLLATE utf8mb4_unicode_ci DEFAULT NULL,
  `properties` longtext CHARACTER SET utf8mb4 COLLATE utf8mb4_bin DEFAULT NULL,
  `created_at` timestamp NULL DEFAULT NULL,
  `updated_at` timestamp NULL DEFAULT NULL,
  PRIMARY KEY (`id`),
  KEY `subject` (`subject_id`,`subject_type`),
  KEY `causer` (`causer_id`,`causer_type`),
  KEY `activity_log_log_name_index` (`log_name`)
) ENGINE=InnoDB DEFAULT CHARSET=utf8mb4 COLLATE=utf8mb4_unicode_ci;

--
-- Dumping data for table `activity_log`
--

/*!40000 ALTER TABLE `activity_log` DISABLE KEYS */;
/*!40000 ALTER TABLE `activity_log` ENABLE KEYS */;


--
-- Definition of table `airtime_reversals`
--

DROP TABLE IF EXISTS `airtime_reversals`;
CREATE TABLE `airtime_reversals` (
  `id` bigint(20) unsigned NOT NULL AUTO_INCREMENT,
  `outgoing_airtime_id` int(11) NOT NULL,
  `created_by` int(11) NOT NULL,
  `stage` varchar(255) COLLATE utf8mb4_unicode_ci NOT NULL DEFAULT 'review',
  `status` varchar(255) COLLATE utf8mb4_unicode_ci NOT NULL DEFAULT 'active',
  `narration` text COLLATE utf8mb4_unicode_ci DEFAULT NULL,
  `modified_by` int(11) DEFAULT NULL,
  `created_at` timestamp NULL DEFAULT NULL,
  `updated_at` timestamp NULL DEFAULT NULL,
  PRIMARY KEY (`id`)
) ENGINE=InnoDB DEFAULT CHARSET=utf8mb4 COLLATE=utf8mb4_unicode_ci;

--
-- Dumping data for table `airtime_reversals`
--

/*!40000 ALTER TABLE `airtime_reversals` DISABLE KEYS */;
/*!40000 ALTER TABLE `airtime_reversals` ENABLE KEYS */;


--
-- Definition of table `alerts_setup`
--

DROP TABLE IF EXISTS `alerts_setup`;
CREATE TABLE `alerts_setup` (
  `id` bigint(20) unsigned NOT NULL AUTO_INCREMENT,
  `name` varchar(255) CHARACTER SET utf8mb4 COLLATE utf8mb4_unicode_ci NOT NULL,
  `email` text CHARACTER SET utf8mb4 COLLATE utf8mb4_unicode_ci NOT NULL,
  `status` varchar(255) CHARACTER SET utf8mb4 COLLATE utf8mb4_unicode_ci NOT NULL DEFAULT 'Active',
  `created_at` timestamp NULL DEFAULT NULL,
  `phone` varchar(50) DEFAULT NULL,
  PRIMARY KEY (`id`)
) ENGINE=InnoDB AUTO_INCREMENT=3 DEFAULT CHARSET=latin1;

--
-- Dumping data for table `alerts_setup`
--

/*!40000 ALTER TABLE `alerts_setup` DISABLE KEYS */;
INSERT INTO `alerts_setup` (`id`,`name`,`email`,`status`,`created_at`,`phone`) VALUES 
 (1,'Luke Mwangi','lmwangi@mtechcomm.co.ke','active','2020-10-15 11:24:27','254725391340'),
 (2,'Isaac Wambugu','imutahi@mtechcomm.co.ke','active','2020-10-23 11:37:41','254712723648');
/*!40000 ALTER TABLE `alerts_setup` ENABLE KEYS */;


--
-- Definition of table `api_users`
--

DROP TABLE IF EXISTS `api_users`;
CREATE TABLE `api_users` (
  `id` bigint(20) unsigned NOT NULL AUTO_INCREMENT,
  `username` varchar(255) COLLATE utf8mb4_unicode_ci NOT NULL,
  `token` varchar(255) COLLATE utf8mb4_unicode_ci NOT NULL,
  `client_id` bigint(20) unsigned NOT NULL,
  `dlr_url` varchar(255) COLLATE utf8mb4_unicode_ci DEFAULT NULL,
  `mo_url` varchar(255) COLLATE utf8mb4_unicode_ci DEFAULT NULL,
  `status` varchar(255) COLLATE utf8mb4_unicode_ci NOT NULL DEFAULT 'active',
  `whitelisted_ips` longtext CHARACTER SET utf8mb4 COLLATE utf8mb4_bin DEFAULT NULL,
  `created_at` timestamp NULL DEFAULT NULL,
  `updated_at` timestamp NULL DEFAULT NULL,
  `deleted_at` timestamp NULL DEFAULT NULL,
  PRIMARY KEY (`id`),
  KEY `api_users_client_id_foreign` (`client_id`),
  CONSTRAINT `api_users_client_id_foreign` FOREIGN KEY (`client_id`) REFERENCES `clients` (`id`)
) ENGINE=InnoDB AUTO_INCREMENT=7 DEFAULT CHARSET=utf8mb4 COLLATE=utf8mb4_unicode_ci;

--
-- Dumping data for table `api_users`
--

/*!40000 ALTER TABLE `api_users` DISABLE KEYS */;
INSERT INTO `api_users` (`id`,`username`,`token`,`client_id`,`dlr_url`,`mo_url`,`status`,`whitelisted_ips`,`created_at`,`updated_at`,`deleted_at`) VALUES 
 (1,'lkaruu','1dxvgutq3mrksg1b7ei58in6b6j2l9vs1m3f6y7op9x01',1,NULL,NULL,'active',NULL,'2020-06-25 09:26:02',NULL,NULL),
 (2,'imutahi','xznls6ja9aarl1qok24e0w4mnu6gj60y6wkgh6ee15ytd',2,'Minnie','Best','active',NULL,'2020-06-26 10:24:23','2020-11-09 11:27:42',NULL),
 (3,'izowambugu','inrt3v58q76iru92hzp1u7sy3pc4k9awosekboroii6x5',3,NULL,NULL,'active',NULL,'2020-06-29 16:19:38',NULL,NULL),
 (4,'iwambugu','tLsu6a6MwUJJOQ18WlDDqIWKyddiuuTZZCqpM0Jz/4AXMvCwQwSzNZalkW2zT9K5Qd63mXF/Rgluj1J9kwoljNysQqzNAFEpPw==',3,NULL,NULL,'active',NULL,'2021-02-12 09:06:44',NULL,NULL),
 (5,'LNjenga','UAlqEqWJxcrhxlbZvIiQAdO/GnB2W58A8qJB04yahbDdu2kb6v8pokBHJJ/ZCSw8pmkmEMoVQCYbKOMjAkL1pkVKdCVurJ/MlA==',3,NULL,NULL,'active',NULL,'2021-03-10 08:44:27',NULL,NULL),
 (6,'wchesire','eqLVHycBCEJdaUwf3wu3xsX3xLVTtL5S8v0J1W3ZEXxeXM3S/LqOEOcJA0CduMbQi+L9ANtIsa1GkMhTXJ7LoCJJRSutRLXP3w==',3,NULL,NULL,'active',NULL,'2021-04-21 23:04:47',NULL,NULL);
/*!40000 ALTER TABLE `api_users` ENABLE KEYS */;


--
-- Definition of table `application_settings`
--

DROP TABLE IF EXISTS `application_settings`;
CREATE TABLE `application_settings` (
  `ID` int(11) NOT NULL AUTO_INCREMENT,
  `NAME` varchar(200) NOT NULL,
  `VALUE` varchar(200) NOT NULL,
  `DATE_CREATED` datetime NOT NULL,
  `DATE_MODIFIED` timestamp NOT NULL DEFAULT current_timestamp() ON UPDATE current_timestamp(),
  PRIMARY KEY (`ID`),
  UNIQUE KEY `NAME` (`NAME`)
) ENGINE=InnoDB AUTO_INCREMENT=16 DEFAULT CHARSET=utf8mb4;

--
-- Dumping data for table `application_settings`
--

/*!40000 ALTER TABLE `application_settings` DISABLE KEYS */;
INSERT INTO `application_settings` (`ID`,`NAME`,`VALUE`,`DATE_CREATED`,`DATE_MODIFIED`) VALUES 
 (1,'test_key','test_value','2020-02-17 14:34:55','2020-02-17 11:34:55'),
 (2,'InfoLogFile','/var/log/applications/daemons/ContactsExtractorV2/info.log','2020-02-17 14:36:37','2020-02-17 11:37:33'),
 (3,'ErrorLogFile','/var/log/applications/daemons/ContactsExtractorV2/error.log','2020-02-17 14:37:53','2020-02-17 11:37:53'),
 (4,'FatalLogFile','/var/log/applications/daemons/ContactsExtractorV2/fatal.log','2020-02-17 14:38:10','2020-02-17 11:38:10'),
 (5,'InfoLogLevel','info','2020-02-17 14:38:34','2020-02-17 11:38:34'),
 (6,'ErrorLogLevel','error','2020-02-17 14:39:02','2020-02-17 11:39:02'),
 (7,'FatalLogLevel','fatal','2020-02-17 14:39:14','2020-02-17 11:39:14'),
 (8,'NUM_OF_THREADS','10','2020-02-17 14:39:27','2020-02-17 11:39:27'),
 (9,'DB_INSERT_BATCH_SIZE','10','2020-02-24 09:03:06','2020-02-24 06:03:06'),
 (10,'BillCalculatorInfoLogFile','/var/log/applications/daemons/BillCalculator/info.log','2020-07-29 21:41:04','2020-07-29 15:41:04'),
 (11,'BillCalculatorErrorLogFile','/var/log/applications/daemons/BillCalculator/error.log','2020-07-29 21:41:21','2020-07-29 15:41:21'),
 (12,'BillCalculatorFatalLogFile','/var/log/applications/daemons/BillCalculator/fatal.log','2020-07-29 21:41:32','2020-07-29 15:41:32'),
 (13,'BillCalculatorInfoLogLevel','info','2020-07-29 21:41:56','2020-07-29 15:41:56'),
 (14,'BillCalculatorErrorLogLevel','error','2020-07-29 21:42:06','2020-07-29 15:42:06'),
 (15,'BillCalculatorFatalLogLevel','fatal','2020-07-29 21:42:17','2020-07-29 15:42:17');
/*!40000 ALTER TABLE `application_settings` ENABLE KEYS */;


--
-- Definition of table `audit_data`
--

DROP TABLE IF EXISTS `audit_data`;
CREATE TABLE `audit_data` (
  `id` int(11) NOT NULL AUTO_INCREMENT,
  `entry_id` int(11) NOT NULL,
  `type` varchar(255) NOT NULL,
  `data` blob DEFAULT NULL,
  `created` datetime DEFAULT NULL,
  PRIMARY KEY (`id`),
  KEY `fk_audit_data_entry_id` (`entry_id`),
  CONSTRAINT `fk_audit_data_entry_id` FOREIGN KEY (`entry_id`) REFERENCES `audit_entry` (`id`)
) ENGINE=InnoDB DEFAULT CHARSET=utf8;

--
-- Dumping data for table `audit_data`
--

/*!40000 ALTER TABLE `audit_data` DISABLE KEYS */;
/*!40000 ALTER TABLE `audit_data` ENABLE KEYS */;


--
-- Definition of table `audit_entry`
--

DROP TABLE IF EXISTS `audit_entry`;
CREATE TABLE `audit_entry` (
  `id` int(11) NOT NULL AUTO_INCREMENT,
  `created` datetime NOT NULL,
  `user_id` int(11) DEFAULT 0,
  `duration` float DEFAULT NULL,
  `ip` varchar(45) DEFAULT NULL,
  `request_method` varchar(16) DEFAULT NULL,
  `ajax` int(1) NOT NULL DEFAULT 0,
  `route` varchar(255) DEFAULT NULL,
  `memory_max` int(11) DEFAULT NULL,
  PRIMARY KEY (`id`),
  KEY `idx_user_id` (`user_id`),
  KEY `idx_route` (`route`)
) ENGINE=InnoDB AUTO_INCREMENT=388 DEFAULT CHARSET=utf8;

--
-- Dumping data for table `audit_entry`
--

/*!40000 ALTER TABLE `audit_entry` DISABLE KEYS */;
INSERT INTO `audit_entry` (`id`,`created`,`user_id`,`duration`,`ip`,`request_method`,`ajax`,`route`,`memory_max`) VALUES 
 (1,'2020-06-24 11:51:25',0,0.728727,NULL,'CLI',0,'setup/index',10619672),
 (2,'2020-06-24 11:52:59',1,0.06248,'41.80.122.250','POST',0,'countries/create',7325368),
 (3,'2020-06-24 11:56:52',1,0.078058,'41.80.122.250','POST',0,'clients/create',9853808),
 (4,'2020-06-24 11:57:54',1,0.0661671,'41.80.122.250','POST',0,'networks/create',7448736),
 (5,'2020-06-24 11:58:11',1,0.075305,'41.80.122.250','POST',0,'networks/create',7448720),
 (6,'2020-06-24 11:58:29',1,0.0618751,'41.80.122.250','POST',0,'networks/create',7448720),
 (7,'2020-06-24 11:58:53',1,0.061254,'41.80.122.250','POST',0,'providers/create',7353928),
 (8,'2020-06-24 11:59:08',1,0.060693,'41.80.122.250','POST',0,'providers/create',7353928),
 (9,'2020-06-24 11:59:23',1,0.0609388,'41.80.122.250','POST',0,'providers/create',7353704),
 (10,'2020-06-24 12:00:20',1,0.0633411,'41.80.122.250','POST',0,'routes/create',7329480),
 (11,'2020-06-24 12:00:59',1,0.0608659,'41.80.122.250','POST',0,'routes/create',7329480),
 (12,'2020-06-24 12:01:44',1,0.0636082,'41.80.122.250','POST',0,'routes/create',7329480),
 (13,'2020-06-24 12:02:24',1,0.0605719,'41.80.122.250','POST',0,'routes/create',7329464),
 (14,'2020-06-24 12:03:09',1,0.0630181,'41.80.122.250','POST',0,'routes/create',7329448),
 (15,'2020-06-24 12:08:24',1,0.072778,'41.80.122.250','POST',0,'sender-ids/create',9428608),
 (16,'2020-06-24 12:08:48',1,0.0751898,'41.80.122.250','POST',0,'sender-ids/create',9428592),
 (17,'2020-06-24 12:10:25',1,0.109392,'41.80.122.250','POST',0,'clients/assign-sender-ids',10559456),
 (18,'2020-06-24 12:10:38',1,0.0815172,'41.80.122.250','POST',0,'workflow/update',9630512),
 (19,'2020-06-24 12:11:56',1,2.49229,'41.80.122.250','POST',0,'clients/create-user',10295104),
 (20,'2020-06-24 12:15:32',1,0.0804751,'41.80.122.250','POST',0,'clients/create',9853440),
 (21,'2020-06-24 12:28:16',1,2.29352,'102.140.245.37','POST',0,'clients/create-user',10296896),
 (22,'2020-06-24 12:28:49',1,2.04554,'41.90.97.138','POST',0,'clients/create-user',10297512),
 (23,'2020-06-24 13:41:39',1,1.48924,'41.90.97.138','GET',1,'users/reset',10099112),
 (24,'2020-06-24 14:14:09',1,2.69855,'41.80.127.142','POST',0,'clients/create-user',10295488),
 (25,'2020-06-24 14:19:12',1,0.063741,'41.80.127.142','POST',0,'network-prefixes/create',7409584),
 (26,'2020-06-24 15:08:35',1,2.4715,'41.90.97.138','GET',1,'users/reset',10096576),
 (27,'2020-06-24 15:18:35',NULL,2.12456,'41.81.132.92','POST',0,'site/request-password-reset',10311272),
 (28,'2020-06-24 15:26:05',1,2.22281,'41.90.97.138','GET',1,'users/reset',10063880),
 (29,'2020-06-24 15:27:38',1,2.42358,'41.90.97.138','GET',1,'users/reset',10096272),
 (30,'2020-06-24 15:32:10',NULL,2.59778,'41.81.132.92','POST',0,'site/request-password-reset',10316712),
 (31,'2020-06-24 15:35:25',1,2.43245,'41.90.97.138','GET',1,'users/reset',10064288),
 (32,'2020-06-24 15:36:03',NULL,2.33786,'102.140.245.37','POST',0,'site/request-password-reset',10315936),
 (33,'2020-06-24 15:36:47',1,2.19892,'41.90.97.138','GET',1,'users/reset',10095848),
 (34,'2020-06-24 15:37:47',1,2.34103,'41.90.97.138','GET',1,'users/reset',10097072),
 (35,'2020-06-24 15:39:37',NULL,2.17164,'41.81.132.92','POST',0,'site/request-password-reset',10317152),
 (36,'2020-06-24 15:41:07',NULL,2.34651,'41.81.132.92','POST',0,'site/request-password-reset',10282688),
 (37,'2020-06-24 15:41:25',NULL,2.17974,'102.140.245.37','POST',0,'site/request-password-reset',10283104),
 (38,'2020-06-24 15:44:16',NULL,2.43245,'102.140.245.37','POST',0,'site/request-password-reset',10282296),
 (39,'2020-06-24 15:45:46',NULL,2.26648,'41.81.132.92','POST',0,'site/request-password-reset',10283112),
 (40,'2020-06-24 15:51:48',NULL,2.51375,'41.90.97.138','POST',0,'site/request-password-reset',10285144),
 (41,'2020-06-24 15:58:17',1,3.31758,'41.90.97.138','POST',0,'site/signup',10223856),
 (42,'2020-06-24 16:15:26',1,0.100035,'41.80.127.142','POST',0,'clients/update',10036656),
 (43,'2020-06-25 09:48:00',NULL,2.09848,'102.140.245.37','POST',0,'site/request-password-reset',10317896),
 (44,'2020-06-25 10:27:17',1,0.086868,'41.80.114.203','POST',0,'workflow/update',9675048),
 (45,'2020-06-25 10:32:13',1,2.27763,'41.80.114.203','POST',0,'clients/create-user',10295304),
 (46,'2020-06-25 11:14:59',1,2.49116,'41.80.92.234','POST',0,'clients/create-user',10293928),
 (47,'2020-06-25 11:22:47',1,0.103582,'41.80.92.234','POST',0,'clients/assign-sender-ids',10559520),
 (48,'2020-06-25 11:23:04',1,0.0783339,'41.80.92.234','POST',0,'workflow/update',9630544),
 (49,'2020-06-25 12:45:39',1,0.078017,'41.80.92.234','POST',0,'clients/update',9865328),
 (50,'2020-06-25 15:16:26',NULL,1.73675,'41.90.38.228','POST',0,'site/request-password-reset',10315656),
 (51,'2020-06-25 15:37:43',1,0.0671921,'41.90.38.228','POST',0,'network-prefixes/create',7413824),
 (52,'2020-06-25 17:24:50',1,0.0790911,'41.90.38.228','POST',0,'dnd/create',9880368),
 (53,'2020-06-26 11:34:05',1,0.0699492,'41.90.97.138','POST',0,'network-prefixes/create',7413424),
 (54,'2020-06-29 09:10:33',1,0.0764852,'41.80.132.199','POST',0,'network-prefixes/create',7413584),
 (55,'2020-06-29 11:16:47',4,0.0881281,'41.80.132.199','POST',0,'sms/settings/alert',9374784),
 (56,'2020-06-29 12:18:17',1,2.57269,'41.80.180.6','POST',0,'clients/create-user',10295584),
 (57,'2020-06-29 15:15:17',1,0.0914919,'41.80.132.199','POST',0,'clients/create',10053680),
 (58,'2020-06-29 15:17:22',1,3.10419,'41.80.132.199','POST',0,'clients/create-user',10301808),
 (59,'2020-06-29 15:35:39',1,1.8273,'41.80.132.199','GET',1,'users/reset',10097056),
 (60,'2020-06-29 15:38:02',1,0.108194,'41.80.132.199','POST',0,'clients/assign-sender-ids',10565976),
 (61,'2020-06-29 15:38:45',1,0.079778,'41.80.132.199','POST',0,'workflow/update',9635184),
 (62,'2020-06-29 16:03:44',1,0.0704679,'41.80.132.199','POST',0,'network-prefixes/create',7414192),
 (63,'2020-06-29 16:33:31',1,0.08742,'41.80.132.199','POST',0,'dnd/create',9881584),
 (64,'2020-06-30 16:06:41',1,3.00241,'41.90.51.148','POST',0,'clients/create-user',10302944),
 (65,'2020-06-30 16:10:11',1,2.18985,'41.90.51.148','POST',0,'clients/create-user',10301312),
 (66,'2020-07-01 10:37:20',1,3.11977,'102.140.245.37','POST',0,'site/signup',10218056),
 (67,'2020-07-01 10:39:33',1,2.43094,'102.140.245.37','POST',0,'site/signup',10219248),
 (68,'2020-07-01 11:07:41',1,0.088778,'41.90.35.219','POST',0,'workflow/update',9679624),
 (69,'2020-07-02 17:20:08',4,0.078794,'41.80.104.21','POST',0,'sms/settings/locale',7747968),
 (70,'2020-07-02 17:22:06',4,0.0709851,'41.80.104.21','POST',0,'sms/settings/locale',7747952),
 (71,'2020-07-06 12:53:09',1,0.0860929,'41.80.110.77','POST',0,'users/update',9742552),
 (72,'2020-07-06 12:53:21',1,2.40214,'41.80.110.77','GET',1,'users/reset',10098384),
 (73,'2020-07-07 13:38:06',4,0.081799,'41.90.97.138','POST',0,'sms/settings/locale',7818840),
 (74,'2020-07-09 10:13:23',4,0.089308,'41.80.136.22','POST',0,'sms/settings/locale',7819016),
 (75,'2020-07-09 11:00:18',1,0.165132,'41.80.136.22','POST',0,'route-mapping/update-default',7556968),
 (76,'2020-07-09 11:27:03',1,0.468268,'41.80.136.22','POST',0,'route-mapping/create-client',10223808),
 (77,'2020-07-09 11:30:40',1,0.080426,'41.80.136.22','POST',0,'workflow/update',9652704),
 (78,'2020-07-09 12:12:04',1,0.0715461,'41.80.136.22','POST',0,'route-mapping/delete',7465480),
 (79,'2020-07-09 12:13:18',1,0.100379,'41.80.136.22','POST',0,'route-mapping/create-client',10224360),
 (80,'2020-07-10 17:52:18',1,0.0643079,'196.207.159.92','POST',0,'network-prefixes/create',7491392),
 (81,'2020-07-10 17:53:12',1,0.0600939,'196.207.159.92','POST',0,'network-prefixes/create',7491392),
 (82,'2020-07-10 17:53:39',1,0.0633969,'196.207.159.92','POST',0,'network-prefixes/create',7491664),
 (83,'2020-07-10 17:54:35',1,0.0659721,'196.207.159.92','POST',0,'network-prefixes/create',7499160),
 (84,'2020-07-10 17:54:52',1,0.062912,'196.207.159.92','POST',0,'network-prefixes/create',7499160),
 (85,'2020-07-10 17:55:37',1,0.065167,'196.207.159.92','POST',0,'network-prefixes/create',7499160),
 (86,'2020-07-10 17:55:53',1,0.0682569,'196.207.159.92','POST',0,'network-prefixes/create',7499160),
 (87,'2020-07-10 17:56:08',1,0.065768,'196.207.159.92','POST',0,'network-prefixes/create',7499160),
 (88,'2020-07-10 17:56:24',1,0.0668058,'196.207.159.92','POST',0,'network-prefixes/create',7499160),
 (89,'2020-07-10 17:56:42',1,0.0619261,'196.207.159.92','POST',0,'network-prefixes/create',7499160),
 (90,'2020-07-10 17:57:13',1,0.0613821,'196.207.159.92','POST',0,'network-prefixes/create',7499160),
 (91,'2020-07-10 17:58:19',1,0.0641448,'196.207.159.92','POST',0,'network-prefixes/create',7499160),
 (92,'2020-07-10 18:05:02',1,0.066153,'196.207.159.92','POST',0,'network-prefixes/update',7507432),
 (93,'2020-07-10 18:06:01',1,0.066474,'196.207.159.92','POST',0,'network-prefixes/update',7507432),
 (94,'2020-07-10 18:06:36',1,0.064733,'196.207.159.92','POST',0,'network-prefixes/update',7507432),
 (95,'2020-07-10 18:07:15',1,0.063813,'196.207.159.92','POST',0,'network-prefixes/update',7507432),
 (96,'2020-07-10 18:07:23',1,0.0634751,'196.207.159.92','POST',0,'network-prefixes/update',7507704),
 (97,'2020-07-10 18:08:20',1,0.06197,'196.207.159.92','POST',0,'network-prefixes/update',7507328),
 (98,'2020-07-10 18:12:49',1,0.066551,'196.207.159.92','POST',0,'network-prefixes/create',7499160),
 (99,'2020-07-10 18:15:17',1,0.0647988,'196.207.159.92','POST',0,'network-prefixes/update',7507296),
 (100,'2020-07-10 18:16:23',1,0.069983,'196.207.159.92','POST',0,'network-prefixes/create',7499160),
 (101,'2020-07-10 18:16:39',1,0.062675,'196.207.159.92','POST',0,'network-prefixes/create',7499160),
 (102,'2020-07-10 18:16:58',1,0.061908,'196.207.159.92','POST',0,'network-prefixes/create',7499160),
 (103,'2020-07-10 18:17:14',1,0.063132,'196.207.159.92','POST',0,'network-prefixes/create',7499160),
 (104,'2020-07-10 18:17:38',1,0.0652699,'196.207.159.92','POST',0,'network-prefixes/create',7499160),
 (105,'2020-07-10 18:18:00',1,0.062654,'196.207.159.92','POST',0,'network-prefixes/create',7499160),
 (106,'2020-07-10 18:18:17',1,0.06234,'196.207.159.92','POST',0,'network-prefixes/create',7499160),
 (107,'2020-07-10 18:18:37',1,0.064388,'196.207.159.92','POST',0,'network-prefixes/create',7499160),
 (108,'2020-07-10 18:18:58',1,0.0624661,'196.207.159.92','POST',0,'network-prefixes/create',7499160),
 (109,'2020-07-10 18:19:26',1,0.0627449,'196.207.159.92','POST',0,'network-prefixes/update',7512048),
 (110,'2020-07-10 18:21:21',1,0.0683031,'196.207.159.92','POST',0,'networks/create',7542744),
 (111,'2020-07-10 18:21:48',1,0.0748601,'196.207.159.92','POST',0,'networks/update',7552296),
 (112,'2020-07-10 18:23:45',1,0.0639908,'196.207.159.92','POST',0,'networks/update',7552456),
 (113,'2020-07-10 18:24:43',1,0.066426,'196.207.159.92','POST',0,'networks/update',7552576),
 (114,'2020-07-10 18:25:56',1,0.062973,'196.207.159.92','POST',0,'network-prefixes/create',7503920),
 (115,'2020-07-10 18:26:17',1,0.0676451,'196.207.159.92','POST',0,'network-prefixes/create',7503928),
 (116,'2020-07-10 18:26:31',1,0.063617,'196.207.159.92','POST',0,'network-prefixes/create',7503920),
 (117,'2020-07-10 18:27:15',1,0.0725729,'196.207.159.92','POST',0,'network-prefixes/create',7503920),
 (118,'2020-07-10 18:27:30',1,0.066524,'196.207.159.92','POST',0,'network-prefixes/create',7503920),
 (119,'2020-07-10 18:27:48',1,0.063689,'196.207.159.92','POST',0,'network-prefixes/create',7503920),
 (120,'2020-07-10 18:32:43',1,0.06092,'196.207.159.92','POST',0,'providers/create',7447776),
 (121,'2020-07-10 18:33:38',1,0.064271,'196.207.159.92','POST',0,'routes/create',7423088),
 (122,'2020-07-10 18:33:55',1,0.063699,'196.207.159.92','POST',0,'routes/update',7432632),
 (123,'2020-07-10 18:42:58',1,0.063714,'196.207.159.92','POST',0,'providers/update',7456704),
 (124,'2020-07-10 18:45:51',1,0.081115,'196.207.159.92','POST',0,'workflow/update',9745080),
 (125,'2020-07-10 18:47:48',1,0.105883,'196.207.159.92','POST',0,'route-mapping/create-client',10317216),
 (126,'2020-07-10 18:49:00',1,0.107675,'196.207.159.92','POST',0,'route-mapping/create-client',10316984),
 (127,'2020-07-10 19:01:16',1,0.0637169,'196.207.159.92','POST',0,'route-mapping/delete',7554712),
 (128,'2020-07-10 19:02:39',1,0.080637,'196.207.159.92','POST',0,'workflow/update',9745080),
 (129,'2020-07-10 19:05:36',1,0.110739,'196.207.159.92','POST',0,'route-mapping/create-client',10317216),
 (130,'2020-07-10 19:06:20',1,0.0662861,'196.207.159.92','POST',0,'route-mapping/delete',7554712),
 (131,'2020-07-10 19:06:50',1,0.098803,'196.207.159.92','POST',0,'route-mapping/create-client',10317144),
 (132,'2020-07-10 19:07:47',1,0.100116,'196.207.159.92','POST',0,'route-mapping/create-client',10317208),
 (133,'2020-07-10 19:09:08',1,0.103556,'196.207.159.92','POST',0,'route-mapping/create-client',10317240),
 (134,'2020-07-10 19:09:47',1,0.0801792,'196.207.159.92','POST',0,'workflow/update',9745080),
 (135,'2020-07-10 19:09:56',1,0.0779212,'196.207.159.92','POST',0,'workflow/update',9745080),
 (136,'2020-07-10 19:10:04',1,0.100305,'196.207.159.92','POST',0,'workflow/update',9745080),
 (137,'2020-07-10 19:10:11',1,0.0784228,'196.207.159.92','POST',0,'workflow/update',9745080),
 (138,'2020-07-10 19:13:52',1,0.0855899,'196.207.159.92','POST',0,'networks/update',7552576),
 (139,'2020-07-10 21:42:44',1,0.063422,'41.215.47.70','POST',0,'network-prefixes/delete',7307296),
 (140,'2020-07-10 21:43:39',1,0.0657251,'41.215.47.70','POST',0,'network-prefixes/create',7500312),
 (141,'2020-07-10 21:45:02',1,0.0651531,'41.215.47.70','POST',0,'network-prefixes/update',7507896),
 (142,'2020-07-10 21:45:47',1,0.0637999,'41.80.191.48','POST',0,'network-prefixes/delete',7305936),
 (143,'2020-07-10 21:46:07',1,0.067014,'41.80.191.48','POST',0,'network-prefixes/delete',7305936),
 (144,'2020-07-10 21:46:23',1,0.0644429,'41.80.191.48','POST',0,'network-prefixes/delete',7305936),
 (145,'2020-07-10 21:47:16',1,0.0613279,'41.80.191.48','POST',0,'network-prefixes/delete',7305984),
 (146,'2020-07-10 21:47:32',1,0.06182,'41.80.191.48','POST',0,'network-prefixes/delete',7305936),
 (147,'2020-07-10 21:50:06',1,0.0713298,'41.80.191.48','POST',0,'network-prefixes/create',7498792),
 (148,'2020-07-10 23:15:18',1,2.59735,'41.80.191.48','POST',0,'clients/create-user',10394080),
 (149,'2020-07-10 23:27:21',1,0.0639141,'41.215.47.70','POST',0,'networks/create',7538792),
 (150,'2020-07-10 23:27:53',1,0.063426,'41.215.47.70','POST',0,'networks/delete',7353880),
 (151,'2020-07-11 00:07:24',1,0.0676682,'41.215.47.70','POST',0,'network-prefixes/update',7507976),
 (152,'2020-07-11 00:07:49',1,0.0632989,'41.215.47.70','POST',0,'network-prefixes/update',7507976),
 (153,'2020-07-11 00:13:57',1,3.16792,'41.80.191.48','POST',0,'clients/create-user',10393648),
 (154,'2020-07-11 00:26:00',1,0.063679,'41.215.47.70','POST',0,'route-mapping/update-default',7642488),
 (155,'2020-07-11 00:36:59',1,0.0655131,'41.215.47.70','POST',0,'route-mapping/update-default',7642488),
 (156,'2020-07-11 00:37:23',1,0.0667222,'41.215.47.70','POST',0,'route-mapping/update-default',7642488),
 (157,'2020-07-11 00:41:19',1,0.065691,'41.215.47.70','POST',0,'route-mapping/update-default',7642488),
 (158,'2020-07-11 00:45:54',1,0.0617449,'41.215.47.70','POST',0,'routes/create',7418976),
 (159,'2020-07-11 00:46:21',1,0.065999,'41.215.47.70','POST',0,'route-mapping/update-default',7642488),
 (160,'2020-07-11 01:14:09',1,0.0903902,'41.80.191.48','POST',0,'clients/update',10131560),
 (161,'2020-07-11 01:24:30',1,0.0790851,'41.80.191.48','POST',0,'workflow/update',9767584),
 (162,'2020-07-11 01:24:58',1,0.074507,'41.80.191.48','POST',0,'clients/update',9960552),
 (163,'2020-07-11 01:39:18',1,0.0664909,'41.215.47.70','POST',0,'route-mapping/update-default',7642488),
 (164,'2020-07-11 01:49:52',1,0.092458,'41.215.47.70','POST',0,'clients/update',10132680),
 (165,'2020-07-11 09:27:26',1,2.72943,'41.80.22.254','POST',0,'clients/create-user',10394072),
 (166,'2020-07-11 09:28:45',1,2.3037,'41.80.22.254','POST',0,'clients/create-user',10393928),
 (167,'2020-07-11 09:32:15',1,2.29167,'41.80.22.254','POST',0,'clients/create-user',10393536),
 (168,'2020-07-11 09:33:02',1,2.38967,'41.80.22.254','POST',0,'clients/create-user',10393984),
 (169,'2020-07-11 09:33:59',1,2.42932,'41.80.22.254','POST',0,'clients/create-user',10393520),
 (170,'2020-07-11 09:34:48',1,2.27469,'41.80.22.254','POST',0,'clients/create-user',10393544),
 (171,'2020-07-11 09:35:36',1,3.87345,'41.80.22.254','POST',0,'clients/create-user',10393112),
 (172,'2020-07-11 09:37:41',1,2.69964,'41.80.22.254','POST',0,'clients/create-user',10394744),
 (173,'2020-07-14 09:55:30',1,0.115166,'41.80.242.39','POST',0,'route-mapping/create-client',10316720),
 (174,'2020-07-14 10:01:42',1,0.0625451,'41.80.242.39','POST',0,'route-mapping/delete',7554168),
 (175,'2020-07-14 11:25:52',1,0.102023,'41.80.242.39','POST',0,'route-mapping/create-client',10316872),
 (176,'2020-07-14 12:13:03',1,0.076246,'196.207.159.92','POST',0,'sender-ids/create',9525392),
 (177,'2020-07-14 12:13:38',1,0.0696321,'196.207.159.92','POST',0,'sender-ids/create',9525392),
 (178,'2020-07-14 12:17:47',4,0.0837071,'41.80.242.39','POST',0,'sms/settings/alert',9383464),
 (179,'2020-07-15 06:53:31',0,3.00396,NULL,'CLI',0,'daily-usage-email/index',8188656),
 (180,'2020-07-15 06:58:23',0,2.79425,NULL,'CLI',0,'daily-usage-email/index',8189472),
 (181,'2020-07-15 07:04:13',0,2.66325,NULL,'CLI',0,'daily-usage-email/index',8201960),
 (182,'2020-07-15 07:08:11',0,2.43737,NULL,'CLI',0,'daily-usage-email/index',8204448),
 (183,'2020-07-15 07:10:25',0,2.87248,NULL,'CLI',0,'daily-usage-email/index',8203240),
 (184,'2020-07-15 07:12:24',0,2.4609,NULL,'CLI',0,'daily-usage-email/index',8202856),
 (185,'2020-07-15 07:15:36',0,2.46956,NULL,'CLI',0,'daily-usage-email/index',8202048),
 (186,'2020-07-15 07:16:30',0,2.82955,NULL,'CLI',0,'daily-usage-email/index',8204488),
 (187,'2020-07-15 07:32:07',0,3.5503,NULL,'CLI',0,'daily-usage-email/index',8198096),
 (188,'2020-07-15 07:32:47',0,2.50506,NULL,'CLI',0,'daily-usage-email/index',8201344),
 (189,'2020-07-15 07:33:06',0,2.86857,NULL,'CLI',0,'daily-usage-email/index',8196240),
 (190,'2020-07-15 07:34:06',0,3.17745,NULL,'CLI',0,'daily-usage-email/index',8200544),
 (191,'2020-07-15 07:35:05',0,2.85624,NULL,'CLI',0,'daily-usage-email/index',8201360),
 (192,'2020-07-15 10:38:42',1,2.51149,'41.80.79.210','POST',0,'clients/create-user',10393992),
 (193,'2020-07-15 07:40:06',0,3.43172,NULL,'CLI',0,'daily-usage-email/index',8198912),
 (194,'2020-07-15 10:42:40',NULL,1.79025,'105.160.71.155','POST',0,'site/request-password-reset',10355632),
 (195,'2020-07-15 10:49:31',1,2.54985,'41.80.79.210','POST',0,'clients/create-user',10394328),
 (196,'2020-07-15 07:50:06',0,3.0178,NULL,'CLI',0,'daily-usage-email/index',8198920),
 (197,'2020-07-15 10:50:50',1,2.46324,'41.80.79.210','POST',0,'clients/create-user',10394736),
 (198,'2020-07-15 11:01:53',NULL,1.91708,'102.140.201.45','POST',0,'site/request-password-reset',10353360),
 (199,'2020-07-15 11:26:23',1,0.0868971,'196.207.159.92','POST',0,'clients/create',9975616),
 (200,'2020-07-15 11:37:57',1,0.079741,'196.207.159.92','POST',0,'users/update',9835624),
 (201,'2020-07-15 11:39:00',1,0.119446,'196.207.159.92','POST',0,'route-mapping/create-client',10317288),
 (202,'2020-07-15 11:39:18',1,0.0828738,'196.207.159.92','POST',0,'workflow/update',9745184),
 (203,'2020-07-15 09:11:36',0,3.20547,NULL,'CLI',0,'daily-usage-email/index',8213280),
 (204,'2020-07-15 09:15:10',0,2.65955,NULL,'CLI',0,'daily-usage-email/index',8210872),
 (205,'2020-07-15 12:16:14',1,0.107732,'196.207.159.92','POST',0,'clients/assign-sender-ids',10660128),
 (206,'2020-07-15 09:16:28',0,2.40163,NULL,'CLI',0,'daily-usage-email/index',8213488),
 (207,'2020-07-15 09:22:01',0,2.6697,NULL,'CLI',0,'daily-usage-email/index',8213552),
 (208,'2020-07-15 12:24:22',1,0.0639689,'196.207.159.92','POST',0,'route-mapping/delete',7554784),
 (209,'2020-07-15 09:24:29',0,2.48372,NULL,'CLI',0,'daily-usage-email/index',8212392),
 (210,'2020-07-15 12:28:57',1,0.104314,'196.207.159.92','POST',0,'route-mapping/create-client',10317288),
 (211,'2020-07-15 12:29:11',1,0.081382,'196.207.159.92','POST',0,'workflow/update',9745184),
 (212,'2020-07-15 12:30:23',1,0.111171,'196.207.159.92','POST',0,'route-mapping/create-client',10317280),
 (213,'2020-07-15 12:31:11',1,0.107182,'196.207.159.92','POST',0,'route-mapping/create-client',10317312),
 (214,'2020-07-15 12:36:32',1,0.0789909,'196.207.159.92','POST',0,'workflow/update',9745152),
 (215,'2020-07-15 12:36:47',1,0.103415,'196.207.159.92','POST',0,'route-mapping/create-client',10317264),
 (216,'2020-07-15 12:48:13',1,0.0806389,'196.207.159.92','POST',0,'workflow/update',9745152),
 (217,'2020-07-15 12:48:21',1,0.078001,'196.207.159.92','POST',0,'workflow/update',9745184),
 (218,'2020-07-15 12:48:29',1,0.089587,'196.207.159.92','POST',0,'workflow/update',9727528),
 (219,'2020-07-15 12:48:39',1,0.078434,'196.207.159.92','POST',0,'workflow/update',9745152),
 (220,'2020-07-15 09:51:37',0,3.02982,NULL,'CLI',0,'daily-usage-email/index',8283104),
 (221,'2020-07-15 09:53:05',0,2.007,NULL,'CLI',0,'daily-usage-email/index',8280232),
 (222,'2020-07-15 09:53:44',0,1.85143,NULL,'CLI',0,'daily-usage-email/index',8282680),
 (223,'2020-07-15 10:01:06',0,2.24913,NULL,'CLI',0,'daily-usage-email/index',8290456),
 (224,'2020-07-15 13:38:39',1,0.0802951,'41.80.79.210','POST',0,'users/update',9832536),
 (225,'2020-07-15 13:38:58',1,0.0743871,'41.80.79.210','POST',0,'users/update',9832632),
 (226,'2020-07-15 13:39:10',1,0.077081,'41.80.79.210','POST',0,'users/update',9832728),
 (227,'2020-07-15 13:39:24',1,0.0795729,'41.80.79.210','POST',0,'users/update',9832728),
 (228,'2020-07-15 13:39:41',1,0.0773501,'41.80.79.210','POST',0,'users/update',9832728),
 (229,'2020-07-15 13:39:58',1,0.0817821,'41.80.79.210','POST',0,'users/update',9832704),
 (230,'2020-07-15 13:40:18',1,0.0757172,'41.80.79.210','POST',0,'users/update',9832744),
 (231,'2020-07-15 13:40:34',1,0.077271,'41.80.79.210','POST',0,'users/update',9832704),
 (232,'2020-07-15 13:40:49',1,0.076576,'41.80.79.210','POST',0,'users/update',9832768),
 (233,'2020-07-15 13:41:10',1,0.0763361,'41.80.79.210','POST',0,'users/update',9832768),
 (234,'2020-07-15 13:41:38',1,0.0981021,'41.80.79.210','POST',0,'users/update',9832728),
 (235,'2020-07-15 13:41:58',1,0.0767081,'41.80.79.210','POST',0,'users/update',9832768),
 (236,'2020-07-15 13:42:17',1,0.0805531,'41.80.79.210','POST',0,'users/update',9832704),
 (237,'2020-07-15 13:42:49',1,0.0775042,'41.80.79.210','POST',0,'users/update',9832768),
 (238,'2020-07-15 14:02:18',1,3.90987,'102.140.211.148','POST',0,'site/signup',10322368),
 (239,'2020-07-15 14:35:53',1,2.86083,'41.80.45.225','POST',0,'site/signup',10321888),
 (240,'2020-07-15 15:33:18',1,0.0665128,'41.80.79.210','POST',0,'route-mapping/update',7650312),
 (241,'2020-07-15 15:35:40',1,0.0680521,'41.80.79.210','POST',0,'route-mapping/update',7650096),
 (242,'2020-07-15 15:36:13',1,0.0677259,'41.80.79.210','POST',0,'route-mapping/update',7650096),
 (243,'2020-07-15 15:36:35',NULL,2.26977,'197.237.199.158','POST',0,'site/request-password-reset',10354776),
 (244,'2020-07-15 15:39:53',1,0.067296,'41.80.79.210','POST',0,'route-mapping/update',7650096),
 (245,'2020-07-15 15:44:20',1,0.0644641,'41.80.45.225','POST',0,'route-mapping/update',7654272),
 (246,'2020-07-16 05:00:06',0,3.52824,NULL,'CLI',0,'daily-usage-email/index',8411840),
 (247,'2020-07-16 10:09:53',1,0.0657179,'41.80.86.9','POST',0,'route-mapping/update',7650048),
 (248,'2020-07-16 10:25:17',1,0.069114,'41.80.86.9','POST',0,'route-mapping/update',7650096),
 (249,'2020-07-16 10:31:31',1,0.0708439,'41.80.86.9','POST',0,'route-mapping/update',7650096),
 (250,'2020-07-16 10:31:54',1,0.0644958,'41.80.86.9','POST',0,'route-mapping/update',7650096),
 (251,'2020-07-16 10:44:02',1,0.0850561,'102.140.211.148','POST',0,'clients/create',9975864),
 (252,'2020-07-16 11:03:39',1,0.0770519,'102.140.211.148','POST',0,'sender-ids/create',9525880),
 (253,'2020-07-16 11:04:08',1,0.109155,'102.140.211.148','POST',0,'clients/assign-sender-ids',10661240),
 (254,'2020-07-16 11:04:32',1,0.081599,'102.140.211.148','POST',0,'workflow/update',9728064),
 (255,'2020-07-16 11:12:00',1,0.103298,'102.140.211.148','POST',0,'route-mapping/create-client',10319848),
 (256,'2020-07-16 11:12:57',1,0.07547,'102.140.211.148','POST',0,'workflow/update',9745720),
 (257,'2020-07-16 11:22:08',1,0.0663731,'102.140.211.148','POST',0,'route-mapping/update',7655000),
 (258,'2020-07-16 17:47:41',1,0.0743918,'196.207.159.92','POST',0,'users/update',9838040),
 (259,'2020-07-17 05:00:07',0,3.07069,NULL,'CLI',0,'daily-usage-email/index',8430512),
 (260,'2020-07-17 14:31:20',1,0.096833,'41.90.97.138','POST',0,'users/update',9837176),
 (261,'2020-07-18 05:00:06',0,3.00796,NULL,'CLI',0,'daily-usage-email/index',8430512),
 (262,'2020-07-18 07:57:38',0,NULL,NULL,'CLI',0,'daily-usage-email/index',NULL),
 (263,'2020-07-18 11:03:12',1,0.077704,'41.80.89.194','POST',0,'users/update',9833328),
 (264,'2020-07-18 11:03:36',1,0.0779941,'41.80.89.194','POST',0,'users/update',9833280),
 (265,'2020-07-19 05:00:06',0,NULL,NULL,'CLI',0,'daily-usage-email/index',NULL),
 (266,'2020-07-20 05:00:07',0,NULL,NULL,'CLI',0,'daily-usage-email/index',NULL),
 (267,'2020-07-21 05:00:07',0,NULL,NULL,'CLI',0,'daily-usage-email/index',NULL),
 (268,'2020-07-21 11:54:41',1,3.29099,'196.207.159.92','POST',0,'clients/create-user',10365840),
 (269,'2020-07-21 11:55:50',1,3.27251,'196.207.159.92','POST',0,'clients/create-user',10368208),
 (270,'2020-07-23 04:29:41',1,0.148368,'41.80.224.203','POST',0,'route-mapping/create-client',10162128),
 (271,'2020-07-23 04:49:26',1,0.067138,'41.80.224.203','POST',0,'workflow/update',9659872),
 (272,'2020-08-07 07:19:53',4,0.078218,'41.90.39.12','POST',0,'sms/settings/locale',8100288),
 (273,'2020-08-09 04:44:48',1,0.0607378,'41.80.108.175','POST',0,'short-codes/create',7430312),
 (274,'2020-08-09 09:11:08',1,0.064136,'41.90.7.80','POST',0,'dnd/delete',9950312),
 (275,'2020-08-16 08:03:08',4,0.0755069,'41.80.240.141','POST',0,'sms/settings/locale',8106688),
 (276,'2020-08-24 15:10:02',1,0.0801699,'41.90.68.0','POST',0,'users/update',9807488),
 (277,'2020-08-27 05:17:06',1,0.0873351,'41.90.97.138','POST',0,'route-mapping/create-client',10333456),
 (278,'2020-08-27 13:35:26',1,2.2421,'41.90.97.138','GET',1,'users/reset',10204536),
 (279,'2020-08-28 07:06:13',1,1.89503,'41.90.97.138','GET',1,'users/reset',10202320),
 (280,'2020-08-28 07:10:27',1,0.053571,'41.80.21.170','POST',0,'routes/update',7400376),
 (281,'2020-08-28 07:11:37',1,0.052845,'41.80.21.170','POST',0,'routes/update',7400392),
 (282,'2020-08-28 07:16:36',1,2.58558,'41.90.97.138','POST',0,'clients/create-user',10426304),
 (283,'2020-08-28 07:41:38',1,0.0667739,'197.237.52.135','POST',0,'users/update',9847584),
 (284,'2020-08-28 07:42:27',1,0.0655608,'41.90.97.138','POST',0,'users/update',9844624),
 (285,'2020-08-28 07:43:38',1,0.054337,'41.80.21.170','POST',0,'routes/update',7400448),
 (286,'2020-08-28 07:45:05',1,0.0519278,'41.80.21.170','POST',0,'routes/update',7400384),
 (287,'2020-08-28 07:52:20',1,0.0880489,'41.90.97.138','POST',0,'clients/assign-sender-ids',10773920),
 (288,'2020-08-28 10:34:14',1,0.0547788,'41.80.21.170','POST',0,'routes/update',7400464),
 (289,'2020-08-28 10:43:41',1,0.0532448,'41.80.21.170','POST',0,'routes/update',7438032),
 (290,'2020-10-15 12:10:28',1,0.100367,'41.90.97.138','POST',0,'users/update',9853696),
 (291,'2020-10-15 15:24:09',1,24.6181,'41.90.97.138','POST',0,'clients/create-selling-price',13498256),
 (292,'2020-10-16 08:12:38',0,2.05803,NULL,'CLI',0,'jobs/index',10306784),
 (293,'2020-10-16 08:23:03',0,2.50798,NULL,'CLI',0,'jobs/index',10304712),
 (294,'2020-10-16 08:35:03',0,1.70444,NULL,'CLI',0,'jobs/index',10306928),
 (295,'2020-10-16 09:18:03',0,2.29317,NULL,'CLI',0,'jobs/index',10305296),
 (296,'2020-10-16 11:37:03',0,2.12722,NULL,'CLI',0,'jobs/index',10304888),
 (297,'2020-10-16 11:39:03',0,1.72874,NULL,'CLI',0,'jobs/index',10305704),
 (298,'2020-10-16 11:44:03',0,2.089,NULL,'CLI',0,'jobs/index',10305704),
 (299,'2020-10-16 12:02:04',0,2.12934,NULL,'CLI',0,'jobs/index',10306112),
 (300,'2020-10-16 12:08:03',0,1.76936,NULL,'CLI',0,'jobs/index',10306928),
 (301,'2020-10-16 12:26:03',0,2.22389,NULL,'CLI',0,'jobs/index',10305296),
 (302,'2020-10-16 12:34:03',0,1.86939,NULL,'CLI',0,'jobs/index',10306112),
 (303,'2020-10-16 12:36:03',0,1.6979,NULL,'CLI',0,'jobs/index',10306928),
 (304,'2020-10-16 12:34:08',1,0.0683351,'41.90.97.138','POST',0,'users/update',9865200),
 (305,'2020-10-16 12:35:55',1,0.0661452,'41.90.97.138','POST',0,'users/update',9865032),
 (306,'2020-10-19 06:47:08',NULL,2.06208,'41.90.97.138','POST',0,'site/request-password-reset',10385344),
 (307,'2020-10-19 13:53:03',0,2.32441,NULL,'CLI',0,'jobs/index',10306136),
 (308,'2020-10-19 10:59:00',1,0.104485,'41.90.97.138','POST',0,'clients/assign-sender-ids',10986984),
 (309,'2020-10-19 13:59:03',0,2.1374,NULL,'CLI',0,'jobs/index',10308896),
 (310,'2020-10-19 15:22:03',0,2.40786,NULL,'CLI',0,'jobs/index',10308584),
 (311,'2020-10-19 15:23:33',0,2.0899,NULL,'CLI',0,'jobs/index',10304272),
 (312,'2020-10-19 12:35:01',31,0.0667579,'41.90.97.138','POST',0,'workflow/update',9748048),
 (313,'2020-10-21 06:49:55',1,2.54548,'41.90.97.138','POST',0,'site/signup',10556192),
 (314,'2020-10-21 12:11:03',0,1.95812,NULL,'CLI',0,'jobs/index',10305088),
 (315,'2020-10-22 08:09:50',1,0.0668981,'41.90.97.138','POST',0,'users/update',9860080),
 (316,'2020-10-22 08:10:18',1,0.069519,'41.90.97.138','POST',0,'users/update',9860096),
 (317,'2020-10-22 08:10:38',1,2.48681,'41.90.97.138','GET',1,'users/reset',10218624),
 (318,'2020-10-22 08:12:04',1,2.4971,'41.90.97.138','POST',0,'site/signup',10345816),
 (319,'2020-10-22 15:17:33',0,1.63455,NULL,'CLI',0,'jobs/index',10304280),
 (320,'2020-10-22 15:19:36',0,4.2842,NULL,'CLI',0,'jobs/index',10309808),
 (321,'2020-10-23 06:30:22',NULL,1.88145,'41.90.97.138','POST',0,'site/request-password-reset',10386032),
 (322,'2020-10-23 09:00:26',1,0.0676,'41.90.97.138','POST',0,'sender-ids/create',9801840),
 (323,'2020-10-23 09:05:15',1,0.0696959,'41.90.97.138','POST',0,'users/update',10030040),
 (324,'2020-10-23 09:07:33',1,1.89746,'41.90.97.138','GET',1,'users/reset',10388776),
 (325,'2020-10-23 09:11:26',1,0.09097,'41.90.97.138','POST',0,'clients/assign-sender-ids',11011104),
 (326,'2020-10-23 12:11:33',0,1.77099,NULL,'CLI',0,'jobs/index',10306040),
 (327,'2020-10-23 09:19:31',1,0.0659099,'41.90.97.138','POST',0,'short-codes/create',9642408),
 (328,'2020-10-23 12:21:03',0,2.20544,NULL,'CLI',0,'jobs/index',10306864),
 (329,'2020-10-23 12:24:33',0,1.80457,NULL,'CLI',0,'jobs/index',10307360),
 (330,'2020-10-23 12:32:43',0,2.09145,NULL,'CLI',0,'jobs/index',10306544),
 (331,'2020-10-23 12:34:03',0,1.81901,NULL,'CLI',0,'jobs/index',10307768),
 (332,'2020-10-23 10:11:08',1,0.072639,'41.90.97.138','POST',0,'sender-ids/create',9551456),
 (333,'2020-10-23 10:11:45',1,NULL,'41.90.97.138','POST',0,'clients/assign-sender-ids',NULL),
 (334,'2020-10-23 10:17:07',1,0.0617511,'41.90.97.138','POST',0,'sender-ids/create',9551456),
 (335,'2020-10-23 10:17:47',1,NULL,'41.90.97.138','POST',0,'clients/assign-sender-ids',NULL),
 (336,'2020-10-23 10:22:50',1,0.0645359,'41.90.97.138','POST',0,'sender-ids/create',9551504),
 (337,'2020-10-23 10:23:25',1,0.165644,'41.90.97.138','POST',0,'clients/assign-sender-ids',12078664),
 (338,'2020-10-23 13:23:33',0,2.17417,NULL,'CLI',0,'jobs/index',10305888),
 (339,'2020-10-23 10:32:00',1,0.0728481,'41.90.97.138','POST',0,'short-codes/create',9643304),
 (340,'2020-10-23 13:33:03',0,2.03333,NULL,'CLI',0,'jobs/index',10306304),
 (341,'2020-10-23 12:02:22',NULL,2.15518,'41.90.97.138','POST',0,'site/request-password-reset',10164592),
 (342,'2020-10-23 12:02:59',NULL,0.673371,'41.90.97.138','POST',0,'site/reset-password',7591488),
 (343,'2020-10-23 12:08:35',NULL,1.89124,'41.90.97.138','POST',0,'site/request-password-reset',10383200),
 (344,'2020-10-23 12:10:05',NULL,1.57058,'41.90.97.138','POST',0,'site/request-password-reset',10130264),
 (345,'2020-10-23 12:11:02',NULL,0.656644,'41.90.97.138','POST',0,'site/reset-password',7588080),
 (346,'2020-10-23 12:20:15',NULL,1.84148,'41.90.97.138','POST',0,'site/request-password-reset',10380304),
 (347,'2020-10-26 07:00:55',1,2.07596,'41.90.97.138','GET',1,'users/reset',10218352),
 (348,'2020-11-06 11:00:46',1,1.94753,'41.90.97.138','GET',1,'users/reset',10224184),
 (349,'2020-11-09 08:35:34',37,0.101102,'41.90.97.138','POST',0,'sms/settings/locale',9984288),
 (350,'2020-11-09 08:35:44',37,0.0856729,'41.90.97.138','POST',0,'sms/settings/locale',9984544),
 (351,'2020-11-09 08:36:37',37,0.0945179,'41.90.97.138','POST',0,'sms/settings/locale',9984624),
 (352,'2020-11-09 08:52:49',37,0.0720429,'41.90.97.138','POST',0,'sms/settings/alert',9495816),
 (353,'2020-11-09 08:58:30',37,0.07143,'41.90.97.138','POST',0,'sms/settings/alert',9496096),
 (354,'2020-11-11 07:20:35',0,3.4736,NULL,'CLI',0,'dispatch-mail/index',9706656),
 (355,'2020-11-11 07:23:03',0,2.0245,NULL,'CLI',0,'dispatch-mail/index',9388024),
 (356,'2020-11-11 07:28:04',0,6.84143,NULL,'CLI',0,'dispatch-mail/index',9735832),
 (357,'2020-11-11 07:36:03',0,7.64733,NULL,'CLI',0,'dispatch-mail/index',9735656),
 (358,'2020-11-11 11:32:31',NULL,1.92896,'105.48.73.197','POST',0,'site/request-password-reset',10450216),
 (359,'2020-11-11 11:49:03',0,1.98146,NULL,'CLI',0,'dispatch-mail/index',9388248),
 (360,'2020-11-11 12:20:03',0,2.00892,NULL,'CLI',0,'dispatch-mail/index',9387536),
 (361,'2020-11-11 12:31:03',0,4.563,NULL,'CLI',0,'dispatch-mail/index',9740544),
 (362,'2020-11-11 12:32:03',0,1.85462,NULL,'CLI',0,'dispatch-mail/index',9423376),
 (363,'2020-11-11 12:35:03',0,2.36263,NULL,'CLI',0,'dispatch-mail/index',9395976),
 (364,'2020-11-11 12:40:07',0,5.6025,NULL,'CLI',0,'dispatch-mail/index',9395976),
 (365,'2020-11-11 13:15:03',0,7.62009,NULL,'CLI',0,'dispatch-mail/index',9735624),
 (366,'2020-11-11 13:27:04',0,7.78817,NULL,'CLI',0,'dispatch-mail/index',9736072),
 (367,'2020-11-11 13:45:03',0,1.72966,NULL,'CLI',0,'dispatch-mail/index',9386968),
 (368,'2020-11-12 04:14:03',0,1.81803,NULL,'CLI',0,'dispatch-mail/index',9388224),
 (369,'2020-11-12 04:48:03',0,4.19085,NULL,'CLI',0,'dispatch-mail/index',9713832),
 (370,'2020-11-12 05:08:31',1,0.0829418,'105.160.81.103','POST',0,'users/update',9869328),
 (371,'2020-11-12 09:04:04',0,2.51309,NULL,'CLI',0,'dispatch-mail/index',7591280),
 (372,'2020-11-12 09:06:03',0,2.97368,NULL,'CLI',0,'dispatch-mail/index',7579880),
 (373,'2020-11-12 09:08:03',0,6.82251,NULL,'CLI',0,'dispatch-mail/index',7609264),
 (374,'2020-11-12 09:15:03',0,2.05126,NULL,'CLI',0,'dispatch-mail/index',7560776),
 (375,'2021-02-12 08:06:06',35,NULL,'::1','POST',0,'workflow/update',NULL),
 (376,'2021-02-12 09:02:07',35,NULL,'::1','POST',0,'workflow/update',NULL),
 (377,'2021-02-15 05:54:02',1,NULL,'::1','POST',0,'workflow/update',NULL),
 (378,'2021-02-15 08:38:58',31,0.307188,'::1','POST',0,'workflow/update',11155928),
 (379,'2021-02-15 09:09:32',31,0.185007,'::1','POST',0,'sender-ids/create',9772184),
 (380,'2021-02-24 13:07:07',31,0.321105,'::1','POST',0,'routes/create',7595960),
 (381,'2021-02-24 14:23:51',31,0.315766,'::1','POST',0,'routes/create',7595976),
 (382,'2021-02-24 14:25:38',31,0.376658,'::1','POST',0,'routes/create',7596200),
 (383,'2021-02-24 14:36:19',1,0.295356,'::1','POST',0,'routes/create',7595592),
 (384,'2021-02-24 14:37:40',1,0.318983,'::1','POST',0,'routes/create',7595592),
 (385,'2021-02-25 13:40:45',1,0.164072,'::1','POST',0,'short-codes/create',9950064),
 (386,'2021-03-03 08:35:06',1,0.226698,'::1','POST',0,'sender-ids/update',9883768),
 (387,'2021-03-03 08:37:45',1,0.190893,'::1','POST',0,'routes/create',7631424);
/*!40000 ALTER TABLE `audit_entry` ENABLE KEYS */;


--
-- Definition of table `audit_error`
--

DROP TABLE IF EXISTS `audit_error`;
CREATE TABLE `audit_error` (
  `id` int(11) NOT NULL AUTO_INCREMENT,
  `entry_id` int(11) NOT NULL,
  `created` datetime NOT NULL,
  `message` text NOT NULL,
  `code` int(11) DEFAULT 0,
  `file` varchar(512) DEFAULT NULL,
  `line` int(11) DEFAULT NULL,
  `trace` blob DEFAULT NULL,
  `hash` varchar(32) DEFAULT NULL,
  `emailed` tinyint(1) NOT NULL DEFAULT 0,
  PRIMARY KEY (`id`),
  KEY `fk_audit_error_entry_id` (`entry_id`),
  KEY `idx_file` (`file`(180)),
  KEY `idx_emailed` (`emailed`),
  CONSTRAINT `fk_audit_error_entry_id` FOREIGN KEY (`entry_id`) REFERENCES `audit_entry` (`id`)
) ENGINE=InnoDB DEFAULT CHARSET=utf8;

--
-- Dumping data for table `audit_error`
--

/*!40000 ALTER TABLE `audit_error` DISABLE KEYS */;
/*!40000 ALTER TABLE `audit_error` ENABLE KEYS */;


--
-- Definition of table `audit_javascript`
--

DROP TABLE IF EXISTS `audit_javascript`;
CREATE TABLE `audit_javascript` (
  `id` int(11) NOT NULL AUTO_INCREMENT,
  `entry_id` int(11) NOT NULL,
  `created` datetime NOT NULL,
  `type` varchar(20) NOT NULL,
  `message` text NOT NULL,
  `origin` varchar(512) DEFAULT NULL,
  `data` blob DEFAULT NULL,
  PRIMARY KEY (`id`),
  KEY `fk_audit_javascript_entry_id` (`entry_id`),
  CONSTRAINT `fk_audit_javascript_entry_id` FOREIGN KEY (`entry_id`) REFERENCES `audit_entry` (`id`)
) ENGINE=InnoDB DEFAULT CHARSET=utf8;

--
-- Dumping data for table `audit_javascript`
--

/*!40000 ALTER TABLE `audit_javascript` DISABLE KEYS */;
/*!40000 ALTER TABLE `audit_javascript` ENABLE KEYS */;


--
-- Definition of table `audit_mail`
--

DROP TABLE IF EXISTS `audit_mail`;
CREATE TABLE `audit_mail` (
  `id` int(11) NOT NULL AUTO_INCREMENT,
  `entry_id` int(11) NOT NULL,
  `created` datetime NOT NULL,
  `successful` int(11) NOT NULL,
  `from` varchar(255) DEFAULT NULL,
  `to` varchar(255) DEFAULT NULL,
  `reply` varchar(255) DEFAULT NULL,
  `cc` varchar(255) DEFAULT NULL,
  `bcc` varchar(255) DEFAULT NULL,
  `subject` varchar(255) DEFAULT NULL,
  `text` blob DEFAULT NULL,
  `html` blob DEFAULT NULL,
  `data` longblob DEFAULT NULL,
  PRIMARY KEY (`id`),
  KEY `fk_audit_mail_entry_id` (`entry_id`),
  CONSTRAINT `fk_audit_mail_entry_id` FOREIGN KEY (`entry_id`) REFERENCES `audit_entry` (`id`)
) ENGINE=InnoDB DEFAULT CHARSET=utf8;

--
-- Dumping data for table `audit_mail`
--

/*!40000 ALTER TABLE `audit_mail` DISABLE KEYS */;
/*!40000 ALTER TABLE `audit_mail` ENABLE KEYS */;


--
-- Definition of table `audit_trail`
--

DROP TABLE IF EXISTS `audit_trail`;
CREATE TABLE `audit_trail` (
  `id` int(11) NOT NULL AUTO_INCREMENT,
  `entry_id` int(11) DEFAULT NULL,
  `user_id` int(11) DEFAULT NULL,
  `action` varchar(255) NOT NULL,
  `model` varchar(255) NOT NULL,
  `model_id` varchar(255) NOT NULL,
  `field` varchar(255) DEFAULT NULL,
  `old_value` text DEFAULT NULL,
  `new_value` text DEFAULT NULL,
  `created` datetime NOT NULL,
  PRIMARY KEY (`id`),
  KEY `fk_audit_trail_entry_id` (`entry_id`),
  KEY `idx_audit_user_id` (`user_id`),
  KEY `idx_audit_trail_field` (`model`,`model_id`,`field`),
  KEY `idx_audit_trail_action` (`action`),
  CONSTRAINT `fk_audit_trail_entry_id` FOREIGN KEY (`entry_id`) REFERENCES `audit_entry` (`id`)
) ENGINE=InnoDB DEFAULT CHARSET=utf8;

--
-- Dumping data for table `audit_trail`
--

/*!40000 ALTER TABLE `audit_trail` DISABLE KEYS */;
/*!40000 ALTER TABLE `audit_trail` ENABLE KEYS */;


--
-- Definition of table `auth_assignment`
--

DROP TABLE IF EXISTS `auth_assignment`;
CREATE TABLE `auth_assignment` (
  `item_name` varchar(64) COLLATE utf8_unicode_ci NOT NULL,
  `user_id` varchar(64) COLLATE utf8_unicode_ci NOT NULL,
  `created_at` int(11) DEFAULT NULL,
  PRIMARY KEY (`item_name`,`user_id`),
  KEY `idx-auth_assignment-user_id` (`user_id`),
  CONSTRAINT `auth_assignment_ibfk_1` FOREIGN KEY (`item_name`) REFERENCES `auth_item` (`name`) ON DELETE CASCADE ON UPDATE CASCADE
) ENGINE=InnoDB DEFAULT CHARSET=utf8 COLLATE=utf8_unicode_ci;

--
-- Dumping data for table `auth_assignment`
--

/*!40000 ALTER TABLE `auth_assignment` DISABLE KEYS */;
INSERT INTO `auth_assignment` (`item_name`,`user_id`,`created_at`) VALUES 
 ('	super-admin permissions','1',1614303768),
 ('accounts Roles','1',1614303829),
 ('accounts Roles','31',1598421461),
 ('Bd Roles','1',1614303819),
 ('can-approve-credits-allocated','13',1598366668),
 ('can-approve-credits-allocated','31',1598423687),
 ('can-approve-credits-allocated','35',1603444974),
 ('can-approve-credits-allocated','6',1598601563),
 ('can-approve-postpaid-clients','6',1598601414),
 ('can-approve-route-buying-price','31',1598424032),
 ('can-approve-route-buying-price','6',1598601566),
 ('can-approve-route-selling-price','31',1598423901),
 ('can-approve-route-selling-price','6',1598601571),
 ('can-approve-schedule-sms','38',1598601057),
 ('can-approve-senderIDS','31',1598505268),
 ('can-approve-senderIDS','35',1603444229),
 ('can-approve-senderIDS','6',1598601057),
 ('can-approve-shortcodes','31',1598505271),
 ('can-approve-shortcodes','35',1603444619),
 ('can-approve-shortcodes','6',1598601060),
 ('client-admin','4',1598422779),
 ('super-admin Roles','1',1614303835);
/*!40000 ALTER TABLE `auth_assignment` ENABLE KEYS */;


--
-- Definition of table `auth_item`
--

DROP TABLE IF EXISTS `auth_item`;
CREATE TABLE `auth_item` (
  `name` varchar(64) COLLATE utf8_unicode_ci NOT NULL,
  `type` smallint(6) NOT NULL,
  `description` text COLLATE utf8_unicode_ci DEFAULT NULL,
  `rule_name` varchar(64) COLLATE utf8_unicode_ci DEFAULT NULL,
  `data` blob DEFAULT NULL,
  `created_at` int(11) DEFAULT NULL,
  `updated_at` int(11) DEFAULT NULL,
  PRIMARY KEY (`name`),
  KEY `rule_name` (`rule_name`),
  KEY `idx-auth_item-type` (`type`),
  CONSTRAINT `auth_item_ibfk_1` FOREIGN KEY (`rule_name`) REFERENCES `auth_rule` (`name`) ON DELETE SET NULL ON UPDATE CASCADE
) ENGINE=InnoDB DEFAULT CHARSET=utf8 COLLATE=utf8_unicode_ci;

--
-- Dumping data for table `auth_item`
--

/*!40000 ALTER TABLE `auth_item` DISABLE KEYS */;
INSERT INTO `auth_item` (`name`,`type`,`description`,`rule_name`,`data`,`created_at`,`updated_at`) VALUES 
 ('	super-admin permissions',2,'	super-admin permissions',NULL,NULL,1598364094,1598364094),
 ('/*',2,NULL,NULL,NULL,1598364189,1598364189),
 ('/admin-reports/*',2,NULL,NULL,NULL,1598364188,1598364188),
 ('/admin-reports/index',2,NULL,NULL,NULL,1598364188,1598364188),
 ('/admin/*',2,NULL,NULL,NULL,1598364188,1598364188),
 ('/admin/assignment/*',2,NULL,NULL,NULL,1598364188,1598364188),
 ('/admin/assignment/assign',2,NULL,NULL,NULL,1598364188,1598364188),
 ('/admin/assignment/index',2,NULL,NULL,NULL,1598364188,1598364188),
 ('/admin/assignment/revoke',2,NULL,NULL,NULL,1598364188,1598364188),
 ('/admin/assignment/view',2,NULL,NULL,NULL,1598364188,1598364188),
 ('/admin/default/*',2,NULL,NULL,NULL,1598364188,1598364188),
 ('/admin/default/index',2,NULL,NULL,NULL,1598364188,1598364188),
 ('/admin/menu/*',2,NULL,NULL,NULL,1598364188,1598364188),
 ('/admin/menu/create',2,NULL,NULL,NULL,1598364188,1598364188),
 ('/admin/menu/delete',2,NULL,NULL,NULL,1598364188,1598364188),
 ('/admin/menu/index',2,NULL,NULL,NULL,1598364188,1598364188),
 ('/admin/menu/update',2,NULL,NULL,NULL,1598364188,1598364188),
 ('/admin/menu/view',2,NULL,NULL,NULL,1598364188,1598364188),
 ('/admin/permission/*',2,NULL,NULL,NULL,1598364188,1598364188),
 ('/admin/permission/assign',2,NULL,NULL,NULL,1598364188,1598364188),
 ('/admin/permission/create',2,NULL,NULL,NULL,1598364188,1598364188),
 ('/admin/permission/delete',2,NULL,NULL,NULL,1598364188,1598364188),
 ('/admin/permission/index',2,NULL,NULL,NULL,1598364188,1598364188),
 ('/admin/permission/remove',2,NULL,NULL,NULL,1598364188,1598364188),
 ('/admin/permission/update',2,NULL,NULL,NULL,1598364188,1598364188),
 ('/admin/permission/view',2,NULL,NULL,NULL,1598364188,1598364188),
 ('/admin/role/*',2,NULL,NULL,NULL,1598364188,1598364188),
 ('/admin/role/assign',2,NULL,NULL,NULL,1598364188,1598364188),
 ('/admin/role/create',2,NULL,NULL,NULL,1598364188,1598364188),
 ('/admin/role/delete',2,NULL,NULL,NULL,1598364188,1598364188),
 ('/admin/role/index',2,NULL,NULL,NULL,1598364188,1598364188),
 ('/admin/role/remove',2,NULL,NULL,NULL,1598364188,1598364188),
 ('/admin/role/update',2,NULL,NULL,NULL,1598364188,1598364188),
 ('/admin/role/view',2,NULL,NULL,NULL,1598364188,1598364188),
 ('/admin/route/*',2,NULL,NULL,NULL,1598364188,1598364188),
 ('/admin/route/assign',2,NULL,NULL,NULL,1598364188,1598364188),
 ('/admin/route/create',2,NULL,NULL,NULL,1598364188,1598364188),
 ('/admin/route/index',2,NULL,NULL,NULL,1598364188,1598364188),
 ('/admin/route/refresh',2,NULL,NULL,NULL,1598364188,1598364188),
 ('/admin/route/remove',2,NULL,NULL,NULL,1598364188,1598364188),
 ('/admin/rule/*',2,NULL,NULL,NULL,1598364188,1598364188),
 ('/admin/rule/create',2,NULL,NULL,NULL,1598364188,1598364188),
 ('/admin/rule/delete',2,NULL,NULL,NULL,1598364188,1598364188),
 ('/admin/rule/index',2,NULL,NULL,NULL,1598364188,1598364188),
 ('/admin/rule/update',2,NULL,NULL,NULL,1598364188,1598364188),
 ('/admin/rule/view',2,NULL,NULL,NULL,1598364188,1598364188),
 ('/admin/user/*',2,NULL,NULL,NULL,1598364188,1598364188),
 ('/admin/user/activate',2,NULL,NULL,NULL,1598364188,1598364188),
 ('/admin/user/change-password',2,NULL,NULL,NULL,1598364188,1598364188),
 ('/admin/user/delete',2,NULL,NULL,NULL,1598364188,1598364188),
 ('/admin/user/index',2,NULL,NULL,NULL,1598364188,1598364188),
 ('/admin/user/login',2,NULL,NULL,NULL,1598364188,1598364188),
 ('/admin/user/logout',2,NULL,NULL,NULL,1598364188,1598364188),
 ('/admin/user/request-password-reset',2,NULL,NULL,NULL,1598364188,1598364188),
 ('/admin/user/reset-password',2,NULL,NULL,NULL,1598364188,1598364188),
 ('/admin/user/signup',2,NULL,NULL,NULL,1598364188,1598364188),
 ('/admin/user/view',2,NULL,NULL,NULL,1598364188,1598364188),
 ('/audit/*',2,NULL,NULL,NULL,1598364188,1598364188),
 ('/audit/default/*',2,NULL,NULL,NULL,1598364188,1598364188),
 ('/audit/default/index',2,NULL,NULL,NULL,1598364188,1598364188),
 ('/audit/entry/*',2,NULL,NULL,NULL,1598364188,1598364188),
 ('/audit/entry/index',2,NULL,NULL,NULL,1598364188,1598364188),
 ('/audit/entry/view',2,NULL,NULL,NULL,1598364188,1598364188),
 ('/audit/error/*',2,NULL,NULL,NULL,1598364188,1598364188),
 ('/audit/error/index',2,NULL,NULL,NULL,1598364188,1598364188),
 ('/audit/error/view',2,NULL,NULL,NULL,1598364188,1598364188),
 ('/audit/javascript/*',2,NULL,NULL,NULL,1598364188,1598364188),
 ('/audit/javascript/index',2,NULL,NULL,NULL,1598364188,1598364188),
 ('/audit/javascript/view',2,NULL,NULL,NULL,1598364188,1598364188),
 ('/audit/js-log/*',2,NULL,NULL,NULL,1598364188,1598364188),
 ('/audit/js-log/index',2,NULL,NULL,NULL,1598364188,1598364188),
 ('/audit/mail/*',2,NULL,NULL,NULL,1598364188,1598364188),
 ('/audit/mail/download',2,NULL,NULL,NULL,1598364188,1598364188),
 ('/audit/mail/index',2,NULL,NULL,NULL,1598364188,1598364188),
 ('/audit/mail/view',2,NULL,NULL,NULL,1598364188,1598364188),
 ('/audit/mail/view-html',2,NULL,NULL,NULL,1598364188,1598364188),
 ('/audit/trail/*',2,NULL,NULL,NULL,1598364188,1598364188),
 ('/audit/trail/index',2,NULL,NULL,NULL,1598364188,1598364188),
 ('/audit/trail/view',2,NULL,NULL,NULL,1598364188,1598364188),
 ('/buying-price-setup/*',2,NULL,NULL,NULL,1598364188,1598364188),
 ('/buying-price-setup/create',2,NULL,NULL,NULL,1598364188,1598364188),
 ('/buying-price-setup/delete',2,NULL,NULL,NULL,1598364188,1598364188),
 ('/buying-price-setup/index',2,NULL,NULL,NULL,1598364188,1598364188),
 ('/buying-price-setup/update',2,NULL,NULL,NULL,1598364188,1598364188),
 ('/buying-price-setup/view',2,NULL,NULL,NULL,1598364188,1598364188),
 ('/change-limit-requests/*',2,NULL,NULL,NULL,1598364188,1598364188),
 ('/change-limit-requests/create',2,NULL,NULL,NULL,1598364188,1598364188),
 ('/change-limit-requests/delete',2,NULL,NULL,NULL,1598364188,1598364188),
 ('/change-limit-requests/index',2,NULL,NULL,NULL,1598364188,1598364188),
 ('/change-limit-requests/update',2,NULL,NULL,NULL,1598364188,1598364188),
 ('/change-limit-requests/view',2,NULL,NULL,NULL,1598364188,1598364188),
 ('/client-sender-ids/*',2,NULL,NULL,NULL,1598364188,1598364188),
 ('/client-sender-ids/activate',2,NULL,NULL,NULL,1598364188,1598364188),
 ('/client-sender-ids/create',2,NULL,NULL,NULL,1598364188,1598364188),
 ('/client-sender-ids/delete',2,NULL,NULL,NULL,1598364188,1598364188),
 ('/client-sender-ids/index',2,NULL,NULL,NULL,1598364188,1598364188),
 ('/client-sender-ids/update',2,NULL,NULL,NULL,1598364188,1598364188),
 ('/client-sender-ids/view',2,NULL,NULL,NULL,1598364188,1598364188),
 ('/client-short-codes-ids/*',2,NULL,NULL,NULL,1598364188,1598364188),
 ('/client-short-codes-ids/activate',2,NULL,NULL,NULL,1598364188,1598364188),
 ('/client-short-codes-ids/create',2,NULL,NULL,NULL,1598364188,1598364188),
 ('/client-short-codes-ids/delete',2,NULL,NULL,NULL,1598364188,1598364188),
 ('/client-short-codes-ids/index',2,NULL,NULL,NULL,1598364188,1598364188),
 ('/client-short-codes-ids/update',2,NULL,NULL,NULL,1598364188,1598364188),
 ('/client-short-codes-ids/view',2,NULL,NULL,NULL,1598364188,1598364188),
 ('/clients-selling-price-setup/*',2,NULL,NULL,NULL,1598364188,1598364188),
 ('/clients-selling-price-setup/create',2,NULL,NULL,NULL,1598364188,1598364188),
 ('/clients-selling-price-setup/delete',2,NULL,NULL,NULL,1598364188,1598364188),
 ('/clients-selling-price-setup/index',2,NULL,NULL,NULL,1598364188,1598364188),
 ('/clients-selling-price-setup/update',2,NULL,NULL,NULL,1598364188,1598364188),
 ('/clients-selling-price-setup/view',2,NULL,NULL,NULL,1598364188,1598364188),
 ('/clients/*',2,NULL,NULL,NULL,1598364188,1598364188),
 ('/clients/activate',2,NULL,NULL,NULL,1598364188,1598364188),
 ('/clients/assign-sender-ids',2,NULL,NULL,NULL,1598364188,1598364188),
 ('/clients/assign-short-codes',2,NULL,NULL,NULL,1598364188,1598364188),
 ('/clients/create',2,NULL,NULL,NULL,1598364188,1598364188),
 ('/clients/create-selling-price',2,NULL,NULL,NULL,1598364188,1598364188),
 ('/clients/create-user',2,NULL,NULL,NULL,1598364188,1598364188),
 ('/clients/delete',2,NULL,NULL,NULL,1598364188,1598364188),
 ('/clients/funds-allocations',2,NULL,NULL,NULL,1598364188,1598364188),
 ('/clients/index',2,NULL,NULL,NULL,1598364188,1598364188),
 ('/clients/profile',2,NULL,NULL,NULL,1598364188,1598364188),
 ('/clients/update',2,NULL,NULL,NULL,1598364188,1598364188),
 ('/clients/view',2,NULL,NULL,NULL,1598364188,1598364188),
 ('/contact-groups/*',2,NULL,NULL,NULL,1598364188,1598364188),
 ('/contact-groups/add-contacts',2,NULL,NULL,NULL,1598364188,1598364188),
 ('/contact-groups/create',2,NULL,NULL,NULL,1598364188,1598364188),
 ('/contact-groups/create2',2,NULL,NULL,NULL,1598364188,1598364188),
 ('/contact-groups/delete',2,NULL,NULL,NULL,1598364188,1598364188),
 ('/contact-groups/delete-contact',2,NULL,NULL,NULL,1598364188,1598364188),
 ('/contact-groups/download',2,NULL,NULL,NULL,1598364188,1598364188),
 ('/contact-groups/index',2,NULL,NULL,NULL,1598364188,1598364188),
 ('/contact-groups/populate-message',2,NULL,NULL,NULL,1598364188,1598364188),
 ('/contact-groups/update',2,NULL,NULL,NULL,1598364188,1598364188),
 ('/contact-groups/view',2,NULL,NULL,NULL,1598364188,1598364188),
 ('/contacts/*',2,NULL,NULL,NULL,1598364188,1598364188),
 ('/contacts/create',2,NULL,NULL,NULL,1598364188,1598364188),
 ('/contacts/ddelete',2,NULL,NULL,NULL,1598364188,1598364188),
 ('/contacts/delete',2,NULL,NULL,NULL,1598364188,1598364188),
 ('/contacts/index',2,NULL,NULL,NULL,1598364188,1598364188),
 ('/contacts/update',2,NULL,NULL,NULL,1598364188,1598364188),
 ('/contacts/view',2,NULL,NULL,NULL,1598364188,1598364188),
 ('/countries/*',2,NULL,NULL,NULL,1598364188,1598364188),
 ('/countries/create',2,NULL,NULL,NULL,1598364188,1598364188),
 ('/countries/delete',2,NULL,NULL,NULL,1598364188,1598364188),
 ('/countries/index',2,NULL,NULL,NULL,1598364188,1598364188),
 ('/countries/update',2,NULL,NULL,NULL,1598364188,1598364188),
 ('/countries/view',2,NULL,NULL,NULL,1598364188,1598364188),
 ('/currencies/*',2,NULL,NULL,NULL,1598364188,1598364188),
 ('/currencies/create',2,NULL,NULL,NULL,1598364188,1598364188),
 ('/currencies/delete',2,NULL,NULL,NULL,1598364188,1598364188),
 ('/currencies/index',2,NULL,NULL,NULL,1598364188,1598364188),
 ('/currencies/update',2,NULL,NULL,NULL,1598364188,1598364188),
 ('/currencies/view',2,NULL,NULL,NULL,1598364188,1598364188),
 ('/currency-rates/*',2,NULL,NULL,NULL,1598364188,1598364188),
 ('/currency-rates/create',2,NULL,NULL,NULL,1598364188,1598364188),
 ('/currency-rates/delete',2,NULL,NULL,NULL,1598364188,1598364188),
 ('/currency-rates/index',2,NULL,NULL,NULL,1598364188,1598364188),
 ('/currency-rates/update',2,NULL,NULL,NULL,1598364188,1598364188),
 ('/currency-rates/view',2,NULL,NULL,NULL,1598364188,1598364188),
 ('/debug/*',2,NULL,NULL,NULL,1598364188,1598364188),
 ('/debug/default/*',2,NULL,NULL,NULL,1598364188,1598364188),
 ('/debug/default/db-explain',2,NULL,NULL,NULL,1598364188,1598364188),
 ('/debug/default/download-mail',2,NULL,NULL,NULL,1598364188,1598364188),
 ('/debug/default/index',2,NULL,NULL,NULL,1598364188,1598364188),
 ('/debug/default/toolbar',2,NULL,NULL,NULL,1598364188,1598364188),
 ('/debug/default/view',2,NULL,NULL,NULL,1598364188,1598364188),
 ('/debug/user/*',2,NULL,NULL,NULL,1598364188,1598364188),
 ('/debug/user/reset-identity',2,NULL,NULL,NULL,1598364188,1598364188),
 ('/debug/user/set-identity',2,NULL,NULL,NULL,1598364188,1598364188),
 ('/dlr/*',2,NULL,NULL,NULL,1598364188,1598364188),
 ('/dlr/index',2,NULL,NULL,NULL,1598364188,1598364188),
 ('/dnd/*',2,NULL,NULL,NULL,1598364188,1598364188),
 ('/dnd/create',2,NULL,NULL,NULL,1598364188,1598364188),
 ('/dnd/delete',2,NULL,NULL,NULL,1598364188,1598364188),
 ('/dnd/index',2,NULL,NULL,NULL,1598364188,1598364188),
 ('/dnd/update',2,NULL,NULL,NULL,1598364188,1598364188),
 ('/dnd/view',2,NULL,NULL,NULL,1598364188,1598364188),
 ('/favourite-client-bills/*',2,NULL,NULL,NULL,1598364188,1598364188),
 ('/favourite-client-bills/create',2,NULL,NULL,NULL,1598364188,1598364188),
 ('/favourite-client-bills/delete',2,NULL,NULL,NULL,1598364188,1598364188),
 ('/favourite-client-bills/index',2,NULL,NULL,NULL,1598364188,1598364188),
 ('/favourite-client-bills/update',2,NULL,NULL,NULL,1598364188,1598364188),
 ('/favourite-client-bills/view',2,NULL,NULL,NULL,1598364188,1598364188),
 ('/gii/*',2,NULL,NULL,NULL,1598364188,1598364188),
 ('/gii/default/*',2,NULL,NULL,NULL,1598364188,1598364188),
 ('/gii/default/action',2,NULL,NULL,NULL,1598364188,1598364188),
 ('/gii/default/diff',2,NULL,NULL,NULL,1598364188,1598364188),
 ('/gii/default/index',2,NULL,NULL,NULL,1598364188,1598364188),
 ('/gii/default/preview',2,NULL,NULL,NULL,1598364188,1598364188),
 ('/gii/default/view',2,NULL,NULL,NULL,1598364188,1598364188),
 ('/gridview/*',2,NULL,NULL,NULL,1598364188,1598364188),
 ('/gridview/export/*',2,NULL,NULL,NULL,1598364188,1598364188),
 ('/gridview/export/download',2,NULL,NULL,NULL,1598364188,1598364188),
 ('/inbound/*',2,NULL,NULL,NULL,1598364189,1598364189),
 ('/inbound/create',2,NULL,NULL,NULL,1598364189,1598364189),
 ('/inbound/delete',2,NULL,NULL,NULL,1598364189,1598364189),
 ('/inbound/index',2,NULL,NULL,NULL,1598364189,1598364189),
 ('/inbound/update',2,NULL,NULL,NULL,1598364189,1598364189),
 ('/inbound/view',2,NULL,NULL,NULL,1598364189,1598364189),
 ('/jobs/*',2,NULL,NULL,NULL,1598364189,1598364189),
 ('/jobs/create',2,NULL,NULL,NULL,1598364189,1598364189),
 ('/jobs/delete',2,NULL,NULL,NULL,1598364189,1598364189),
 ('/jobs/index',2,NULL,NULL,NULL,1598364189,1598364189),
 ('/jobs/update',2,NULL,NULL,NULL,1598364189,1598364189),
 ('/jobs/view',2,NULL,NULL,NULL,1598364189,1598364189),
 ('/kannel/*',2,NULL,NULL,NULL,1598364189,1598364189),
 ('/kannel/add-http-smsc',2,NULL,NULL,NULL,1598364189,1598364189),
 ('/kannel/add-smpp-client',2,NULL,NULL,NULL,1598364189,1598364189),
 ('/kannel/add-smpp-smsc',2,NULL,NULL,NULL,1598364189,1598364189),
 ('/kannel/reload-smsc',2,NULL,NULL,NULL,1598364189,1598364189),
 ('/kannel/remove-smpp-client-credentials',2,NULL,NULL,NULL,1598364189,1598364189),
 ('/kannel/remove-smsc',2,NULL,NULL,NULL,1598364189,1598364189),
 ('/kannel/restart',2,NULL,NULL,NULL,1598364189,1598364189),
 ('/kannel/smpp-clients',2,NULL,NULL,NULL,1598364189,1598364189),
 ('/kannel/status',2,NULL,NULL,NULL,1598364189,1598364189),
 ('/kannel/view-smsc',2,NULL,NULL,NULL,1598364189,1598364189),
 ('/ledgers/*',2,NULL,NULL,NULL,1598364189,1598364189),
 ('/ledgers/create',2,NULL,NULL,NULL,1598364189,1598364189),
 ('/ledgers/delete',2,NULL,NULL,NULL,1598364189,1598364189),
 ('/ledgers/index',2,NULL,NULL,NULL,1598364189,1598364189),
 ('/ledgers/update',2,NULL,NULL,NULL,1598364189,1598364189),
 ('/ledgers/view',2,NULL,NULL,NULL,1598364189,1598364189),
 ('/merchants/*',2,NULL,NULL,NULL,1598364189,1598364189),
 ('/merchants/create',2,NULL,NULL,NULL,1598364189,1598364189),
 ('/merchants/delete',2,NULL,NULL,NULL,1598364189,1598364189),
 ('/merchants/index',2,NULL,NULL,NULL,1598364189,1598364189),
 ('/merchants/update',2,NULL,NULL,NULL,1598364189,1598364189),
 ('/merchants/view',2,NULL,NULL,NULL,1598364189,1598364189),
 ('/network-prefixes/*',2,NULL,NULL,NULL,1598364189,1598364189),
 ('/network-prefixes/create',2,NULL,NULL,NULL,1598364189,1598364189),
 ('/network-prefixes/delete',2,NULL,NULL,NULL,1598364189,1598364189),
 ('/network-prefixes/index',2,NULL,NULL,NULL,1598364189,1598364189),
 ('/network-prefixes/update',2,NULL,NULL,NULL,1598364189,1598364189),
 ('/network-prefixes/view',2,NULL,NULL,NULL,1598364189,1598364189),
 ('/networks/*',2,NULL,NULL,NULL,1598364189,1598364189),
 ('/networks/create',2,NULL,NULL,NULL,1598364189,1598364189),
 ('/networks/delete',2,NULL,NULL,NULL,1598364189,1598364189),
 ('/networks/index',2,NULL,NULL,NULL,1598364189,1598364189),
 ('/networks/update',2,NULL,NULL,NULL,1598364189,1598364189),
 ('/networks/view',2,NULL,NULL,NULL,1598364189,1598364189),
 ('/outbound/*',2,NULL,NULL,NULL,1598364189,1598364189),
 ('/outbound/create',2,NULL,NULL,NULL,1598364189,1598364189),
 ('/outbound/delete',2,NULL,NULL,NULL,1598364189,1598364189),
 ('/outbound/index',2,NULL,NULL,NULL,1598364189,1598364189),
 ('/outbound/sms-info',2,NULL,NULL,NULL,1598364189,1598364189),
 ('/outbound/update',2,NULL,NULL,NULL,1598364189,1598364189),
 ('/outbound/view',2,NULL,NULL,NULL,1598364189,1598364189),
 ('/outgoing-airtime/*',2,NULL,NULL,NULL,1598364189,1598364189),
 ('/outgoing-airtime/create',2,NULL,NULL,NULL,1598364189,1598364189),
 ('/outgoing-airtime/delete',2,NULL,NULL,NULL,1598364189,1598364189),
 ('/outgoing-airtime/index',2,NULL,NULL,NULL,1598364189,1598364189),
 ('/outgoing-airtime/update',2,NULL,NULL,NULL,1598364189,1598364189),
 ('/outgoing-airtime/view',2,NULL,NULL,NULL,1598364189,1598364189),
 ('/outgoing-payments/*',2,NULL,NULL,NULL,1598364189,1598364189),
 ('/outgoing-payments/create',2,NULL,NULL,NULL,1598364189,1598364189),
 ('/outgoing-payments/delete',2,NULL,NULL,NULL,1598364189,1598364189),
 ('/outgoing-payments/index',2,NULL,NULL,NULL,1598364189,1598364189),
 ('/outgoing-payments/update',2,NULL,NULL,NULL,1598364189,1598364189),
 ('/outgoing-payments/view',2,NULL,NULL,NULL,1598364189,1598364189),
 ('/payment-reversals/*',2,NULL,NULL,NULL,1598364189,1598364189),
 ('/payment-reversals/create',2,NULL,NULL,NULL,1598364189,1598364189),
 ('/payment-reversals/delete',2,NULL,NULL,NULL,1598364189,1598364189),
 ('/payment-reversals/index',2,NULL,NULL,NULL,1598364189,1598364189),
 ('/payment-reversals/update',2,NULL,NULL,NULL,1598364189,1598364189),
 ('/payment-reversals/view',2,NULL,NULL,NULL,1598364189,1598364189),
 ('/payments/*',2,NULL,NULL,NULL,1598364189,1598364189),
 ('/payments/create',2,NULL,NULL,NULL,1598364189,1598364189),
 ('/payments/delete',2,NULL,NULL,NULL,1598364189,1598364189),
 ('/payments/download',2,NULL,NULL,NULL,1598364189,1598364189),
 ('/payments/index',2,NULL,NULL,NULL,1598364189,1598364189),
 ('/payments/invoice',2,NULL,NULL,NULL,1598364189,1598364189),
 ('/payments/pdf',2,NULL,NULL,NULL,1598364189,1598364189),
 ('/payments/update',2,NULL,NULL,NULL,1598364189,1598364189),
 ('/payments/view',2,NULL,NULL,NULL,1598364189,1598364189),
 ('/permissions/*',2,NULL,NULL,NULL,1598364189,1598364189),
 ('/permissions/index',2,NULL,NULL,NULL,1598364189,1598364189),
 ('/ported-numbers/*',2,NULL,NULL,NULL,1598364189,1598364189),
 ('/ported-numbers/create',2,NULL,NULL,NULL,1598364189,1598364189),
 ('/ported-numbers/delete',2,NULL,NULL,NULL,1598364189,1598364189),
 ('/ported-numbers/index',2,NULL,NULL,NULL,1598364189,1598364189),
 ('/ported-numbers/update',2,NULL,NULL,NULL,1598364189,1598364189),
 ('/ported-numbers/view',2,NULL,NULL,NULL,1598364189,1598364189),
 ('/providers/*',2,NULL,NULL,NULL,1598364189,1598364189),
 ('/providers/create',2,NULL,NULL,NULL,1598364189,1598364189),
 ('/providers/delete',2,NULL,NULL,NULL,1598364189,1598364189),
 ('/providers/index',2,NULL,NULL,NULL,1598364189,1598364189),
 ('/providers/update',2,NULL,NULL,NULL,1598364189,1598364189),
 ('/providers/view',2,NULL,NULL,NULL,1598364189,1598364189),
 ('/reports/*',2,NULL,NULL,NULL,1598364189,1598364189),
 ('/reports/create',2,NULL,NULL,NULL,1598364189,1598364189),
 ('/reports/delete',2,NULL,NULL,NULL,1598364189,1598364189),
 ('/reports/index',2,NULL,NULL,NULL,1598364189,1598364189),
 ('/reports/update',2,NULL,NULL,NULL,1598364189,1598364189),
 ('/reports/view',2,NULL,NULL,NULL,1598364189,1598364189),
 ('/roles/*',2,NULL,NULL,NULL,1598364189,1598364189),
 ('/roles/create',2,NULL,NULL,NULL,1598364189,1598364189),
 ('/roles/delete',2,NULL,NULL,NULL,1598364189,1598364189),
 ('/roles/edit',2,NULL,NULL,NULL,1598364189,1598364189),
 ('/roles/index',2,NULL,NULL,NULL,1598364189,1598364189),
 ('/roles/update',2,NULL,NULL,NULL,1598364189,1598364189),
 ('/roles/view',2,NULL,NULL,NULL,1598364189,1598364189),
 ('/route-mapping/*',2,NULL,NULL,NULL,1598364189,1598364189),
 ('/route-mapping/create-client',2,NULL,NULL,NULL,1598364189,1598364189),
 ('/route-mapping/create-default',2,NULL,NULL,NULL,1598364189,1598364189),
 ('/route-mapping/delete',2,NULL,NULL,NULL,1598364189,1598364189),
 ('/route-mapping/get-buying-price',2,NULL,NULL,NULL,1598364189,1598364189),
 ('/route-mapping/get-selling-price',2,NULL,NULL,NULL,1598364189,1598364189),
 ('/route-mapping/index',2,NULL,NULL,NULL,1598364189,1598364189),
 ('/route-mapping/update',2,NULL,NULL,NULL,1598364189,1598364189),
 ('/route-mapping/update-default',2,NULL,NULL,NULL,1598364189,1598364189),
 ('/route-mapping/view',2,NULL,NULL,NULL,1598364189,1598364189),
 ('/routes/*',2,NULL,NULL,NULL,1598364189,1598364189),
 ('/routes/create',2,NULL,NULL,NULL,1598364189,1598364189),
 ('/routes/delete',2,NULL,NULL,NULL,1598364189,1598364189),
 ('/routes/index',2,NULL,NULL,NULL,1598364189,1598364189),
 ('/routes/update',2,NULL,NULL,NULL,1598364189,1598364189),
 ('/routes/view',2,NULL,NULL,NULL,1598364189,1598364189),
 ('/scheduled-airtime/*',2,NULL,NULL,NULL,1598364189,1598364189),
 ('/scheduled-airtime/create',2,NULL,NULL,NULL,1598364189,1598364189),
 ('/scheduled-airtime/delete',2,NULL,NULL,NULL,1598364189,1598364189),
 ('/scheduled-airtime/index',2,NULL,NULL,NULL,1598364189,1598364189),
 ('/scheduled-airtime/update',2,NULL,NULL,NULL,1598364189,1598364189),
 ('/scheduled-airtime/view',2,NULL,NULL,NULL,1598364189,1598364189),
 ('/scheduled-messages/*',2,NULL,NULL,NULL,1598364189,1598364189),
 ('/scheduled-messages/create',2,NULL,NULL,NULL,1598364189,1598364189),
 ('/scheduled-messages/delete',2,NULL,NULL,NULL,1598364189,1598364189),
 ('/scheduled-messages/index',2,NULL,NULL,NULL,1598364189,1598364189),
 ('/scheduled-messages/scheduled-info',2,NULL,NULL,NULL,1598364189,1598364189),
 ('/scheduled-messages/update',2,NULL,NULL,NULL,1598364189,1598364189),
 ('/scheduled-messages/view',2,NULL,NULL,NULL,1598364189,1598364189),
 ('/scheduled-payments/*',2,NULL,NULL,NULL,1598364189,1598364189),
 ('/scheduled-payments/create',2,NULL,NULL,NULL,1598364189,1598364189),
 ('/scheduled-payments/delete',2,NULL,NULL,NULL,1598364189,1598364189),
 ('/scheduled-payments/index',2,NULL,NULL,NULL,1598364189,1598364189),
 ('/scheduled-payments/update',2,NULL,NULL,NULL,1598364189,1598364189),
 ('/scheduled-payments/view',2,NULL,NULL,NULL,1598364189,1598364189),
 ('/sender-ids/*',2,NULL,NULL,NULL,1598364189,1598364189),
 ('/sender-ids/create',2,NULL,NULL,NULL,1598364189,1598364189),
 ('/sender-ids/delete',2,NULL,NULL,NULL,1598364189,1598364189),
 ('/sender-ids/index',2,NULL,NULL,NULL,1598364189,1598364189),
 ('/sender-ids/update',2,NULL,NULL,NULL,1598364189,1598364189),
 ('/sender-ids/view',2,NULL,NULL,NULL,1598364189,1598364189),
 ('/short-codes/*',2,NULL,NULL,NULL,1598364189,1598364189),
 ('/short-codes/create',2,NULL,NULL,NULL,1598364189,1598364189),
 ('/short-codes/delete',2,NULL,NULL,NULL,1598364189,1598364189),
 ('/short-codes/index',2,NULL,NULL,NULL,1598364189,1598364189),
 ('/short-codes/update',2,NULL,NULL,NULL,1598364189,1598364189),
 ('/short-codes/view',2,NULL,NULL,NULL,1598364189,1598364189),
 ('/single-sms/*',2,NULL,NULL,NULL,1598364189,1598364189),
 ('/single-sms/index',2,NULL,NULL,NULL,1598364189,1598364189),
 ('/site/*',2,NULL,NULL,NULL,1598364189,1598364189),
 ('/site/dashboard',2,NULL,NULL,NULL,1598364189,1598364189),
 ('/site/error',2,NULL,NULL,NULL,1598364189,1598364189),
 ('/site/fa',2,NULL,NULL,NULL,1598364189,1598364189),
 ('/site/index',2,NULL,NULL,NULL,1598364189,1598364189),
 ('/site/login',2,NULL,NULL,NULL,1598364189,1598364189),
 ('/site/logout',2,NULL,NULL,NULL,1598364189,1598364189),
 ('/site/reset-password',2,NULL,NULL,NULL,1598364189,1598364189),
 ('/site/set-password',2,NULL,NULL,NULL,1598364189,1598364189),
 ('/site/signup',2,NULL,NULL,NULL,1598364189,1598364189),
 ('/site/verify-email',2,NULL,NULL,NULL,1598364189,1598364189),
 ('/social/*',2,NULL,NULL,NULL,1598364188,1598364188),
 ('/taxes/*',2,NULL,NULL,NULL,1598364189,1598364189),
 ('/taxes/create',2,NULL,NULL,NULL,1598364189,1598364189),
 ('/taxes/delete',2,NULL,NULL,NULL,1598364189,1598364189),
 ('/taxes/index',2,NULL,NULL,NULL,1598364189,1598364189),
 ('/taxes/update',2,NULL,NULL,NULL,1598364189,1598364189),
 ('/taxes/view',2,NULL,NULL,NULL,1598364189,1598364189),
 ('/user-roles/*',2,NULL,NULL,NULL,1598364189,1598364189),
 ('/user-roles/create',2,NULL,NULL,NULL,1598364189,1598364189),
 ('/user-roles/delete',2,NULL,NULL,NULL,1598364189,1598364189),
 ('/user-roles/index',2,NULL,NULL,NULL,1598364189,1598364189),
 ('/user-roles/update',2,NULL,NULL,NULL,1598364189,1598364189),
 ('/user-roles/view',2,NULL,NULL,NULL,1598364189,1598364189),
 ('/users/*',2,NULL,NULL,NULL,1598364189,1598364189),
 ('/users/activate',2,NULL,NULL,NULL,1598364189,1598364189),
 ('/users/create',2,NULL,NULL,NULL,1598364189,1598364189),
 ('/users/delete',2,NULL,NULL,NULL,1598364189,1598364189),
 ('/users/index',2,NULL,NULL,NULL,1598364189,1598364189),
 ('/users/reset',2,NULL,NULL,NULL,1598364189,1598364189),
 ('/users/update',2,NULL,NULL,NULL,1598364189,1598364189),
 ('/users/view',2,NULL,NULL,NULL,1598364189,1598364189),
 ('/workflow-history/*',2,NULL,NULL,NULL,1598364189,1598364189),
 ('/workflow-history/create',2,NULL,NULL,NULL,1598364189,1598364189),
 ('/workflow-history/delete',2,NULL,NULL,NULL,1598364189,1598364189),
 ('/workflow-history/index',2,NULL,NULL,NULL,1598364189,1598364189),
 ('/workflow-history/update',2,NULL,NULL,NULL,1598364189,1598364189),
 ('/workflow-history/view',2,NULL,NULL,NULL,1598364189,1598364189),
 ('/workflow/*',2,NULL,NULL,NULL,1598364189,1598364189),
 ('/workflow/create',2,NULL,NULL,NULL,1598364189,1598364189),
 ('/workflow/delete',2,NULL,NULL,NULL,1598364189,1598364189),
 ('/workflow/index',2,NULL,NULL,NULL,1598364189,1598364189),
 ('/workflow/update',2,NULL,NULL,NULL,1598364189,1598364189),
 ('/workflow/view',2,NULL,NULL,NULL,1598364189,1598364189),
 ('accounts permissions',2,'accounts permissions',NULL,NULL,1598364165,1598364165),
 ('accounts Roles',1,'accounts Roles',NULL,NULL,1598363858,1598363858),
 ('Bd permissions',2,'Bd permissions',NULL,NULL,1598364151,1598364151),
 ('Bd Roles',1,'Bd Roles',NULL,NULL,1598363889,1598363889),
 ('can-approve-credits-allocated',1,'can-approve-credits-allocated',NULL,NULL,1598364013,1598366633),
 ('can-approve-postpaid-clients',1,'can-approve-postpaid-clients',NULL,NULL,1598363947,1598364032),
 ('can-approve-route-buying-price',1,'Permission to approve the buying price for different routes',NULL,NULL,1598424000,1598424000),
 ('can-approve-route-selling-price',1,'Permission to approve the selling price for different routes',NULL,NULL,1598421838,1598423129),
 ('can-approve-schedule-sms',1,'can-approve-schedule-sms',NULL,NULL,1598363930,1598363930),
 ('can-approve-senderIDS',1,'approve-senderIDS',NULL,NULL,1598363986,1598366586),
 ('can-approve-shortcodes',1,'can-approve-shortcodes',NULL,NULL,1598364068,1598364068),
 ('client-admin',1,'client-admin',NULL,NULL,1598363930,1598363930),
 ('client-user',1,'A default client user',NULL,NULL,1598424354,1598424354),
 ('content permissions',2,'content permissions',NULL,NULL,1598364136,1598364136),
 ('content Roles',1,'content Roles',NULL,NULL,1598363966,1598363966),
 ('read-only permissions',2,'read-only permissions',NULL,NULL,1598364103,1598364112),
 ('read-only Roles',1,'read-only Roles',NULL,NULL,1598363912,1598363912),
 ('super-admin Roles',1,'super-admin Roles',NULL,NULL,1598363837,1598363837);
/*!40000 ALTER TABLE `auth_item` ENABLE KEYS */;


--
-- Definition of table `auth_item_child`
--

DROP TABLE IF EXISTS `auth_item_child`;
CREATE TABLE `auth_item_child` (
  `parent` varchar(64) COLLATE utf8_unicode_ci NOT NULL,
  `child` varchar(64) COLLATE utf8_unicode_ci NOT NULL,
  PRIMARY KEY (`parent`,`child`),
  KEY `child` (`child`),
  CONSTRAINT `auth_item_child_ibfk_1` FOREIGN KEY (`parent`) REFERENCES `auth_item` (`name`) ON DELETE CASCADE ON UPDATE CASCADE,
  CONSTRAINT `auth_item_child_ibfk_2` FOREIGN KEY (`child`) REFERENCES `auth_item` (`name`) ON DELETE CASCADE ON UPDATE CASCADE
) ENGINE=InnoDB DEFAULT CHARSET=utf8 COLLATE=utf8_unicode_ci;

--
-- Dumping data for table `auth_item_child`
--

/*!40000 ALTER TABLE `auth_item_child` DISABLE KEYS */;
INSERT INTO `auth_item_child` (`parent`,`child`) VALUES 
 ('	super-admin permissions','/*'),
 ('	super-admin permissions','/admin-reports/*'),
 ('	super-admin permissions','/admin-reports/index'),
 ('	super-admin permissions','/admin/*'),
 ('	super-admin permissions','/admin/assignment/*'),
 ('	super-admin permissions','/admin/assignment/assign'),
 ('	super-admin permissions','/admin/assignment/index'),
 ('	super-admin permissions','/admin/assignment/revoke'),
 ('	super-admin permissions','/admin/assignment/view'),
 ('	super-admin permissions','/admin/default/*'),
 ('	super-admin permissions','/admin/default/index'),
 ('	super-admin permissions','/admin/menu/*'),
 ('	super-admin permissions','/admin/menu/create'),
 ('	super-admin permissions','/admin/menu/delete'),
 ('	super-admin permissions','/admin/menu/index'),
 ('	super-admin permissions','/admin/menu/update'),
 ('	super-admin permissions','/admin/menu/view'),
 ('	super-admin permissions','/admin/permission/*'),
 ('	super-admin permissions','/admin/permission/assign'),
 ('	super-admin permissions','/admin/permission/create'),
 ('	super-admin permissions','/admin/permission/delete'),
 ('	super-admin permissions','/admin/permission/index'),
 ('	super-admin permissions','/admin/permission/remove'),
 ('	super-admin permissions','/admin/permission/update'),
 ('	super-admin permissions','/admin/permission/view'),
 ('	super-admin permissions','/admin/role/*'),
 ('	super-admin permissions','/admin/role/assign'),
 ('	super-admin permissions','/admin/role/create'),
 ('	super-admin permissions','/admin/role/delete'),
 ('	super-admin permissions','/admin/role/index'),
 ('	super-admin permissions','/admin/role/remove'),
 ('	super-admin permissions','/admin/role/update'),
 ('	super-admin permissions','/admin/role/view'),
 ('	super-admin permissions','/admin/route/*'),
 ('	super-admin permissions','/admin/route/assign'),
 ('	super-admin permissions','/admin/route/create'),
 ('	super-admin permissions','/admin/route/index'),
 ('	super-admin permissions','/admin/route/refresh'),
 ('	super-admin permissions','/admin/route/remove'),
 ('	super-admin permissions','/admin/rule/*'),
 ('	super-admin permissions','/admin/rule/create'),
 ('	super-admin permissions','/admin/rule/delete'),
 ('	super-admin permissions','/admin/rule/index'),
 ('	super-admin permissions','/admin/rule/update'),
 ('	super-admin permissions','/admin/rule/view'),
 ('	super-admin permissions','/admin/user/*'),
 ('	super-admin permissions','/admin/user/activate'),
 ('	super-admin permissions','/admin/user/change-password'),
 ('	super-admin permissions','/admin/user/delete'),
 ('	super-admin permissions','/admin/user/index'),
 ('	super-admin permissions','/admin/user/login'),
 ('	super-admin permissions','/admin/user/logout'),
 ('	super-admin permissions','/admin/user/request-password-reset'),
 ('	super-admin permissions','/admin/user/reset-password'),
 ('	super-admin permissions','/admin/user/signup'),
 ('	super-admin permissions','/admin/user/view'),
 ('	super-admin permissions','/audit/*'),
 ('	super-admin permissions','/audit/default/*'),
 ('	super-admin permissions','/audit/default/index'),
 ('	super-admin permissions','/audit/entry/*'),
 ('	super-admin permissions','/audit/entry/index'),
 ('	super-admin permissions','/audit/entry/view'),
 ('	super-admin permissions','/audit/error/*'),
 ('	super-admin permissions','/audit/error/index'),
 ('	super-admin permissions','/audit/error/view'),
 ('	super-admin permissions','/audit/javascript/*'),
 ('	super-admin permissions','/audit/javascript/index'),
 ('	super-admin permissions','/audit/javascript/view'),
 ('	super-admin permissions','/audit/js-log/*'),
 ('	super-admin permissions','/audit/js-log/index'),
 ('	super-admin permissions','/audit/mail/*'),
 ('	super-admin permissions','/audit/mail/download'),
 ('	super-admin permissions','/audit/mail/index'),
 ('	super-admin permissions','/audit/mail/view'),
 ('	super-admin permissions','/audit/mail/view-html'),
 ('	super-admin permissions','/audit/trail/*'),
 ('	super-admin permissions','/audit/trail/index'),
 ('	super-admin permissions','/audit/trail/view'),
 ('	super-admin permissions','/buying-price-setup/*'),
 ('	super-admin permissions','/buying-price-setup/create'),
 ('	super-admin permissions','/buying-price-setup/delete'),
 ('	super-admin permissions','/buying-price-setup/index'),
 ('	super-admin permissions','/buying-price-setup/update'),
 ('	super-admin permissions','/buying-price-setup/view'),
 ('	super-admin permissions','/change-limit-requests/*'),
 ('	super-admin permissions','/change-limit-requests/create'),
 ('	super-admin permissions','/change-limit-requests/delete'),
 ('	super-admin permissions','/change-limit-requests/index'),
 ('	super-admin permissions','/change-limit-requests/update'),
 ('	super-admin permissions','/change-limit-requests/view'),
 ('	super-admin permissions','/client-sender-ids/*'),
 ('	super-admin permissions','/client-sender-ids/activate'),
 ('	super-admin permissions','/client-sender-ids/create'),
 ('	super-admin permissions','/client-sender-ids/delete'),
 ('	super-admin permissions','/client-sender-ids/index'),
 ('	super-admin permissions','/client-sender-ids/update'),
 ('	super-admin permissions','/client-sender-ids/view'),
 ('	super-admin permissions','/client-short-codes-ids/*'),
 ('	super-admin permissions','/client-short-codes-ids/activate'),
 ('	super-admin permissions','/client-short-codes-ids/create'),
 ('	super-admin permissions','/client-short-codes-ids/delete'),
 ('	super-admin permissions','/client-short-codes-ids/index'),
 ('	super-admin permissions','/client-short-codes-ids/update'),
 ('	super-admin permissions','/client-short-codes-ids/view'),
 ('	super-admin permissions','/clients-selling-price-setup/*'),
 ('	super-admin permissions','/clients-selling-price-setup/create'),
 ('	super-admin permissions','/clients-selling-price-setup/delete'),
 ('	super-admin permissions','/clients-selling-price-setup/index'),
 ('	super-admin permissions','/clients-selling-price-setup/update'),
 ('	super-admin permissions','/clients-selling-price-setup/view'),
 ('	super-admin permissions','/clients/*'),
 ('	super-admin permissions','/clients/activate'),
 ('	super-admin permissions','/clients/assign-sender-ids'),
 ('	super-admin permissions','/clients/assign-short-codes'),
 ('	super-admin permissions','/clients/create'),
 ('	super-admin permissions','/clients/create-selling-price'),
 ('	super-admin permissions','/clients/create-user'),
 ('	super-admin permissions','/clients/delete'),
 ('	super-admin permissions','/clients/funds-allocations'),
 ('	super-admin permissions','/clients/index'),
 ('	super-admin permissions','/clients/profile'),
 ('	super-admin permissions','/clients/update'),
 ('	super-admin permissions','/clients/view'),
 ('	super-admin permissions','/contact-groups/*'),
 ('	super-admin permissions','/contact-groups/add-contacts'),
 ('	super-admin permissions','/contact-groups/create'),
 ('	super-admin permissions','/contact-groups/create2'),
 ('	super-admin permissions','/contact-groups/delete'),
 ('	super-admin permissions','/contact-groups/delete-contact'),
 ('	super-admin permissions','/contact-groups/download'),
 ('	super-admin permissions','/contact-groups/index'),
 ('	super-admin permissions','/contact-groups/populate-message'),
 ('	super-admin permissions','/contact-groups/update'),
 ('	super-admin permissions','/contact-groups/view'),
 ('	super-admin permissions','/contacts/*'),
 ('	super-admin permissions','/contacts/create'),
 ('	super-admin permissions','/contacts/ddelete'),
 ('	super-admin permissions','/contacts/delete'),
 ('	super-admin permissions','/contacts/index'),
 ('	super-admin permissions','/contacts/update'),
 ('	super-admin permissions','/contacts/view'),
 ('	super-admin permissions','/countries/*'),
 ('	super-admin permissions','/countries/create'),
 ('	super-admin permissions','/countries/delete'),
 ('	super-admin permissions','/countries/index'),
 ('	super-admin permissions','/countries/update'),
 ('	super-admin permissions','/countries/view'),
 ('	super-admin permissions','/currencies/*'),
 ('	super-admin permissions','/currencies/create'),
 ('	super-admin permissions','/currencies/delete'),
 ('	super-admin permissions','/currencies/index'),
 ('	super-admin permissions','/currencies/update'),
 ('	super-admin permissions','/currencies/view'),
 ('	super-admin permissions','/currency-rates/*'),
 ('	super-admin permissions','/currency-rates/create'),
 ('	super-admin permissions','/currency-rates/delete'),
 ('	super-admin permissions','/currency-rates/index'),
 ('	super-admin permissions','/currency-rates/update'),
 ('	super-admin permissions','/currency-rates/view'),
 ('	super-admin permissions','/debug/*'),
 ('	super-admin permissions','/debug/default/*'),
 ('	super-admin permissions','/debug/default/db-explain'),
 ('	super-admin permissions','/debug/default/download-mail'),
 ('	super-admin permissions','/debug/default/index'),
 ('	super-admin permissions','/debug/default/toolbar'),
 ('	super-admin permissions','/debug/default/view'),
 ('	super-admin permissions','/debug/user/*'),
 ('	super-admin permissions','/debug/user/reset-identity'),
 ('	super-admin permissions','/debug/user/set-identity'),
 ('	super-admin permissions','/dlr/*'),
 ('	super-admin permissions','/dlr/index'),
 ('	super-admin permissions','/dnd/*'),
 ('	super-admin permissions','/dnd/create'),
 ('	super-admin permissions','/dnd/delete'),
 ('	super-admin permissions','/dnd/index'),
 ('	super-admin permissions','/dnd/update'),
 ('	super-admin permissions','/dnd/view'),
 ('	super-admin permissions','/favourite-client-bills/*'),
 ('	super-admin permissions','/favourite-client-bills/create'),
 ('	super-admin permissions','/favourite-client-bills/delete'),
 ('	super-admin permissions','/favourite-client-bills/index'),
 ('	super-admin permissions','/favourite-client-bills/update'),
 ('	super-admin permissions','/favourite-client-bills/view'),
 ('	super-admin permissions','/gii/*'),
 ('	super-admin permissions','/gii/default/*'),
 ('	super-admin permissions','/gii/default/action'),
 ('	super-admin permissions','/gii/default/diff'),
 ('	super-admin permissions','/gii/default/index'),
 ('	super-admin permissions','/gii/default/preview'),
 ('	super-admin permissions','/gii/default/view'),
 ('	super-admin permissions','/gridview/*'),
 ('	super-admin permissions','/gridview/export/*'),
 ('	super-admin permissions','/gridview/export/download'),
 ('	super-admin permissions','/inbound/*'),
 ('	super-admin permissions','/inbound/create'),
 ('	super-admin permissions','/inbound/delete'),
 ('	super-admin permissions','/inbound/index'),
 ('	super-admin permissions','/inbound/update'),
 ('	super-admin permissions','/inbound/view'),
 ('	super-admin permissions','/jobs/*'),
 ('	super-admin permissions','/jobs/create'),
 ('	super-admin permissions','/jobs/delete'),
 ('	super-admin permissions','/jobs/index'),
 ('	super-admin permissions','/jobs/update'),
 ('	super-admin permissions','/jobs/view'),
 ('	super-admin permissions','/kannel/*'),
 ('	super-admin permissions','/kannel/add-http-smsc'),
 ('	super-admin permissions','/kannel/add-smpp-client'),
 ('	super-admin permissions','/kannel/add-smpp-smsc'),
 ('	super-admin permissions','/kannel/reload-smsc'),
 ('	super-admin permissions','/kannel/remove-smpp-client-credentials'),
 ('	super-admin permissions','/kannel/remove-smsc'),
 ('	super-admin permissions','/kannel/restart'),
 ('	super-admin permissions','/kannel/smpp-clients'),
 ('	super-admin permissions','/kannel/status'),
 ('	super-admin permissions','/kannel/view-smsc'),
 ('	super-admin permissions','/ledgers/*'),
 ('	super-admin permissions','/ledgers/create'),
 ('	super-admin permissions','/ledgers/delete'),
 ('	super-admin permissions','/ledgers/index'),
 ('	super-admin permissions','/ledgers/update'),
 ('	super-admin permissions','/ledgers/view'),
 ('	super-admin permissions','/merchants/*'),
 ('	super-admin permissions','/merchants/create'),
 ('	super-admin permissions','/merchants/delete'),
 ('	super-admin permissions','/merchants/index'),
 ('	super-admin permissions','/merchants/update'),
 ('	super-admin permissions','/merchants/view'),
 ('	super-admin permissions','/network-prefixes/*'),
 ('	super-admin permissions','/network-prefixes/create'),
 ('	super-admin permissions','/network-prefixes/delete'),
 ('	super-admin permissions','/network-prefixes/index'),
 ('	super-admin permissions','/network-prefixes/update'),
 ('	super-admin permissions','/network-prefixes/view'),
 ('	super-admin permissions','/networks/*'),
 ('	super-admin permissions','/networks/create'),
 ('	super-admin permissions','/networks/delete'),
 ('	super-admin permissions','/networks/index'),
 ('	super-admin permissions','/networks/update'),
 ('	super-admin permissions','/networks/view'),
 ('	super-admin permissions','/outbound/*'),
 ('	super-admin permissions','/outbound/create'),
 ('	super-admin permissions','/outbound/delete'),
 ('	super-admin permissions','/outbound/index'),
 ('	super-admin permissions','/outbound/sms-info'),
 ('	super-admin permissions','/outbound/update'),
 ('	super-admin permissions','/outbound/view'),
 ('	super-admin permissions','/outgoing-airtime/*'),
 ('	super-admin permissions','/outgoing-airtime/create'),
 ('	super-admin permissions','/outgoing-airtime/delete'),
 ('	super-admin permissions','/outgoing-airtime/index'),
 ('	super-admin permissions','/outgoing-airtime/update'),
 ('	super-admin permissions','/outgoing-airtime/view'),
 ('	super-admin permissions','/outgoing-payments/*'),
 ('	super-admin permissions','/outgoing-payments/create'),
 ('	super-admin permissions','/outgoing-payments/delete'),
 ('	super-admin permissions','/outgoing-payments/index'),
 ('	super-admin permissions','/outgoing-payments/update'),
 ('	super-admin permissions','/outgoing-payments/view'),
 ('	super-admin permissions','/payment-reversals/*'),
 ('	super-admin permissions','/payment-reversals/create'),
 ('	super-admin permissions','/payment-reversals/delete'),
 ('	super-admin permissions','/payment-reversals/index'),
 ('	super-admin permissions','/payment-reversals/update'),
 ('	super-admin permissions','/payment-reversals/view'),
 ('	super-admin permissions','/payments/*'),
 ('	super-admin permissions','/payments/create'),
 ('	super-admin permissions','/payments/delete'),
 ('	super-admin permissions','/payments/download'),
 ('	super-admin permissions','/payments/index'),
 ('	super-admin permissions','/payments/invoice'),
 ('	super-admin permissions','/payments/pdf'),
 ('	super-admin permissions','/payments/update'),
 ('	super-admin permissions','/payments/view'),
 ('	super-admin permissions','/permissions/*'),
 ('	super-admin permissions','/permissions/index'),
 ('	super-admin permissions','/ported-numbers/*'),
 ('	super-admin permissions','/ported-numbers/create'),
 ('	super-admin permissions','/ported-numbers/delete'),
 ('	super-admin permissions','/ported-numbers/index'),
 ('	super-admin permissions','/ported-numbers/update'),
 ('	super-admin permissions','/ported-numbers/view'),
 ('	super-admin permissions','/providers/*'),
 ('	super-admin permissions','/providers/create'),
 ('	super-admin permissions','/providers/delete'),
 ('	super-admin permissions','/providers/index'),
 ('	super-admin permissions','/providers/update'),
 ('	super-admin permissions','/providers/view'),
 ('	super-admin permissions','/reports/*'),
 ('	super-admin permissions','/reports/create'),
 ('	super-admin permissions','/reports/delete'),
 ('	super-admin permissions','/reports/index'),
 ('	super-admin permissions','/reports/update'),
 ('	super-admin permissions','/reports/view'),
 ('	super-admin permissions','/roles/*'),
 ('	super-admin permissions','/roles/create'),
 ('	super-admin permissions','/roles/delete'),
 ('	super-admin permissions','/roles/edit'),
 ('	super-admin permissions','/roles/index'),
 ('	super-admin permissions','/roles/update'),
 ('	super-admin permissions','/roles/view'),
 ('	super-admin permissions','/route-mapping/*'),
 ('	super-admin permissions','/route-mapping/create-client'),
 ('	super-admin permissions','/route-mapping/create-default'),
 ('	super-admin permissions','/route-mapping/delete'),
 ('	super-admin permissions','/route-mapping/get-buying-price'),
 ('	super-admin permissions','/route-mapping/get-selling-price'),
 ('	super-admin permissions','/route-mapping/index'),
 ('	super-admin permissions','/route-mapping/update'),
 ('	super-admin permissions','/route-mapping/update-default'),
 ('	super-admin permissions','/route-mapping/view'),
 ('	super-admin permissions','/routes/*'),
 ('	super-admin permissions','/routes/create'),
 ('	super-admin permissions','/routes/delete'),
 ('	super-admin permissions','/routes/index'),
 ('	super-admin permissions','/routes/update'),
 ('	super-admin permissions','/routes/view'),
 ('	super-admin permissions','/scheduled-airtime/*'),
 ('	super-admin permissions','/scheduled-airtime/create'),
 ('	super-admin permissions','/scheduled-airtime/delete'),
 ('	super-admin permissions','/scheduled-airtime/index'),
 ('	super-admin permissions','/scheduled-airtime/update'),
 ('	super-admin permissions','/scheduled-airtime/view'),
 ('	super-admin permissions','/scheduled-messages/*'),
 ('	super-admin permissions','/scheduled-messages/create'),
 ('	super-admin permissions','/scheduled-messages/delete'),
 ('	super-admin permissions','/scheduled-messages/index'),
 ('	super-admin permissions','/scheduled-messages/scheduled-info'),
 ('	super-admin permissions','/scheduled-messages/update'),
 ('	super-admin permissions','/scheduled-messages/view'),
 ('	super-admin permissions','/scheduled-payments/*'),
 ('	super-admin permissions','/scheduled-payments/create'),
 ('	super-admin permissions','/scheduled-payments/delete'),
 ('	super-admin permissions','/scheduled-payments/index'),
 ('	super-admin permissions','/scheduled-payments/update'),
 ('	super-admin permissions','/scheduled-payments/view'),
 ('	super-admin permissions','/sender-ids/*'),
 ('	super-admin permissions','/sender-ids/create'),
 ('	super-admin permissions','/sender-ids/delete'),
 ('	super-admin permissions','/sender-ids/index'),
 ('	super-admin permissions','/sender-ids/update'),
 ('	super-admin permissions','/sender-ids/view'),
 ('	super-admin permissions','/short-codes/*'),
 ('	super-admin permissions','/short-codes/create'),
 ('	super-admin permissions','/short-codes/delete'),
 ('	super-admin permissions','/short-codes/index'),
 ('	super-admin permissions','/short-codes/update'),
 ('	super-admin permissions','/short-codes/view'),
 ('	super-admin permissions','/single-sms/*'),
 ('	super-admin permissions','/single-sms/index'),
 ('	super-admin permissions','/site/*'),
 ('	super-admin permissions','/site/dashboard'),
 ('	super-admin permissions','/site/error'),
 ('	super-admin permissions','/site/fa'),
 ('	super-admin permissions','/site/index'),
 ('	super-admin permissions','/site/login'),
 ('	super-admin permissions','/site/logout'),
 ('	super-admin permissions','/site/reset-password'),
 ('	super-admin permissions','/site/set-password'),
 ('	super-admin permissions','/site/signup'),
 ('	super-admin permissions','/site/verify-email'),
 ('	super-admin permissions','/social/*'),
 ('	super-admin permissions','/taxes/*'),
 ('	super-admin permissions','/taxes/create'),
 ('	super-admin permissions','/taxes/delete'),
 ('	super-admin permissions','/taxes/index'),
 ('	super-admin permissions','/taxes/update'),
 ('	super-admin permissions','/taxes/view'),
 ('	super-admin permissions','/user-roles/*'),
 ('	super-admin permissions','/user-roles/create'),
 ('	super-admin permissions','/user-roles/delete'),
 ('	super-admin permissions','/user-roles/index'),
 ('	super-admin permissions','/user-roles/update'),
 ('	super-admin permissions','/user-roles/view'),
 ('	super-admin permissions','/users/*'),
 ('	super-admin permissions','/users/activate'),
 ('	super-admin permissions','/users/create'),
 ('	super-admin permissions','/users/delete'),
 ('	super-admin permissions','/users/index'),
 ('	super-admin permissions','/users/reset'),
 ('	super-admin permissions','/users/update'),
 ('	super-admin permissions','/users/view'),
 ('	super-admin permissions','/workflow-history/*'),
 ('	super-admin permissions','/workflow-history/create'),
 ('	super-admin permissions','/workflow-history/delete'),
 ('	super-admin permissions','/workflow-history/index'),
 ('	super-admin permissions','/workflow-history/update'),
 ('	super-admin permissions','/workflow-history/view'),
 ('	super-admin permissions','/workflow/*'),
 ('	super-admin permissions','/workflow/create'),
 ('	super-admin permissions','/workflow/delete'),
 ('	super-admin permissions','/workflow/index'),
 ('	super-admin permissions','/workflow/update'),
 ('	super-admin permissions','/workflow/view'),
 ('	super-admin permissions','accounts permissions'),
 ('	super-admin permissions','Bd permissions'),
 ('	super-admin permissions','content permissions'),
 ('	super-admin permissions','read-only permissions'),
 ('super-admin Roles','	super-admin permissions');
/*!40000 ALTER TABLE `auth_item_child` ENABLE KEYS */;


--
-- Definition of table `auth_rule`
--

DROP TABLE IF EXISTS `auth_rule`;
CREATE TABLE `auth_rule` (
  `name` varchar(64) CHARACTER SET utf8 COLLATE utf8_unicode_ci NOT NULL,
  `data` blob DEFAULT NULL,
  `created_at` int(11) DEFAULT NULL,
  `updated_at` int(11) DEFAULT NULL,
  PRIMARY KEY (`name`)
) ENGINE=InnoDB DEFAULT CHARSET=latin1;

--
-- Dumping data for table `auth_rule`
--

/*!40000 ALTER TABLE `auth_rule` DISABLE KEYS */;
/*!40000 ALTER TABLE `auth_rule` ENABLE KEYS */;


--
-- Definition of table `bill_reminders`
--

DROP TABLE IF EXISTS `bill_reminders`;
CREATE TABLE `bill_reminders` (
  `id` bigint(20) unsigned NOT NULL AUTO_INCREMENT,
  `client_id` int(11) NOT NULL,
  `favourite_client_bill_id` int(11) NOT NULL,
  `remind_at` timestamp NOT NULL DEFAULT current_timestamp() ON UPDATE current_timestamp(),
  `recurrence` varchar(255) COLLATE utf8mb4_unicode_ci NOT NULL DEFAULT 'monthly',
  `last_reminded_at` timestamp NULL DEFAULT NULL,
  `created_by` int(11) NOT NULL,
  `status` varchar(255) COLLATE utf8mb4_unicode_ci NOT NULL DEFAULT 'active',
  `created_at` timestamp NULL DEFAULT NULL,
  `updated_at` timestamp NULL DEFAULT NULL,
  PRIMARY KEY (`id`)
) ENGINE=InnoDB DEFAULT CHARSET=utf8mb4 COLLATE=utf8mb4_unicode_ci;

--
-- Dumping data for table `bill_reminders`
--

/*!40000 ALTER TABLE `bill_reminders` DISABLE KEYS */;
/*!40000 ALTER TABLE `bill_reminders` ENABLE KEYS */;


--
-- Definition of table `bulktargetentries`
--

DROP TABLE IF EXISTS `bulktargetentries`;
CREATE TABLE `bulktargetentries` (
  `bulkTargetEntryID` int(11) unsigned NOT NULL AUTO_INCREMENT,
  `bulkTargetID` int(11) unsigned NOT NULL,
  `MSISDN` bigint(13) unsigned NOT NULL,
  `isValid` smallint(1) unsigned NOT NULL,
  `bulkStatusID` int(11) unsigned DEFAULT NULL,
  `dateActivated` datetime NOT NULL,
  `createdBy` int(11) unsigned NOT NULL,
  `dateCreated` datetime NOT NULL,
  `updatedBy` int(11) unsigned NOT NULL,
  `dateModified` timestamp NOT NULL DEFAULT current_timestamp() ON UPDATE current_timestamp(),
  `dateArchived` timestamp NOT NULL DEFAULT '0000-00-00 00:00:00',
  `archivedBy` int(11) unsigned DEFAULT NULL,
  `firstName` varchar(120) DEFAULT NULL,
  `secondName` varchar(120) DEFAULT NULL,
  `field1` varchar(700) DEFAULT NULL,
  `field2` varchar(700) DEFAULT NULL,
  `field3` varchar(200) DEFAULT NULL,
  `field4` varchar(200) DEFAULT NULL,
  `field5` varchar(200) DEFAULT NULL,
  PRIMARY KEY (`bulkTargetEntryID`)
) ENGINE=InnoDB AUTO_INCREMENT=884 DEFAULT CHARSET=latin1;

--
-- Dumping data for table `bulktargetentries`
--

/*!40000 ALTER TABLE `bulktargetentries` DISABLE KEYS */;
INSERT INTO `bulktargetentries` (`bulkTargetEntryID`,`bulkTargetID`,`MSISDN`,`isValid`,`bulkStatusID`,`dateActivated`,`createdBy`,`dateCreated`,`updatedBy`,`dateModified`,`dateArchived`,`archivedBy`,`firstName`,`secondName`,`field1`,`field2`,`field3`,`field4`,`field5`) VALUES 
 (343,110,254725671644,1,NULL,'2021-03-16 14:06:04',31,'2021-03-16 14:06:04',31,'2021-03-16 14:06:04','2000-01-01 00:00:00',NULL,NULL,NULL,'--','--','--','--','--'),
 (344,110,254726515161,1,NULL,'2021-03-16 14:06:04',31,'2021-03-16 14:06:04',31,'2021-03-16 14:06:04','2000-01-01 00:00:00',NULL,NULL,NULL,'--','--','--','--','--'),
 (345,110,254725477476,1,NULL,'2021-03-16 14:06:04',31,'2021-03-16 14:06:04',31,'2021-03-16 14:06:04','2000-01-01 00:00:00',NULL,NULL,NULL,'--','--','--','--','--'),
 (346,110,254735488489,1,NULL,'2021-03-16 14:06:04',31,'2021-03-16 14:06:04',31,'2021-03-16 14:06:04','2000-01-01 00:00:00',NULL,NULL,NULL,'--','--','--','--','--'),
 (347,110,254767299944,1,NULL,'2021-03-16 14:06:04',31,'2021-03-16 14:06:04',31,'2021-03-16 14:06:04','2000-01-01 00:00:00',NULL,NULL,NULL,'--','--','--','--','--'),
 (348,111,254725671644,1,NULL,'2021-03-16 14:07:20',31,'2021-03-16 14:07:20',31,'2021-03-16 14:07:20','2000-01-01 00:00:00',NULL,NULL,NULL,'--','--','--','--','--'),
 (349,111,254726515161,1,NULL,'2021-03-16 14:07:20',31,'2021-03-16 14:07:20',31,'2021-03-16 14:07:20','2000-01-01 00:00:00',NULL,NULL,NULL,'--','--','--','--','--'),
 (350,111,254725477476,1,NULL,'2021-03-16 14:07:20',31,'2021-03-16 14:07:20',31,'2021-03-16 14:07:20','2000-01-01 00:00:00',NULL,NULL,NULL,'--','--','--','--','--'),
 (351,111,254735488489,1,NULL,'2021-03-16 14:07:20',31,'2021-03-16 14:07:20',31,'2021-03-16 14:07:20','2000-01-01 00:00:00',NULL,NULL,NULL,'--','--','--','--','--'),
 (352,111,254767299944,1,NULL,'2021-03-16 14:07:20',31,'2021-03-16 14:07:20',31,'2021-03-16 14:07:20','2000-01-01 00:00:00',NULL,NULL,NULL,'--','--','--','--','--'),
 (353,112,254725671644,1,NULL,'2021-03-16 14:14:52',31,'2021-03-16 14:14:52',31,'2021-03-16 14:14:52','2000-01-01 00:00:00',NULL,NULL,NULL,'--','--','--','--','--'),
 (354,112,254726515161,1,NULL,'2021-03-16 14:14:52',31,'2021-03-16 14:14:52',31,'2021-03-16 14:14:52','2000-01-01 00:00:00',NULL,NULL,NULL,'--','--','--','--','--'),
 (355,112,254725477476,1,NULL,'2021-03-16 14:14:52',31,'2021-03-16 14:14:52',31,'2021-03-16 14:14:52','2000-01-01 00:00:00',NULL,NULL,NULL,'--','--','--','--','--'),
 (356,112,254735488489,1,NULL,'2021-03-16 14:14:52',31,'2021-03-16 14:14:52',31,'2021-03-16 14:14:52','2000-01-01 00:00:00',NULL,NULL,NULL,'--','--','--','--','--'),
 (357,112,254767299944,1,NULL,'2021-03-16 14:14:52',31,'2021-03-16 14:14:52',31,'2021-03-16 14:14:52','2000-01-01 00:00:00',NULL,NULL,NULL,'--','--','--','--','--'),
 (358,113,254725671644,1,NULL,'2021-03-16 16:58:47',31,'2021-03-16 16:58:47',31,'2021-03-16 16:58:47','2000-01-01 00:00:00',NULL,NULL,NULL,'--','--','--','--','--'),
 (359,113,254726515161,1,NULL,'2021-03-16 16:58:47',31,'2021-03-16 16:58:47',31,'2021-03-16 16:58:47','2000-01-01 00:00:00',NULL,NULL,NULL,'--','--','--','--','--'),
 (360,113,254725477476,1,NULL,'2021-03-16 16:58:47',31,'2021-03-16 16:58:47',31,'2021-03-16 16:58:47','2000-01-01 00:00:00',NULL,NULL,NULL,'--','--','--','--','--'),
 (361,113,254735488489,1,NULL,'2021-03-16 16:58:47',31,'2021-03-16 16:58:47',31,'2021-03-16 16:58:47','2000-01-01 00:00:00',NULL,NULL,NULL,'--','--','--','--','--'),
 (362,113,254767299944,1,NULL,'2021-03-16 16:58:47',31,'2021-03-16 16:58:47',31,'2021-03-16 16:58:47','2000-01-01 00:00:00',NULL,NULL,NULL,'--','--','--','--','--'),
 (363,114,254725671644,1,NULL,'2021-03-17 00:04:59',31,'2021-03-17 00:04:59',31,'2021-03-17 00:04:59','2000-01-01 00:00:00',NULL,NULL,NULL,'--','--','--','--','--'),
 (364,114,254726515161,1,NULL,'2021-03-17 00:04:59',31,'2021-03-17 00:04:59',31,'2021-03-17 00:04:59','2000-01-01 00:00:00',NULL,NULL,NULL,'--','--','--','--','--'),
 (365,114,254725477476,1,NULL,'2021-03-17 00:04:59',31,'2021-03-17 00:04:59',31,'2021-03-17 00:04:59','2000-01-01 00:00:00',NULL,NULL,NULL,'--','--','--','--','--'),
 (366,114,254735488489,1,NULL,'2021-03-17 00:04:59',31,'2021-03-17 00:04:59',31,'2021-03-17 00:04:59','2000-01-01 00:00:00',NULL,NULL,NULL,'--','--','--','--','--'),
 (367,114,254767299944,1,NULL,'2021-03-17 00:04:59',31,'2021-03-17 00:04:59',31,'2021-03-17 00:04:59','2000-01-01 00:00:00',NULL,NULL,NULL,'--','--','--','--','--'),
 (368,115,254725671644,1,NULL,'2021-03-17 08:37:06',31,'2021-03-17 08:37:06',31,'2021-03-17 08:37:06','2000-01-01 00:00:00',NULL,NULL,NULL,'--','--','--','--','--'),
 (369,115,254726515161,1,NULL,'2021-03-17 08:37:06',31,'2021-03-17 08:37:06',31,'2021-03-17 08:37:06','2000-01-01 00:00:00',NULL,NULL,NULL,'--','--','--','--','--'),
 (370,115,254725477476,1,NULL,'2021-03-17 08:37:06',31,'2021-03-17 08:37:06',31,'2021-03-17 08:37:06','2000-01-01 00:00:00',NULL,NULL,NULL,'--','--','--','--','--'),
 (371,115,254735488489,1,NULL,'2021-03-17 08:37:06',31,'2021-03-17 08:37:06',31,'2021-03-17 08:37:06','2000-01-01 00:00:00',NULL,NULL,NULL,'--','--','--','--','--'),
 (372,115,254767299944,1,NULL,'2021-03-17 08:37:06',31,'2021-03-17 08:37:06',31,'2021-03-17 08:37:06','2000-01-01 00:00:00',NULL,NULL,NULL,'--','--','--','--','--'),
 (373,116,254725671644,1,NULL,'2021-03-17 08:55:43',31,'2021-03-17 08:55:43',31,'2021-03-17 08:55:43','2000-01-01 00:00:00',NULL,NULL,NULL,'--','--','--','--','--'),
 (374,116,254726515161,1,NULL,'2021-03-17 08:55:43',31,'2021-03-17 08:55:43',31,'2021-03-17 08:55:43','2000-01-01 00:00:00',NULL,NULL,NULL,'--','--','--','--','--'),
 (375,116,254725477476,1,NULL,'2021-03-17 08:55:43',31,'2021-03-17 08:55:43',31,'2021-03-17 08:55:43','2000-01-01 00:00:00',NULL,NULL,NULL,'--','--','--','--','--'),
 (376,116,254735488489,1,NULL,'2021-03-17 08:55:43',31,'2021-03-17 08:55:43',31,'2021-03-17 08:55:43','2000-01-01 00:00:00',NULL,NULL,NULL,'--','--','--','--','--'),
 (377,116,254767299944,1,NULL,'2021-03-17 08:55:43',31,'2021-03-17 08:55:43',31,'2021-03-17 08:55:43','2000-01-01 00:00:00',NULL,NULL,NULL,'--','--','--','--','--'),
 (378,117,254725671644,1,NULL,'2021-03-17 09:02:33',31,'2021-03-17 09:02:33',31,'2021-03-17 09:02:33','2000-01-01 00:00:00',NULL,NULL,NULL,'--','--','--','--','--'),
 (379,117,254726515161,1,NULL,'2021-03-17 09:02:33',31,'2021-03-17 09:02:33',31,'2021-03-17 09:02:33','2000-01-01 00:00:00',NULL,NULL,NULL,'--','--','--','--','--'),
 (380,117,254725477476,1,NULL,'2021-03-17 09:02:33',31,'2021-03-17 09:02:33',31,'2021-03-17 09:02:33','2000-01-01 00:00:00',NULL,NULL,NULL,'--','--','--','--','--'),
 (381,117,254735488489,1,NULL,'2021-03-17 09:02:33',31,'2021-03-17 09:02:33',31,'2021-03-17 09:02:33','2000-01-01 00:00:00',NULL,NULL,NULL,'--','--','--','--','--'),
 (382,117,254767299944,1,NULL,'2021-03-17 09:02:33',31,'2021-03-17 09:02:33',31,'2021-03-17 09:02:33','2000-01-01 00:00:00',NULL,NULL,NULL,'--','--','--','--','--'),
 (393,120,254725671644,1,NULL,'2021-03-18 10:28:27',31,'2021-03-18 10:28:27',31,'2021-03-18 10:28:27','2000-01-01 00:00:00',NULL,NULL,NULL,'--','--','--','--','--'),
 (394,120,254726515161,1,NULL,'2021-03-18 10:28:27',31,'2021-03-18 10:28:27',31,'2021-03-18 10:28:27','2000-01-01 00:00:00',NULL,NULL,NULL,'--','--','--','--','--'),
 (395,120,254725477476,1,NULL,'2021-03-18 10:28:27',31,'2021-03-18 10:28:27',31,'2021-03-18 10:28:27','2000-01-01 00:00:00',NULL,NULL,NULL,'--','--','--','--','--'),
 (396,120,254735488489,1,NULL,'2021-03-18 10:28:27',31,'2021-03-18 10:28:27',31,'2021-03-18 10:28:27','2000-01-01 00:00:00',NULL,NULL,NULL,'--','--','--','--','--'),
 (397,120,254767299944,1,NULL,'2021-03-18 10:28:27',31,'2021-03-18 10:28:27',31,'2021-03-18 10:28:27','2000-01-01 00:00:00',NULL,NULL,NULL,'--','--','--','--','--'),
 (398,121,254725671644,1,NULL,'2021-03-22 05:17:02',1,'2021-03-22 05:17:02',1,'2021-03-22 05:17:02','2000-01-01 00:00:00',NULL,NULL,NULL,'--','--','--','--','--'),
 (399,121,254726515161,1,NULL,'2021-03-22 05:17:02',1,'2021-03-22 05:17:02',1,'2021-03-22 05:17:02','2000-01-01 00:00:00',NULL,NULL,NULL,'--','--','--','--','--'),
 (400,121,254725477476,1,NULL,'2021-03-22 05:17:02',1,'2021-03-22 05:17:02',1,'2021-03-22 05:17:02','2000-01-01 00:00:00',NULL,NULL,NULL,'--','--','--','--','--'),
 (401,121,254735488489,1,NULL,'2021-03-22 05:17:02',1,'2021-03-22 05:17:02',1,'2021-03-22 05:17:02','2000-01-01 00:00:00',NULL,NULL,NULL,'--','--','--','--','--'),
 (402,121,254767299944,1,NULL,'2021-03-22 05:17:02',1,'2021-03-22 05:17:02',1,'2021-03-22 05:17:02','2000-01-01 00:00:00',NULL,NULL,NULL,'--','--','--','--','--'),
 (403,122,254728140544,1,NULL,'2021-03-26 06:42:06',18,'2021-03-26 06:42:06',18,'2021-03-26 06:42:06','2000-01-01 00:00:00',NULL,NULL,NULL,'--','--','--','--','--'),
 (404,122,254721761669,1,NULL,'2021-03-26 06:42:06',18,'2021-03-26 06:42:06',18,'2021-03-26 06:42:06','2000-01-01 00:00:00',NULL,NULL,NULL,'--','--','--','--','--'),
 (405,122,254726789778,1,NULL,'2021-03-26 06:42:06',18,'2021-03-26 06:42:06',18,'2021-03-26 06:42:06','2000-01-01 00:00:00',NULL,NULL,NULL,'--','--','--','--','--'),
 (406,122,254735488489,1,NULL,'2021-03-26 06:42:06',18,'2021-03-26 06:42:06',18,'2021-03-26 06:42:06','2000-01-01 00:00:00',NULL,NULL,NULL,'--','--','--','--','--'),
 (407,122,254767299944,1,NULL,'2021-03-26 06:42:06',18,'2021-03-26 06:42:06',18,'2021-03-26 06:42:06','2000-01-01 00:00:00',NULL,NULL,NULL,'--','--','--','--','--'),
 (408,123,254728140544,1,NULL,'2021-03-26 07:09:33',18,'2021-03-26 07:09:33',18,'2021-03-26 07:09:33','2000-01-01 00:00:00',NULL,NULL,NULL,'--','--','--','--','--'),
 (409,123,254721761669,1,NULL,'2021-03-26 07:09:33',18,'2021-03-26 07:09:33',18,'2021-03-26 07:09:33','2000-01-01 00:00:00',NULL,NULL,NULL,'--','--','--','--','--'),
 (410,123,254726789778,1,NULL,'2021-03-26 07:09:33',18,'2021-03-26 07:09:33',18,'2021-03-26 07:09:33','2000-01-01 00:00:00',NULL,NULL,NULL,'--','--','--','--','--'),
 (411,123,254735488489,1,NULL,'2021-03-26 07:09:33',18,'2021-03-26 07:09:33',18,'2021-03-26 07:09:33','2000-01-01 00:00:00',NULL,NULL,NULL,'--','--','--','--','--'),
 (412,123,254767299944,1,NULL,'2021-03-26 07:09:33',18,'2021-03-26 07:09:33',18,'2021-03-26 07:09:33','2000-01-01 00:00:00',NULL,NULL,NULL,'--','--','--','--','--'),
 (413,124,254728140544,1,NULL,'2021-03-26 07:30:46',18,'2021-03-26 07:30:46',18,'2021-03-26 07:30:46','2000-01-01 00:00:00',NULL,NULL,NULL,'--','--','--','--','--'),
 (414,124,254721761669,1,NULL,'2021-03-26 07:30:46',18,'2021-03-26 07:30:46',18,'2021-03-26 07:30:46','2000-01-01 00:00:00',NULL,NULL,NULL,'--','--','--','--','--'),
 (415,124,254726789778,1,NULL,'2021-03-26 07:30:46',18,'2021-03-26 07:30:46',18,'2021-03-26 07:30:46','2000-01-01 00:00:00',NULL,NULL,NULL,'--','--','--','--','--'),
 (416,124,254735488489,1,NULL,'2021-03-26 07:30:46',18,'2021-03-26 07:30:46',18,'2021-03-26 07:30:46','2000-01-01 00:00:00',NULL,NULL,NULL,'--','--','--','--','--'),
 (417,124,254767299944,1,NULL,'2021-03-26 07:30:46',18,'2021-03-26 07:30:46',18,'2021-03-26 07:30:46','2000-01-01 00:00:00',NULL,NULL,NULL,'--','--','--','--','--'),
 (523,146,254728140544,1,NULL,'2021-03-26 08:57:33',31,'2021-03-26 08:57:33',31,'2021-03-26 08:57:33','2000-01-01 00:00:00',NULL,NULL,NULL,'--','--','--','--','--'),
 (524,146,254721761669,1,NULL,'2021-03-26 08:57:33',31,'2021-03-26 08:57:33',31,'2021-03-26 08:57:33','2000-01-01 00:00:00',NULL,NULL,NULL,'--','--','--','--','--'),
 (525,146,254726789778,1,NULL,'2021-03-26 08:57:33',31,'2021-03-26 08:57:33',31,'2021-03-26 08:57:33','2000-01-01 00:00:00',NULL,NULL,NULL,'--','--','--','--','--'),
 (526,146,254735488489,1,NULL,'2021-03-26 08:57:33',31,'2021-03-26 08:57:33',31,'2021-03-26 08:57:33','2000-01-01 00:00:00',NULL,NULL,NULL,'--','--','--','--','--'),
 (527,146,254767299944,1,NULL,'2021-03-26 08:57:33',31,'2021-03-26 08:57:33',31,'2021-03-26 08:57:33','2000-01-01 00:00:00',NULL,NULL,NULL,'--','--','--','--','--'),
 (528,147,254728140544,1,NULL,'2021-03-26 09:17:10',31,'2021-03-26 09:17:10',31,'2021-03-26 09:17:10','2000-01-01 00:00:00',NULL,NULL,NULL,'--','--','--','--','--'),
 (529,147,254721761669,1,NULL,'2021-03-26 09:17:10',31,'2021-03-26 09:17:10',31,'2021-03-26 09:17:10','2000-01-01 00:00:00',NULL,NULL,NULL,'--','--','--','--','--'),
 (530,147,254726789778,1,NULL,'2021-03-26 09:17:10',31,'2021-03-26 09:17:10',31,'2021-03-26 09:17:10','2000-01-01 00:00:00',NULL,NULL,NULL,'--','--','--','--','--'),
 (531,147,254735488489,1,NULL,'2021-03-26 09:17:10',31,'2021-03-26 09:17:10',31,'2021-03-26 09:17:10','2000-01-01 00:00:00',NULL,NULL,NULL,'--','--','--','--','--'),
 (532,147,254767299944,1,NULL,'2021-03-26 09:17:10',31,'2021-03-26 09:17:10',31,'2021-03-26 09:17:10','2000-01-01 00:00:00',NULL,NULL,NULL,'--','--','--','--','--'),
 (878,217,254725671644,1,NULL,'2021-03-28 23:09:33',31,'2021-03-28 23:09:33',31,'2021-03-28 23:09:33','2000-01-01 00:00:00',NULL,NULL,NULL,'--','--','--','--','--'),
 (879,217,254726515161,1,NULL,'2021-03-28 23:09:33',31,'2021-03-28 23:09:33',31,'2021-03-28 23:09:33','2000-01-01 00:00:00',NULL,NULL,NULL,'--','--','--','--','--'),
 (880,217,254725477476,1,NULL,'2021-03-28 23:09:33',31,'2021-03-28 23:09:33',31,'2021-03-28 23:09:33','2000-01-01 00:00:00',NULL,NULL,NULL,'--','--','--','--','--'),
 (881,217,254735488489,1,NULL,'2021-03-28 23:09:33',31,'2021-03-28 23:09:33',31,'2021-03-28 23:09:33','2000-01-01 00:00:00',NULL,NULL,NULL,'--','--','--','--','--'),
 (882,217,254767299944,1,NULL,'2021-03-28 23:09:33',31,'2021-03-28 23:09:33',31,'2021-03-28 23:09:33','2000-01-01 00:00:00',NULL,NULL,NULL,'--','--','--','--','--'),
 (883,218,254704205366,1,NULL,'2021-03-28 23:13:44',31,'2021-03-28 23:13:44',31,'2021-03-28 23:13:44','2000-01-01 00:00:00',NULL,NULL,NULL,'--','--','--','--','--');
/*!40000 ALTER TABLE `bulktargetentries` ENABLE KEYS */;


--
-- Definition of table `buying_price_setup`
--

DROP TABLE IF EXISTS `buying_price_setup`;
CREATE TABLE `buying_price_setup` (
  `id` bigint(20) unsigned NOT NULL AUTO_INCREMENT,
  `route_id` bigint(20) unsigned NOT NULL,
  `network_id` bigint(20) unsigned NOT NULL,
  `buying_price` decimal(15,4) DEFAULT NULL,
  `status` varchar(255) CHARACTER SET utf8mb4 COLLATE utf8mb4_unicode_ci NOT NULL DEFAULT 'active',
  `created_at` timestamp NULL DEFAULT NULL,
  `updated_at` timestamp NULL DEFAULT NULL,
  `deleted_at` timestamp NULL DEFAULT NULL,
  PRIMARY KEY (`id`)
) ENGINE=InnoDB AUTO_INCREMENT=27 DEFAULT CHARSET=utf8mb4;

--
-- Dumping data for table `buying_price_setup`
--

/*!40000 ALTER TABLE `buying_price_setup` DISABLE KEYS */;
INSERT INTO `buying_price_setup` (`id`,`route_id`,`network_id`,`buying_price`,`status`,`created_at`,`updated_at`,`deleted_at`) VALUES 
 (1,1,1,'0.1000','active','2020-06-24 12:06:21',NULL,NULL),
 (2,2,1,'1.0000','active','2020-06-24 12:06:43',NULL,NULL),
 (3,3,2,'0.3000','active','2020-06-26 12:40:50',NULL,NULL),
 (4,5,3,'0.3000','active','2020-07-10 18:40:48',NULL,NULL),
 (5,6,4,'0.1000','active','2020-07-10 18:41:14',NULL,NULL),
 (6,7,3,'0.3000','active','2020-07-15 12:36:11',NULL,NULL),
 (7,3,3,'0.1000','active','2020-07-15 15:37:15',NULL,NULL),
 (8,5,2,'1.5000','Pending','2021-02-15 09:27:26',NULL,NULL),
 (9,4,3,'1.5000','Pending','2021-02-15 09:35:01',NULL,NULL),
 (10,2,3,'1.5000','Pending','2021-02-15 10:14:24',NULL,NULL),
 (11,5,1,'1.9000','Pending','2021-02-24 13:00:03',NULL,NULL),
 (12,7,2,'1.9000','Pending','2021-02-24 13:00:36',NULL,NULL),
 (13,6,3,'1.9000','Pending','2021-02-24 13:01:04',NULL,NULL),
 (14,7,4,'1.9000','Pending','2021-02-24 13:03:47',NULL,NULL),
 (15,8,1,'1.9000','Pending','2021-02-24 13:07:56',NULL,NULL),
 (16,8,2,'1.9000','Pending','2021-02-24 13:20:58',NULL,NULL),
 (17,8,4,'1.9000','Pending','2021-02-24 13:24:27',NULL,NULL),
 (18,8,3,'1.9000','Pending','2021-02-24 13:38:28',NULL,NULL),
 (19,4,4,'1.9000','Pending','2021-02-24 13:42:41',NULL,NULL),
 (20,9,1,'1.2000','Pending','2021-02-24 14:24:18',NULL,NULL),
 (21,10,1,'1.9000','Pending','2021-02-24 14:26:08',NULL,NULL),
 (22,11,1,'1.8000','active','2021-02-24 14:36:48',NULL,NULL),
 (23,12,1,'1.6000','active','2021-02-24 14:38:09',NULL,NULL),
 (24,12,2,'1.7000','Pending','2021-02-26 14:14:15',NULL,NULL),
 (25,12,3,'1.8000','active','2021-02-26 14:35:34',NULL,NULL),
 (26,13,2,'1.0550','Pending','2021-03-03 08:38:17',NULL,NULL);
/*!40000 ALTER TABLE `buying_price_setup` ENABLE KEYS */;


--
-- Definition of table `change_limit_requests`
--

DROP TABLE IF EXISTS `change_limit_requests`;
CREATE TABLE `change_limit_requests` (
  `id` bigint(20) unsigned NOT NULL AUTO_INCREMENT,
  `client_id` int(11) NOT NULL,
  `amount` decimal(15,4) NOT NULL,
  `kra_pin` varchar(255) COLLATE utf8mb4_unicode_ci DEFAULT NULL,
  `id_no` varchar(255) COLLATE utf8mb4_unicode_ci DEFAULT NULL COMMENT 'also includes passport no',
  `attachments` longtext CHARACTER SET utf8mb4 COLLATE utf8mb4_bin DEFAULT NULL CHECK (json_valid(`attachments`)),
  `narration` text COLLATE utf8mb4_unicode_ci DEFAULT NULL,
  `status` varchar(255) COLLATE utf8mb4_unicode_ci NOT NULL DEFAULT 'pending',
  `created_by` int(11) NOT NULL,
  `modified_by` int(11) DEFAULT NULL,
  `created_at` timestamp NULL DEFAULT NULL,
  `updated_at` timestamp NULL DEFAULT NULL,
  PRIMARY KEY (`id`)
) ENGINE=InnoDB DEFAULT CHARSET=utf8mb4 COLLATE=utf8mb4_unicode_ci;

--
-- Dumping data for table `change_limit_requests`
--

/*!40000 ALTER TABLE `change_limit_requests` DISABLE KEYS */;
/*!40000 ALTER TABLE `change_limit_requests` ENABLE KEYS */;


--
-- Definition of table `client_paybills`
--

DROP TABLE IF EXISTS `client_paybills`;
CREATE TABLE `client_paybills` (
  `id` bigint(20) unsigned NOT NULL AUTO_INCREMENT,
  `client_id` int(11) NOT NULL,
  `paybill_number` varchar(255) CHARACTER SET utf8mb4 COLLATE utf8mb4_unicode_ci NOT NULL,
  `type` varchar(255) CHARACTER SET utf8mb4 COLLATE utf8mb4_unicode_ci NOT NULL DEFAULT 'C2B',
  `credentials` longtext CHARACTER SET utf8mb4 COLLATE utf8mb4_bin DEFAULT NULL,
  `network_id` int(11) DEFAULT NULL,
  `created_by` int(11) NOT NULL,
  `created_at` timestamp NULL DEFAULT NULL,
  `updated_at` timestamp NULL DEFAULT NULL,
  `status` varchar(255) CHARACTER SET utf8mb4 COLLATE utf8mb4_unicode_ci NOT NULL DEFAULT 'active',
  PRIMARY KEY (`id`)
) ENGINE=InnoDB AUTO_INCREMENT=4 DEFAULT CHARSET=latin1;

--
-- Dumping data for table `client_paybills`
--

/*!40000 ALTER TABLE `client_paybills` DISABLE KEYS */;
INSERT INTO `client_paybills` (`id`,`client_id`,`paybill_number`,`type`,`credentials`,`network_id`,`created_by`,`created_at`,`updated_at`,`status`) VALUES 
 (2,2,'817050','B2C',0x66383736353061642D613862652D333561652D396139372D353065366662323634373633,1,1,'2020-08-24 11:36:53',NULL,'active'),
 (3,2,'7373','B2B',0x30386334353463332D353662362D333430342D613266622D383163376166636335363237,1,1,'2020-08-24 11:51:40',NULL,'active');
/*!40000 ALTER TABLE `client_paybills` ENABLE KEYS */;


--
-- Definition of table `client_sender_ids`
--

DROP TABLE IF EXISTS `client_sender_ids`;
CREATE TABLE `client_sender_ids` (
  `id` bigint(20) unsigned NOT NULL AUTO_INCREMENT,
  `sender_id` bigint(20) unsigned NOT NULL,
  `client_id` bigint(20) unsigned NOT NULL,
  `status` varchar(255) COLLATE utf8mb4_unicode_ci NOT NULL DEFAULT 'active',
  `created_at` timestamp NULL DEFAULT NULL,
  `updated_at` timestamp NULL DEFAULT NULL,
  `deleted_at` timestamp NULL DEFAULT NULL,
  PRIMARY KEY (`id`),
  KEY `client_sender_ids_client_id_foreign` (`client_id`),
  KEY `client_sender_ids_sender_id_foreign` (`sender_id`),
  CONSTRAINT `client_sender_ids_client_id_foreign` FOREIGN KEY (`client_id`) REFERENCES `clients` (`id`),
  CONSTRAINT `client_sender_ids_sender_id_foreign` FOREIGN KEY (`sender_id`) REFERENCES `sender_ids` (`id`)
) ENGINE=InnoDB AUTO_INCREMENT=33 DEFAULT CHARSET=utf8mb4 COLLATE=utf8mb4_unicode_ci;

--
-- Dumping data for table `client_sender_ids`
--

/*!40000 ALTER TABLE `client_sender_ids` DISABLE KEYS */;
INSERT INTO `client_sender_ids` (`id`,`sender_id`,`client_id`,`status`,`created_at`,`updated_at`,`deleted_at`) VALUES 
 (1,1,1,'active','2020-06-24 12:10:25',NULL,NULL),
 (2,2,2,'active','2020-06-25 11:22:47',NULL,NULL),
 (3,2,3,'active','2020-06-29 15:38:02',NULL,NULL),
 (4,4,4,'active','2020-07-15 12:16:14',NULL,NULL),
 (5,5,5,'active','2020-07-16 11:04:08',NULL,NULL),
 (6,5,2,'Pending','2020-08-28 07:52:20',NULL,NULL),
 (7,2,5,'active','2020-10-19 10:59:00',NULL,NULL),
 (8,6,2,'active','2020-10-23 09:11:26',NULL,NULL),
 (9,7,2,'active','2020-10-23 10:11:45',NULL,NULL),
 (10,8,2,'Pending','2020-10-23 10:17:47',NULL,NULL),
 (31,9,2,'active','2020-10-23 10:23:25',NULL,NULL);
/*!40000 ALTER TABLE `client_sender_ids` ENABLE KEYS */;


--
-- Definition of table `client_short_codes_ids`
--

DROP TABLE IF EXISTS `client_short_codes_ids`;
CREATE TABLE `client_short_codes_ids` (
  `id` bigint(20) unsigned NOT NULL AUTO_INCREMENT,
  `short_codes_id` bigint(20) unsigned NOT NULL,
  `client_id` bigint(20) unsigned NOT NULL,
  `country_id` bigint(20) unsigned NOT NULL,
  `status` varchar(255) COLLATE utf8mb4_unicode_ci NOT NULL DEFAULT 'active',
  `created_at` timestamp NULL DEFAULT NULL,
  `updated_at` timestamp NULL DEFAULT NULL,
  `deleted_at` timestamp NULL DEFAULT NULL,
  PRIMARY KEY (`id`)
) ENGINE=InnoDB AUTO_INCREMENT=6 DEFAULT CHARSET=utf8mb4 COLLATE=utf8mb4_unicode_ci;

--
-- Dumping data for table `client_short_codes_ids`
--

/*!40000 ALTER TABLE `client_short_codes_ids` DISABLE KEYS */;
INSERT INTO `client_short_codes_ids` (`id`,`short_codes_id`,`client_id`,`country_id`,`status`,`created_at`,`updated_at`,`deleted_at`) VALUES 
 (1,1,3,1,'active','2020-08-09 04:45:39',NULL,NULL),
 (2,1,2,1,'Pending','2020-08-28 07:52:41',NULL,NULL),
 (3,1,5,1,'active','2020-10-15 12:39:10',NULL,NULL),
 (4,2,2,1,'active','2020-10-23 09:20:56',NULL,NULL),
 (5,3,2,1,'active','2020-10-23 10:32:45',NULL,NULL);
/*!40000 ALTER TABLE `client_short_codes_ids` ENABLE KEYS */;


--
-- Definition of table `clients`
--

DROP TABLE IF EXISTS `clients`;
CREATE TABLE `clients` (
  `id` bigint(20) unsigned NOT NULL AUTO_INCREMENT,
  `name` varchar(255) COLLATE utf8mb4_unicode_ci NOT NULL,
  `email` varchar(255) COLLATE utf8mb4_unicode_ci NOT NULL,
  `account_number` varchar(255) COLLATE utf8mb4_unicode_ci NOT NULL,
  `phone_number` varchar(255) COLLATE utf8mb4_unicode_ci NOT NULL,
  `postal_address` varchar(255) COLLATE utf8mb4_unicode_ci DEFAULT NULL,
  `physical_address` varchar(255) COLLATE utf8mb4_unicode_ci DEFAULT NULL,
  `country_id` bigint(20) unsigned NOT NULL,
  `currency_id` bigint(20) unsigned NOT NULL,
  `billing_type` varchar(255) COLLATE utf8mb4_unicode_ci NOT NULL DEFAULT 'prepaid',
  `balance` decimal(15,4) NOT NULL DEFAULT 0.0000,
  `threshold` decimal(15,4) DEFAULT NULL,
  `threshold_contacts` longtext CHARACTER SET utf8mb4 COLLATE utf8mb4_bin DEFAULT NULL,
  `default_dlr_url` varchar(255) COLLATE utf8mb4_unicode_ci DEFAULT NULL,
  `timezone` varchar(255) COLLATE utf8mb4_unicode_ci NOT NULL DEFAULT 'UTC',
  `taxes` longtext CHARACTER SET utf8mb4 COLLATE utf8mb4_bin DEFAULT NULL,
  `status` varchar(255) COLLATE utf8mb4_unicode_ci NOT NULL DEFAULT 'active',
  `billing_type_approved_at` timestamp NOT NULL DEFAULT current_timestamp() ON UPDATE current_timestamp(),
  `created_at` timestamp NULL DEFAULT NULL,
  `updated_at` timestamp NULL DEFAULT NULL,
  `deleted_at` timestamp NULL DEFAULT NULL,
  `bd_manager` int(10) DEFAULT NULL,
  `malipo_balance` decimal(15,4) DEFAULT 0.0000,
  PRIMARY KEY (`id`),
  UNIQUE KEY `clients_email_unique` (`email`),
  KEY `clients_country_id_foreign` (`country_id`),
  KEY `clients_currency_id_foreign` (`currency_id`),
  CONSTRAINT `clients_country_id_foreign` FOREIGN KEY (`country_id`) REFERENCES `countries` (`id`),
  CONSTRAINT `clients_currency_id_foreign` FOREIGN KEY (`currency_id`) REFERENCES `currencies` (`id`)
) ENGINE=InnoDB AUTO_INCREMENT=33 DEFAULT CHARSET=utf8mb4 COLLATE=utf8mb4_unicode_ci;

--
-- Dumping data for table `clients`
--

/*!40000 ALTER TABLE `clients` DISABLE KEYS */;
INSERT INTO `clients` (`id`,`name`,`email`,`account_number`,`phone_number`,`postal_address`,`physical_address`,`country_id`,`currency_id`,`billing_type`,`balance`,`threshold`,`threshold_contacts`,`default_dlr_url`,`timezone`,`taxes`,`status`,`billing_type_approved_at`,`created_at`,`updated_at`,`deleted_at`,`bd_manager`,`malipo_balance`) VALUES 
 (1,'IPSL ','info@ipsl.co.ke','ACC-0001','254720216714','73100','International House, 7th Floor, Mama Ngina Street',1,1,'prepaid','11260990.9480',NULL,NULL,NULL,'Africa/Nairobi',0x3136,'active','2021-02-15 09:39:29','2020-06-24 11:56:52','2020-07-11 01:49:52',NULL,1,'9990.0000'),
 (2,'MTech LTD','info@mtechcomm.co.ke','ACC-0002','254725391340','34','Kabarsiran Avenue',1,1,'prepaid','772.0000','100.0000',0x5B22323534373138323635373331222C22206D6D756B616D69406D74656368636F6D6D2E636F2E6B65225D,NULL,'Africa/Nairobi',0x3136,'active','2021-03-11 16:36:41','2020-06-24 12:15:32','2020-06-24 12:15:32',NULL,1,'9928.0000'),
 (3,'Mtech Ltd (Postpay)','imutahi@mtechcomm.co.ke','ACC-0003','254715222399','34','34 |',1,1,'postpaid','5.0000',NULL,NULL,NULL,'Africa/Nairobi',0x3134,'active','2020-08-06 09:18:01','2020-06-29 15:15:17','2020-06-29 15:15:17',NULL,1,'10000.0000'),
 (4,'Kenya Trade Network Agency','info@kentrade.go.ke','ACC-0004','254708147771','P. O. Box 36943 - 00200 Nairobi','Embarkment plaza upperhill',1,1,'prepaid','7.6800',NULL,NULL,NULL,'Africa/Nairobi',0x766174,'active','2020-08-06 09:18:01','2020-07-15 11:26:22','2020-07-15 11:26:23',NULL,1,'10000.0000'),
 (5,'Golden Palm Breeze Hotel','goldenpalmbreezehotel@yahoo.com','ACC-0005','254712639342','Address:Kenol , Muranga','Address:Kenol , Muranga',1,1,'prepaid','100040.0000',NULL,NULL,NULL,'Africa/Nairobi',0x766174,'active','2021-03-11 16:36:41','2020-07-16 10:44:02','2020-07-16 10:44:02',NULL,1,'10000.0000'),
 (31,'Golden Palm Breeze Hotel','goldenpalmbreezehotel2@yahoo.com','ACC-0005','254712639342',NULL,'Address:Kenol , Muranga',1,1,'prepaid','100040.0000',NULL,NULL,NULL,'Africa/Nairobi',0x766174,'active','2021-03-16 10:54:45','2020-07-16 10:44:02','2020-07-16 10:44:02',NULL,1,'10000.0000');
/*!40000 ALTER TABLE `clients` ENABLE KEYS */;


--
-- Definition of table `clients_selling_price_setup`
--

DROP TABLE IF EXISTS `clients_selling_price_setup`;
CREATE TABLE `clients_selling_price_setup` (
  `id` bigint(20) unsigned NOT NULL AUTO_INCREMENT,
  `client_id` bigint(20) unsigned DEFAULT NULL,
  `network_id` bigint(20) unsigned NOT NULL,
  `route_id` bigint(20) DEFAULT NULL,
  `currency_id` bigint(20) unsigned NOT NULL,
  `selling_price` decimal(15,4) DEFAULT NULL,
  `status` varchar(255) CHARACTER SET utf8mb4 COLLATE utf8mb4_unicode_ci NOT NULL DEFAULT 'active',
  `created_at` timestamp NULL DEFAULT NULL,
  `updated_at` timestamp NULL DEFAULT NULL,
  `deleted_at` timestamp NULL DEFAULT NULL,
  PRIMARY KEY (`id`),
  KEY `clients_selling_price_setup_network_id_foreign` (`network_id`),
  KEY `clients_selling_price_setup_currency_id_foreign` (`currency_id`),
  KEY `clients_selling_price_setup_client_id_foreign` (`client_id`),
  CONSTRAINT `clients_selling_price_setup_client_id_foreign` FOREIGN KEY (`client_id`) REFERENCES `clients` (`id`),
  CONSTRAINT `clients_selling_price_setup_currency_id_foreign` FOREIGN KEY (`currency_id`) REFERENCES `currencies` (`id`),
  CONSTRAINT `clients_selling_price_setup_network_id_foreign` FOREIGN KEY (`network_id`) REFERENCES `networks` (`id`)
) ENGINE=InnoDB AUTO_INCREMENT=21 DEFAULT CHARSET=latin1;

--
-- Dumping data for table `clients_selling_price_setup`
--

/*!40000 ALTER TABLE `clients_selling_price_setup` DISABLE KEYS */;
INSERT INTO `clients_selling_price_setup` (`id`,`client_id`,`network_id`,`route_id`,`currency_id`,`selling_price`,`status`,`created_at`,`updated_at`,`deleted_at`) VALUES 
 (1,2,1,1,1,'0.5000','active','2020-07-20 14:14:49',NULL,NULL),
 (2,1,1,1,1,'0.3990','active','2020-07-21 11:11:01',NULL,NULL),
 (3,1,2,3,1,'0.3990','active','2020-07-21 11:11:23',NULL,NULL),
 (4,1,3,5,1,'0.3990','active','2020-07-21 11:11:49',NULL,NULL),
 (5,1,4,6,1,'0.3990','active','2020-07-21 11:12:12',NULL,NULL),
 (6,2,2,3,1,'5.0000','active','2020-07-22 09:06:42',NULL,NULL),
 (7,3,1,1,1,'0.0100','rejected','2020-07-23 05:36:17',NULL,NULL),
 (8,5,1,1,1,'3.0000','active','2020-10-15 12:11:34',NULL,NULL),
 (9,5,1,2,1,'5.0000','active','2020-10-15 12:16:00',NULL,NULL),
 (10,5,3,4,1,'6.0000','active','2020-10-15 12:19:15',NULL,NULL),
 (11,5,4,5,3,'7.0000','active','2020-10-15 12:23:45',NULL,NULL),
 (12,5,2,4,1,'7.0000','active','2020-10-15 12:38:43',NULL,NULL),
 (13,5,3,5,1,'3.0000','Pending','2020-10-15 12:49:32',NULL,NULL),
 (14,5,4,7,1,'1.0000','active','2020-10-15 12:50:53',NULL,NULL),
 (15,5,2,3,1,'1.0000','active','2020-10-15 12:53:03',NULL,NULL),
 (16,5,4,1,1,'6.0000','active','2020-10-15 12:56:08',NULL,NULL),
 (17,5,2,2,1,'6.0000','active','2020-10-15 13:00:08',NULL,NULL),
 (18,5,2,7,1,'5.0000','active','2020-10-15 13:04:31',NULL,NULL),
 (19,2,4,6,1,'1.5000','active','2021-02-15 06:39:03',NULL,NULL),
 (20,5,1,12,1,'1.8000','active','2021-02-25 13:42:27',NULL,NULL);
/*!40000 ALTER TABLE `clients_selling_price_setup` ENABLE KEYS */;


--
-- Definition of table `clientsourceaddr`
--

DROP TABLE IF EXISTS `clientsourceaddr`;
CREATE TABLE `clientsourceaddr` (
  `addrID` int(11) unsigned NOT NULL AUTO_INCREMENT,
  `clientID` int(11) unsigned NOT NULL,
  `sourceAddr` varchar(100) NOT NULL,
  `incomingSourceAddr` varchar(20) NOT NULL,
  `autoResponseMessage` varchar(255) DEFAULT NULL,
  `dateCreated` datetime DEFAULT NULL,
  `dateModified` timestamp NOT NULL DEFAULT current_timestamp() ON UPDATE current_timestamp(),
  `appendOptoutMessage` enum('Yes','No') DEFAULT NULL,
  `exemptMTFromDNDLookUp` enum('Yes','No') DEFAULT NULL,
  `lookUpDNDForAllocatedSendersOnly` enum('Yes','No') DEFAULT NULL,
  `isOnDemand` enum('Yes','No') DEFAULT NULL,
  PRIMARY KEY (`addrID`)
) ENGINE=InnoDB AUTO_INCREMENT=1824 DEFAULT CHARSET=latin1;

--
-- Dumping data for table `clientsourceaddr`
--

/*!40000 ALTER TABLE `clientsourceaddr` DISABLE KEYS */;
INSERT INTO `clientsourceaddr` (`addrID`,`clientID`,`sourceAddr`,`incomingSourceAddr`,`autoResponseMessage`,`dateCreated`,`dateModified`,`appendOptoutMessage`,`exemptMTFromDNDLookUp`,`lookUpDNDForAllocatedSendersOnly`,`isOnDemand`) VALUES 
 (1,1,'HERITAGEIC','22922','','2015-03-04 17:47:37','2015-03-04 14:47:37','Yes','No','No','No'),
 (4,7,'BRICKWOODS','0','','2015-04-01 11:29:34','2015-04-01 08:29:34','Yes','No','No','No'),
 (5,8,'NCA','0','','2015-04-01 12:25:02','2015-04-01 09:25:02','Yes','No','No','No'),
 (6,2,'IDPCOMM','0','','2015-04-01 14:21:10','2015-04-01 11:21:10','Yes','No','No','No'),
 (7,9,'IDPCOMM','0','','2015-04-02 10:42:51','2015-04-02 07:42:51','Yes','No','No','No'),
 (8,2,'Hon_kariuki','0','','2015-04-02 16:57:44','2015-04-02 13:57:44','Yes','No','No','No'),
 (9,1,'MCAST','0','','2015-04-02 17:55:41','2015-04-02 14:55:41','Yes','No','No','No'),
 (10,12,'MCAST','0','','2015-04-23 13:08:02','2015-04-23 10:08:02','Yes','No','No','No'),
 (15,16,'MCAST','0','','2015-05-08 09:35:33','2015-05-08 06:35:33','Yes','No','No','No'),
 (16,2,'HONKARIUKI','0','','2015-05-12 12:50:55','2015-05-12 09:50:55','Yes','No','No','No'),
 (17,18,'IMARASAT','0','','2015-05-25 10:24:43','2015-05-25 07:24:43','Yes','No','No','No'),
 (18,20,'MYJOBSEYE','0','','2015-06-11 09:30:43','2015-06-11 06:30:43','Yes','No','No','No'),
 (20,22,'SUNRISE','0','','2015-06-18 13:02:10','2015-06-18 10:02:10','Yes','No','No','No'),
 (21,2,'SUNRISE','0','','2015-06-18 13:02:38','2015-06-18 10:02:38','Yes','No','No','No'),
 (22,2,'Captains','0','','2015-06-18 16:47:56','2015-06-18 13:47:56','Yes','No','No','No'),
 (23,22,'Captains','0','','2015-06-18 17:04:32','2015-06-18 14:04:32','Yes','No','No','No'),
 (24,23,'KEPSA','0','','2015-06-24 15:38:23','2015-06-24 12:38:23','Yes','No','No','No'),
 (25,25,'ABCCAPITAL','0','','2015-07-14 08:59:07','2015-07-14 05:59:07','Yes','No','No','No'),
 (26,26,'SOIL_MERCH','21595','Thank you for your inquiry. We shall get back to you with more information shortly. Rgds Soil Merchants (K) Ltd.','2015-07-16 14:54:59','2015-07-16 11:54:59','Yes','No','No','No'),
 (31,30,'Omega','0','','2015-07-23 10:08:01','2015-07-23 07:08:01','Yes','No','No','No'),
 (32,2,'RADIOJAMBO','0','','2015-07-27 09:16:21','2015-07-27 06:16:21','Yes','No','No','No'),
 (33,2,'MTECH','0','','2015-07-27 11:48:10','2017-07-13 04:31:47','Yes','No','No','No'),
 (35,29,'MAYCOLSLTD','0','','2015-07-31 09:38:18','2015-07-31 06:38:18','Yes','No','No','No'),
 (38,33,'EMPIRE','0','','2015-08-18 12:38:54','2015-08-18 09:38:54','Yes','No','No','No'),
 (39,34,'MUCUNI','0','','2015-08-25 10:35:12','2015-08-25 07:35:12','Yes','No','No','No'),
 (40,35,'RADIOJAMBO','0','','2015-09-02 16:28:37','2015-09-02 13:28:37','Yes','No','No','No'),
 (42,32,'MTECH','0','','2015-09-22 10:32:22','2015-09-22 07:32:22','Yes','No','No','No'),
 (43,2,'ZANACO','0','','2015-09-22 15:17:01','2015-09-22 12:17:01','Yes','No','No','No'),
 (44,38,'21710','21710','','2015-10-15 07:47:36','2015-10-15 04:47:36','Yes','No','No','No'),
 (45,40,'AshenafiSC','0','','2015-10-22 15:13:00','2015-10-22 12:13:00','Yes','No','No','No'),
 (49,42,'KENDY','0','','2015-11-09 12:51:53','2015-11-09 09:51:53','Yes','No','No','No'),
 (51,44,'SUREBET','21710','','2015-11-20 17:36:15','2015-11-20 14:36:15','Yes','No','No','No'),
 (52,46,'TheTopRose','0','','2016-01-19 11:20:47','2016-01-19 08:20:47','Yes','No','No','No'),
 (53,47,'Sense101','0','','2016-01-29 08:48:52','2016-01-29 05:48:52','Yes','No','No','No'),
 (54,49,'0','0','Thank You For Registering To The AFWAB, AMSHA MAMA Festival, you are now in our list of participants. We will send you details of the event in due course. ','2016-02-03 07:59:07','2016-02-03 05:57:47','Yes','No','No','No'),
 (62,48,'Rockside','0','','2016-02-09 15:19:43','2016-02-09 12:19:43','Yes','No','No','No'),
 (65,56,'PSI','0','','2016-02-17 09:47:12','2016-02-17 06:47:12','Yes','No','No','No'),
 (66,56,'22301','0','','2016-02-17 09:48:47','2016-02-17 06:48:47','Yes','No','No','No'),
 (67,56,'Message','0','','2016-02-17 09:49:20','2016-02-17 06:49:20','Yes','No','No','No'),
 (68,56,'22699','0','','2016-02-17 09:50:08','2016-02-17 06:50:08','Yes','No','No','No'),
 (69,56,'22012','0','','2016-02-17 09:50:30','2016-02-17 06:50:30','Yes','No','No','No'),
 (70,56,'21707','0','','2016-02-17 09:50:53','2016-02-17 06:50:53','Yes','No','No','No'),
 (71,56,'CUSSONS','0','','2016-02-17 09:51:13','2016-02-17 06:51:13','Yes','No','No','No'),
 (72,56,'KCB','0','','2016-02-17 09:51:30','2017-05-03 12:34:24','No','No','No','No'),
 (73,56,'CBABANK','0','','2016-02-17 09:51:51','2017-05-03 12:34:24','No','No','No','No'),
 (74,56,'DTB','0','','2016-02-17 09:52:11','2017-05-03 12:34:24','No','No','No','No'),
 (75,56,'NICBANK','0','','2016-02-17 09:52:42','2017-05-03 12:34:24','No','No','No','No'),
 (76,56,'PESAPOINT','0','','2016-02-17 09:53:04','2017-05-03 12:34:24','No','No','No','No'),
 (77,56,'DUBAIBANK','0','','2016-02-17 09:53:24','2016-02-17 06:53:24','Yes','No','No','No'),
 (78,56,'20554','0','','2016-02-17 09:53:42','2017-05-03 12:34:24','No','No','No','No'),
 (79,56,'RWANDAIR','0','','2016-02-17 09:54:04','2016-02-17 06:54:04','Yes','No','No','No'),
 (80,56,'21075','0','','2016-02-17 09:54:26','2016-02-17 06:54:26','Yes','No','No','No'),
 (81,56,'CPKENYA','0','','2016-02-17 09:54:45','2016-02-17 06:54:45','Yes','No','No','No'),
 (82,56,'GUINNESS','0','','2016-02-17 09:55:03','2016-02-17 06:55:03','Yes','No','No','No'),
 (83,56,'PATAWORKS','0','','2016-02-17 09:55:28','2016-02-17 06:55:28','Yes','No','No','No'),
 (84,56,'22688','0','','2016-02-17 09:55:45','2016-02-17 06:55:45','Yes','No','No','No'),
 (85,56,'21818','0','','2016-02-17 09:56:05','2016-02-17 06:56:05','Yes','No','No','Yes'),
 (86,56,'21633','0','','2016-02-17 09:56:26','2016-02-17 06:56:26','Yes','No','No','No'),
 (87,56,'AGROKENYA','0','','2016-02-17 09:57:01','2016-02-17 06:57:01','Yes','No','No','No'),
 (88,56,'AIMSOFT','0','','2016-02-17 09:57:26','2016-02-17 06:57:26','Yes','No','No','No'),
 (89,56,'NAFSI','0','','2016-02-17 09:57:45','2016-02-17 06:57:45','Yes','No','No','No'),
 (90,56,'22414','0','','2016-02-17 09:58:05','2016-02-17 06:58:05','Yes','No','No','No'),
 (91,56,'37269','0','','2016-02-17 09:58:26','2016-02-17 06:58:26','Yes','No','No','No'),
 (92,56,'22494','0','','2016-02-17 09:58:52','2016-02-17 06:58:52','Yes','No','No','No'),
 (93,56,'KNCCI','0','','2016-02-17 10:00:01','2016-02-17 07:00:01','Yes','No','No','No'),
 (94,56,'21595','0','','2016-02-17 10:00:28','2016-02-17 07:00:28','Yes','No','No','No'),
 (95,56,'WEFARM_22301','0','','2016-02-17 10:00:50','2016-02-17 07:00:50','Yes','No','No','No'),
 (96,56,'GENERIC','0','','2016-02-17 10:01:14','2017-05-03 12:34:24','No','No','No','No'),
 (97,56,'GENERIC2','0','','2016-02-17 10:01:36','2016-02-17 07:01:36','Yes','No','No','No'),
 (98,56,'21227','0','','2016-02-17 10:02:05','2016-02-17 07:02:05','Yes','No','No','No'),
 (99,56,'BoxOffice','0','','2016-02-17 10:02:23','2016-02-17 07:02:23','Yes','No','No','No'),
 (100,56,'21797','0','','2016-02-17 10:02:44','2016-02-17 07:02:44','Yes','No','No','No'),
 (101,56,'22496','0','','2016-02-17 10:03:13','2016-02-17 07:03:13','Yes','No','No','No'),
 (102,56,'22495','0','','2016-02-17 10:03:33','2017-05-30 13:23:23','No','Yes','No','No'),
 (103,56,'SPACEGLOBAL','0','','2016-02-17 10:03:54','2016-02-17 07:03:54','Yes','No','No','No'),
 (104,56,'BeyuzComm','0','','2016-02-17 10:04:16','2016-02-17 07:04:16','Yes','No','No','No'),
 (105,58,'BeyuzComm','0','','2016-02-22 10:36:32','2016-02-22 07:36:32','Yes','No','No','No'),
 (107,37,'MTECH','0','','2016-02-27 10:14:42','2016-02-27 07:14:42','Yes','No','No','No'),
 (108,60,'NewYorkSpa','0','','2016-03-02 15:28:29','2016-03-02 12:28:29','Yes','No','No','No'),
 (111,61,'KISIMA','21633','Thank you for choosing to invest with us, one of our agents will contact you shortly.','2016-03-14 12:46:14','2016-03-14 09:46:14','Yes','No','No','No'),
 (112,62,'N_I_T','0','','2016-03-17 09:06:51','2016-03-17 06:06:51','Yes','No','No','No'),
 (113,65,'FCSL','0','','2016-04-04 15:53:57','2016-04-04 12:53:57','Yes','No','No','No'),
 (114,39,'DT_DOBIE','0','','2016-04-06 09:24:17','2016-04-06 06:24:17','Yes','No','No','No'),
 (117,67,'FEPHOLDING','0','','2016-04-11 10:57:48','2016-04-11 07:57:48','Yes','No','No','No'),
 (118,66,'444500','0','','2016-04-12 16:05:12','2016-04-12 13:05:12','Yes','No','No','No'),
 (119,66,'Finbank','0','','2016-04-12 16:54:16','2016-04-12 13:54:16','Yes','No','No','No'),
 (129,69,'Truckers','0','','2016-04-22 11:58:15','2016-04-22 08:58:15','Yes','No','No','No'),
 (130,70,'BCLUB','0','','2016-04-26 08:36:18','2016-04-26 05:36:18','Yes','No','No','No'),
 (132,68,'PizzaInn','0','','2016-05-10 17:29:11','2016-05-10 14:29:11','Yes','No','No','No'),
 (133,68,'ChickenInn','0','','2016-05-10 17:29:31','2016-05-10 14:29:31','Yes','No','No','No'),
 (134,68,'Galitos','0','','2016-05-10 17:29:47','2016-05-10 14:29:47','Yes','No','No','No'),
 (135,68,'Vidae','0','','2016-05-10 17:30:04','2016-05-10 14:30:04','Yes','No','No','No'),
 (136,68,'DaD','0','','2016-05-10 17:30:23','2016-05-10 14:30:23','Yes','No','No','No'),
 (137,68,'CreamyInn','0','','2016-05-10 17:30:40','2016-05-10 14:30:40','Yes','No','No','No'),
 (138,68,'BakersInn','0','','2016-05-10 17:30:55','2016-05-10 14:30:55','Yes','No','No','No'),
 (139,68,'KidzZone','0','','2016-05-10 17:31:12','2016-05-10 14:31:12','Yes','No','No','No'),
 (141,72,'21075','21075','','2016-05-20 11:05:40','2017-09-06 16:34:30','No','Yes','No','No'),
 (145,2,'CLUBPY','0','','2016-05-25 08:44:33','2016-05-25 05:44:33','Yes','No','No','No'),
 (147,76,'NairoBits','0','','2016-06-03 15:52:42','2016-06-03 12:52:42','Yes','No','No','No'),
 (148,77,'FOUNTSAFARI','0','','2016-06-08 16:28:22','2016-06-08 13:28:22','Yes','No','No','No'),
 (149,78,'DIGEN','0','','2016-06-14 12:51:25','2016-06-14 09:51:25','Yes','No','No','No'),
 (150,79,'NGSA','0','','2016-06-21 15:30:04','2016-06-21 12:30:04','Yes','No','No','No'),
 (151,2,'BLELTD','0','','2016-06-27 12:33:52','2016-06-27 09:33:52','Yes','No','No','No'),
 (152,39,'BLELTD','0','','2016-06-27 12:37:38','2016-06-27 09:37:38','Yes','No','No','No'),
 (153,80,'KingbizINC','0','','2016-07-06 09:49:57','2016-07-06 06:49:57','Yes','No','No','No'),
 (154,81,'KIPKITTONY','0','','2016-07-06 10:56:27','2016-07-06 07:56:27','Yes','No','No','No'),
 (155,74,'COLDSTONE','0','','2016-07-25 11:57:33','2016-07-25 08:57:33','Yes','No','No','No'),
 (156,73,'DOMINOS','0','','2016-07-25 11:59:02','2016-07-25 08:59:02','Yes','No','No','No'),
 (159,85,'THESMITH','0','','2016-08-08 11:31:52','2016-08-08 08:31:52','Yes','No','No','No'),
 (160,87,'CRANBROOK','0','','2016-08-08 13:02:55','2016-08-08 10:02:55','Yes','No','No','No'),
 (162,88,'CUSSONS','0','','2016-08-09 11:26:53','2016-08-09 08:26:53','Yes','No','No','No'),
 (164,90,'SCANAD','0','','2016-08-19 12:24:59','2016-08-19 09:24:59','Yes','No','No','No'),
 (166,92,'GLSMombasa','0','','2016-08-22 15:57:35','2016-08-22 12:57:35','Yes','No','No','No'),
 (167,84,'MobifinPlus','0','','2016-08-29 10:11:01','2016-08-29 07:11:01','Yes','No','No','No'),
 (168,93,'FunnetLtd','0','','2016-09-05 10:51:20','2016-09-05 07:51:20','Yes','No','No','No'),
 (169,94,'KCB','0','','2016-09-06 07:52:01','2017-05-03 12:34:24','No','Yes','No','No'),
 (171,94,'PESAPOINT','0','','2016-09-06 16:53:35','2019-05-02 09:29:42','No','Yes','No','No'),
 (173,94,'DTB','0','','2016-09-06 16:54:13','2019-05-02 09:29:42','No','Yes','No','No'),
 (174,94,'Dahabshiil','0','','2016-09-06 16:54:30','2017-05-03 12:34:24','No','Yes','No','No'),
 (175,94,'CBABANK','0','','2016-09-06 16:54:44','2019-05-02 09:29:42','No','Yes','No','No'),
 (176,94,'BoxOffice','0','','2016-09-06 16:55:07','2019-05-02 09:29:42','Yes','Yes','No','No'),
 (177,94,'22688','0','','2016-09-06 16:55:23','2016-09-06 13:55:23','No','Yes','No','No'),
 (178,94,'22788','0','','2016-09-06 16:56:48','2019-05-02 09:29:42','Yes','Yes','No','No'),
 (179,95,'RamboLTD','0','','2016-09-07 08:15:38','2016-09-07 05:15:38','Yes','No','No','No'),
 (181,13,'20554','0','','2016-09-07 10:16:36','2017-05-03 12:34:24','No','Yes','No','No'),
 (184,97,'KENYAPOWER','21305','','2016-09-09 18:51:22','2016-09-09 15:51:22','Yes','No','No','No'),
 (185,2,'KENYAPOWER','0','','2016-09-13 13:08:29','2016-09-13 10:08:29','Yes','No','No','No'),
 (186,96,'StarTimes','0','','2016-09-16 20:17:23','2016-09-16 17:17:23','Yes','No','No','No'),
 (188,2,'CUSSONS','0','','2016-09-20 16:04:53','2016-09-20 13:04:53','Yes','No','No','No'),
 (189,98,'KISSTV','0','','2016-09-21 09:06:11','2016-09-21 06:06:12','Yes','No','No','No'),
 (192,71,'BETWAY','29019','','2016-10-14 15:51:02','2016-10-14 12:51:02','Yes','No','No','No'),
 (193,2,'StarTimes','0','','2016-10-14 16:56:33','2016-10-14 13:56:33','Yes','No','No','No'),
 (194,2,'MobifinPlus','0','','2016-10-14 16:56:58','2016-10-14 13:56:58','Yes','No','No','No'),
 (195,2,'29029','0','','2016-10-19 11:36:19','2016-10-19 08:36:19','Yes','No','No','No'),
 (196,100,'HOLISTIC','0','','2016-10-26 10:11:21','2016-10-26 07:11:21','Yes','No','No','No'),
 (197,101,'22699','22699','','2016-11-02 16:23:04','2016-11-02 13:23:04','No','No','No','No'),
 (198,2,'251115181923','0','','2016-11-02 16:39:10','2016-11-02 13:39:10','Yes','No','No','No'),
 (199,101,'Triggerise','0','','2016-11-02 17:19:12','2016-11-02 14:19:12','Yes','No','No','No'),
 (200,2,'22699','0','','2016-11-02 19:01:24','2016-11-02 16:01:24','Yes','No','No','No'),
 (201,2,'Triggerise','0','','2016-11-02 19:03:14','2016-11-02 16:03:14','Yes','No','No','No'),
 (202,102,'KISM','0','','2016-11-09 15:36:31','2016-11-09 12:36:31','Yes','No','No','No'),
 (203,103,'BebaEasy','0','','2016-11-16 11:47:02','2016-11-16 08:47:02','Yes','No','No','No'),
 (204,101,'2348169072151','0','','2016-11-21 14:40:53','2016-11-21 11:40:53','Yes','No','No','No'),
 (205,65,'FEPHOLDING','0','','2016-11-23 11:42:44','2016-11-23 08:42:44','Yes','No','No','No'),
 (206,104,'CAFEDELI','0','','2016-11-23 15:30:39','2016-11-23 12:30:39','Yes','No','No','No'),
 (208,101,'8118','0','','2016-12-03 05:58:20','2016-12-03 02:58:20','Yes','No','No','No'),
 (210,106,'StunningSPA','0','','2016-12-14 11:40:31','2016-12-14 08:40:31','Yes','No','No','No'),
 (211,107,'NalipaKodi','0','','2016-12-15 15:36:05','2016-12-15 12:36:05','Yes','No','No','No'),
 (212,101,'8045','0','','2016-12-16 12:59:01','2016-12-16 09:59:01','Yes','No','No','No'),
 (213,32,'6003','0','','2017-01-04 12:18:19','2017-01-04 09:18:19','Yes','No','No','No'),
 (214,2,'6003','testing','','2017-01-04 12:29:52','2017-01-04 09:29:52','Yes','No','No','No'),
 (215,108,'6003','0','','2017-01-04 12:30:25','2017-01-04 09:30:25','Yes','No','No','No'),
 (217,118,'TNB','0','','2017-01-20 09:43:53','2017-01-20 06:43:53','No','No','No','No'),
 (218,120,'GENERIC','0','','2017-01-30 15:41:04','2017-05-03 12:34:24','No','No','No','No'),
 (219,119,'NYUMBAFINDA','0','','2017-02-04 17:39:14','2017-02-04 14:39:14','Yes','No','No','No'),
 (220,67,'FCSL','0','','2017-02-06 13:49:19','2017-02-06 10:49:19','Yes','No','No','No'),
 (221,2,'FCSL','0','','2017-02-07 08:58:57','2017-02-07 05:58:57','Yes','No','No','No'),
 (222,121,'Juhudi','0','','2017-02-23 17:27:11','2017-02-23 14:27:11','Yes','No','No','No'),
 (223,94,'NICBANK','0','','2017-02-24 13:20:47','2019-05-02 09:29:42','No','Yes','No','No'),
 (224,94,'21227','0','','2017-02-24 13:23:10','2019-05-02 09:29:42','Yes','Yes','No','No'),
 (225,94,'Simbapay','0','','2017-02-24 13:26:14','2019-05-02 09:29:42','Yes','Yes','No','No'),
 (227,82,'6333','0','','2017-02-24 18:19:42','2017-02-24 15:19:42','Yes','No','No','No'),
 (228,71,'29019','0','','2017-02-24 19:01:41','2017-02-24 16:01:41','Yes','Yes','No','No'),
 (229,108,'8177','0','','2017-03-01 10:58:16','2017-03-01 07:58:16','Yes','No','No','No'),
 (230,108,'6115','0','','2017-03-01 10:58:35','2017-03-01 07:58:35','Yes','No','No','No'),
 (231,95,'GameMania','0','','2017-03-03 08:19:56','2017-03-03 05:19:56','Yes','No','No','No'),
 (232,122,'22495','22495','','2017-03-03 15:03:41','2017-05-30 13:23:23','No','Yes','No','No'),
 (233,122,'22496','22496','','2017-03-03 15:04:03','2017-03-03 12:04:03','Yes','No','No','No'),
 (234,123,'22699','0','','2017-03-06 07:50:27','2017-03-06 04:50:27','Yes','No','No','No'),
 (235,124,'TECTAILER','0','','2017-03-13 15:29:00','2017-03-13 12:29:00','Yes','No','No','No'),
 (236,125,'IwaySupport','0','','2017-03-13 16:53:12','2017-03-13 13:53:12','Yes','No','No','No'),
 (237,126,'22494','22494','Dial *812# to get a 15 day free trial on Songa and get over 2.5 million songs!','2017-03-17 06:59:31','2017-03-17 03:59:31','No','No','No','Yes'),
 (238,127,'22414','22414','','2017-03-17 15:04:19','2017-03-17 12:04:19','No','No','No','No'),
 (240,129,'SoyAfric','0','','2017-03-23 10:22:52','2017-03-23 07:22:52','Yes','No','No','No'),
 (243,100,'BamburiAfya','0','','2017-03-28 11:06:47','2017-03-28 08:06:47','Yes','No','No','No'),
 (245,132,'CHATPESA','0','','2017-04-07 13:02:04','2017-04-07 10:02:04','Yes','No','No','No'),
 (246,2,'22495','0','','2017-04-11 11:06:49','2017-05-30 13:23:23','No','Yes','No','No'),
 (247,133,'WHITERHINO','0','','2017-04-13 10:27:58','2017-04-13 07:27:58','Yes','No','No','No'),
 (248,219,'AcreHakika','21514','','2017-04-26 09:20:05','2017-04-26 06:20:05','Yes','No','No','No'),
 (249,130,'NICBANK','0','','2017-04-27 12:14:42','2017-05-03 12:34:24','No','Yes','No','No'),
 (251,105,'TransU-CRB','0','','2017-05-02 10:47:42','2017-05-02 07:47:42','Yes','No','No','No'),
 (252,2,'Acre_21517','0','','2017-05-05 16:12:49','2017-05-05 13:12:49','Yes','No','No','No'),
 (253,136,'1xBet','29021','','2017-05-08 17:04:59','2017-05-08 14:04:59','Yes','No','No','No'),
 (255,94,'Showmax','22786','','2017-05-09 15:28:08','2019-05-02 09:29:42','No','Yes','No','No'),
 (256,136,'29021','0','','2017-05-10 14:44:59','2017-05-10 11:44:59','No','No','No','No'),
 (257,137,'8118','8118','','2017-05-12 12:12:23','2017-05-12 09:12:23','No','No','No','No'),
 (258,94,'GOTV','0','','2017-05-25 13:17:33','2017-05-25 10:17:33','No','Yes','No','No'),
 (262,100,'COMPCAMP','0','','2017-06-09 15:26:23','2017-06-09 12:26:23','Yes','No','No','No'),
 (263,130,'QuickTeller','QuickTeller','','2017-06-13 15:42:17','2017-06-13 12:42:17','No','Yes','No','No'),
 (264,141,'ShareCab','0','','2017-06-19 15:45:26','2017-06-19 12:45:26','Yes','No','No','No'),
 (265,142,'KEEPBALANCE','0','','2017-06-21 09:25:18','2017-06-21 06:25:18','Yes','No','No','No'),
 (269,130,'Verve','0','','2017-07-20 15:23:59','2017-07-20 12:23:59','No','Yes','No','No'),
 (270,71,'29029','29029','','2017-07-21 12:09:23','2019-05-12 05:36:04','Yes','No','No','No'),
 (272,143,'NC BANK','0','','2017-07-21 18:56:15','2017-07-21 15:56:15','No','Yes','No','No'),
 (276,147,'VENUS','0','','2017-07-27 14:49:40','2017-07-27 11:49:40','Yes','No','No','No'),
 (278,148,'CRS','0','','2017-07-28 10:22:34','2017-07-28 07:22:34','Yes','No','No','No'),
 (280,150,'NyatiSacco','0','','2017-08-06 16:49:39','2017-08-06 13:49:39','No','No','No','No'),
 (282,130,'CreditBank','0','','2017-08-15 08:46:22','2017-08-15 05:46:22','No','Yes','No','No'),
 (285,35,'22494','22494','','2017-08-28 16:55:16','2017-08-28 13:55:16','Yes','No','No','Yes'),
 (286,153,'22514','22514','','2017-08-29 13:05:45','2017-08-29 10:05:45','No','No','No','No'),
 (287,154,'PMministry','0','','2017-09-01 16:21:05','2017-09-01 13:21:05','Yes','No','No','No'),
 (289,105,'40270','40270','','2017-09-07 15:06:29','2017-09-07 12:06:29','Yes','No','No','No'),
 (290,155,'JEMICOURIER','0','','2017-09-08 10:38:54','2017-09-08 07:38:54','Yes','No','No','No'),
 (292,156,'ODM','0','','2017-09-12 09:32:23','2017-09-12 06:32:23','Yes','No','No','No'),
 (293,2,'MTECH_21227','0','','2017-09-12 11:18:09','2017-09-12 08:18:09','Yes','No','No','No'),
 (294,94,'INFO','0','','2017-09-12 18:25:30','2019-05-02 09:29:42','Yes','Yes','No','No'),
 (295,94,'DStv','0','','2017-09-13 09:45:21','2019-05-02 09:29:42','No','Yes','No','No'),
 (296,94,'SMSinf','0','','2017-09-13 11:03:58','2019-05-02 09:29:42','Yes','Yes','No','No'),
 (297,94,'SMSINFO','0','','2017-09-13 11:04:26','2019-05-02 09:29:42','Yes','Yes','No','No'),
 (298,153,'22514_header','0','','2017-09-18 12:24:21','2017-09-18 09:24:21','No','No','No','No'),
 (299,157,'VividGold','0','','2017-09-20 09:40:33','2017-09-20 06:40:33','Yes','No','No','No'),
 (300,158,'ITCAFRICA','0','','2017-09-20 15:24:50','2017-09-20 12:24:50','Yes','No','No','No'),
 (301,159,'DCMWIKI','0','','2017-09-20 16:20:16','2017-09-20 13:20:16','Yes','No','No','No'),
 (304,39,'DTDOBIE','0','','2017-09-26 10:27:16','2017-09-26 07:27:16','Yes','No','No','No'),
 (305,122,'21517','21517','','2017-09-27 08:10:09','2017-09-27 05:10:09','No','No','No','Yes'),
 (307,160,'IDPCOMM','0','','2017-10-04 16:46:05','2017-10-04 13:46:05','No','No','No','No'),
 (308,160,'BLELTD','0','','2017-10-06 15:21:22','2017-10-06 12:21:22','No','No','No','No'),
 (310,137,'8177','0','','2017-10-10 13:11:40','2017-10-10 10:11:40','No','No','No','No'),
 (311,161,'8118','8118','','2017-10-10 15:43:53','2017-10-10 12:43:53','Yes','No','No','No'),
 (312,162,'NVA','0','','2017-10-10 16:15:01','2017-10-10 13:15:01','Yes','No','No','No'),
 (313,161,'6333','0','','2017-10-12 12:10:20','2017-10-12 09:10:20','Yes','No','No','No'),
 (314,161,'6565','0','','2017-10-12 12:54:03','2017-10-12 09:54:03','Yes','No','No','No'),
 (315,2,'21518','0','','2017-10-13 10:50:06','2017-10-13 07:50:06','Yes','No','No','No'),
 (316,2,'DOMINOS','0','','2017-10-13 11:30:56','2017-10-13 08:30:56','Yes','No','No','No'),
 (318,2,'21518_header','0','','2017-10-18 15:55:20','2017-10-18 12:55:20','Yes','No','No','No'),
 (319,2,'Google','0','','2017-10-19 09:15:27','2017-10-19 06:15:27','Yes','No','No','No'),
 (320,56,'FACEBOOK','0','','2017-10-19 09:15:53','2017-10-19 06:15:53','Yes','No','No','No'),
 (321,56,'WhatsApp','0','','2017-10-19 09:17:00','2017-10-19 06:17:00','Yes','No','No','No'),
 (322,166,'WhatsApp','0','','2017-10-19 10:12:18','2017-10-19 07:12:18','No','Yes','No','No'),
 (323,167,'FACEBOOK','0','','2017-10-19 10:13:00','2017-10-19 07:13:00','No','Yes','No','No'),
 (324,168,'WKADVOCATES','0','','2017-10-19 15:59:33','2017-10-19 12:59:33','Yes','No','No','No'),
 (325,171,'WhatsApp','0','','2017-10-23 15:56:00','2017-10-23 12:56:00','No','Yes','No','No'),
 (326,171,'FACEBOOK','0','','2017-10-23 15:56:27','2017-10-23 12:56:27','No','Yes','No','No'),
 (327,171,'Google','0','','2017-10-23 15:56:48','2017-10-23 12:56:48','No','Yes','No','No'),
 (328,153,'GROUPESA','0','','2017-11-01 14:48:52','2017-11-01 11:48:52','Yes','No','No','No'),
 (330,173,'PESALINK','0','','2017-11-03 17:11:06','2017-11-03 14:11:06','No','Yes','No','No'),
 (331,174,'22414','22414','','2017-11-08 08:57:52','2017-11-08 05:57:52','No','No','No','Yes'),
 (332,175,'ACKMemorial','0','','2017-11-16 16:21:20','2017-11-16 13:21:20','Yes','No','No','No'),
 (334,13,'21313','21313','','2017-11-21 12:48:14','2017-11-21 09:48:14','No','No','No','Yes'),
 (335,177,'22518','22518','','2017-11-28 10:13:07','2017-11-28 07:13:07','No','No','No','Yes'),
 (336,178,'20683','0','','2017-11-29 11:44:41','2017-11-29 08:44:41','No','Yes','No','No'),
 (337,2,'21313','21313','','2017-11-30 07:23:17','2017-11-30 04:23:17','No','No','No','No'),
 (338,176,'6565','0','','2017-12-01 13:11:58','2017-12-01 10:11:58','No','Yes','No','No'),
 (339,180,'VUQA','0','','2017-12-05 12:03:30','2017-12-05 09:03:30','Yes','No','No','No'),
 (341,179,'SYNQSMS','0','','2017-12-06 16:10:14','2017-12-06 13:10:14','No','Yes','No','No'),
 (342,152,'CapitalLTD','0','','2017-12-08 16:22:37','2017-12-08 13:22:37','No','No','No','No'),
 (343,182,'PESAPATA','0','','2017-12-13 19:02:45','2017-12-13 16:02:45','Yes','No','No','No'),
 (344,183,'PAMPERS','0','','2017-12-19 10:43:46','2017-12-19 07:43:46','Yes','No','No','No'),
 (345,84,'UMATI','0','','2017-12-20 07:50:24','2017-12-20 04:50:24','Yes','No','No','No'),
 (346,144,'BORESHA','0','','2017-12-22 11:12:10','2017-12-22 08:12:10','Yes','No','No','No'),
 (347,2,'MTECH','0','','2018-01-12 15:25:03','2018-01-12 12:25:03','Yes','No','No','No'),
 (348,186,'Multichoice','1731','Thank you for your DStv/GOtv enquiry. An agent will attend to you with a response shortly. Please keep your phone close by.','2018-01-18 10:49:00','2020-04-16 11:43:06','No','Yes','No','No'),
 (349,1,'21818','0','','2018-01-18 12:48:24','2018-01-18 09:48:24','No','Yes','No','Yes'),
 (351,188,'MWITOSACCO','0','','2018-01-19 09:07:48','2018-01-19 06:07:48','No','Yes','No','No'),
 (352,1,'22922','0','','2018-01-19 12:06:26','2018-01-19 09:06:26','No','No','No','No'),
 (353,189,'LipaPay','0','','2018-01-19 12:08:04','2018-01-19 09:08:04','No','No','No','No'),
 (356,160,'KISSTV','0','','2018-01-22 18:38:42','2018-01-22 15:38:42','Yes','No','No','No'),
 (357,2,'21818','0','','2018-01-23 11:46:56','2018-01-23 08:46:56','Yes','No','No','Yes'),
 (359,192,'BIDIICREDIT','0','','2018-01-30 11:08:16','2018-01-30 08:08:16','Yes','No','No','No'),
 (361,130,'B&W','0','','2018-02-01 14:52:13','2018-02-01 14:02:08','Yes','Yes','No','No'),
 (362,193,'EprenAcad','0','','2018-02-02 15:12:59','2018-02-02 12:12:59','Yes','No','No','No'),
 (363,194,'ASHUVENTURE','0','','2018-02-12 15:58:02','2018-02-12 12:58:02','Yes','No','No','No'),
 (365,94,'+233202354398','0','','2018-02-16 16:10:25','2018-02-16 13:10:25','No','Yes','No','No'),
 (366,195,'lemagirls','0','','2018-02-20 14:51:50','2018-02-20 11:51:50','Yes','No','No','No'),
 (367,196,'EPICENTER','0','','2018-02-20 16:26:08','2018-02-20 13:26:08','Yes','No','No','No'),
 (369,179,'35818','0','','2018-02-21 14:18:22','2018-02-21 11:18:22','No','No','No','No'),
 (370,179,'NXSMS','0','','2018-02-21 14:18:51','2018-02-21 11:18:51','No','No','No','No'),
 (372,170,'1019','0','','2018-02-24 08:23:23','2018-02-24 05:23:23','No','Yes','No','No'),
 (374,94,'+2349075068087','0','','2018-02-27 14:07:29','2018-02-27 11:07:29','No','Yes','No','No'),
 (375,94,'+2348097134510','0','','2018-02-27 14:08:15','2018-02-27 11:08:15','No','Yes','No','No'),
 (376,130,'PESAPOINT','0','','2018-03-01 07:39:43','2018-03-01 04:39:43','Yes','No','No','No'),
 (377,160,'Notifire','0','','2018-03-01 09:18:22','2018-03-01 06:18:22','Yes','No','No','No'),
 (378,218,'Kilimall','0','','2018-03-02 10:46:17','2018-03-02 07:46:17','No','No','No','No'),
 (379,179,'WeChat','0','','2018-03-08 09:19:32','2018-03-08 06:19:32','No','Yes','No','No'),
 (380,179,'Yahoo','0','','2018-03-08 09:19:56','2018-03-08 06:19:56','No','Yes','No','No'),
 (381,179,'13239877288','0','','2018-03-08 09:20:18','2018-03-08 06:20:18','No','Yes','No','No'),
 (382,179,'18442246075','0','','2018-03-08 09:20:42','2018-03-08 06:20:42','No','Yes','No','No'),
 (383,179,'IQOption','0','','2018-03-08 09:21:02','2018-03-08 06:21:02','No','Yes','No','No'),
 (384,179,'BOOKING.COM','0','','2018-03-08 09:21:42','2018-03-08 06:21:42','No','Yes','No','No'),
 (385,179,'919971737245','0','','2018-03-08 09:22:05','2018-03-08 06:22:05','No','Yes','No','No'),
 (386,179,'Qsms','0','','2018-03-08 09:22:28','2018-03-08 06:22:28','No','Yes','No','No'),
 (387,179,'Snapchat','0','','2018-03-08 09:22:56','2018-03-08 06:22:56','No','Yes','No','No'),
 (388,179,'12146124188','0','','2018-03-08 09:23:30','2018-03-08 06:23:30','No','Yes','No','No'),
 (389,179,'iflix','0','','2018-03-08 09:34:23','2018-03-08 06:34:23','No','Yes','No','No'),
 (390,179,'Phone Code','0','','2018-03-08 09:34:23','2018-03-08 06:34:23','No','Yes','No','No'),
 (391,179,'TravelInfo','0','','2018-03-08 09:34:23','2018-03-08 06:34:23','No','Yes','No','No'),
 (392,179,'Verify','0','','2018-03-08 09:34:23','2018-03-08 06:34:23','No','Yes','No','No'),
 (393,179,'Facebook','0','','2018-03-08 09:34:23','2018-03-08 06:34:23','No','Yes','No','No'),
 (394,179,'WhatsApp','0','','2018-03-08 09:34:23','2018-03-08 06:34:23','No','Yes','No','No'),
 (395,179,'Viber','0','','2018-03-08 09:34:23','2018-03-08 06:34:23','No','Yes','No','No'),
 (396,179,'Telegram','0','','2018-03-08 09:34:23','2018-03-08 06:34:23','No','Yes','No','No'),
 (397,179,'IMO','0','','2018-03-08 09:34:23','2018-03-08 06:34:23','No','Yes','No','No'),
 (398,179,'Tango','0','','2018-03-08 09:34:23','2018-03-08 06:34:23','No','Yes','No','No'),
 (399,179,'LinkedIn','0','','2018-03-08 09:34:23','2018-03-08 06:34:23','No','Yes','No','No'),
 (400,179,'VSMS','0','','2018-03-08 09:34:23','2018-03-08 06:34:23','No','Yes','No','No'),
 (401,179,'infoSMS','0','','2018-03-08 09:34:23','2018-03-08 06:34:23','No','Yes','No','No'),
 (402,179,'Barclays/ BARCLAYS ','0','','2018-03-08 09:34:23','2018-03-08 06:34:23','No','Yes','No','No'),
 (403,179,'Info','0','','2018-03-08 09:34:23','2018-03-08 06:34:23','No','Yes','No','No'),
 (404,179,'Truecaller ','0','','2018-03-08 09:34:23','2018-03-08 06:34:23','No','Yes','No','No'),
 (405,179,'SMS','0','','2018-03-08 09:34:23','2018-03-08 06:34:23','No','Yes','No','No'),
 (406,179,'Line','0','','2018-03-08 09:34:23','2018-03-08 06:34:23','No','Yes','No','No'),
 (407,179,'Multichoice ','0','','2018-03-08 09:34:23','2018-03-08 06:34:23','No','Yes','No','No'),
 (409,94,'WorldRemit','0','','2018-03-08 15:23:18','2019-05-02 09:29:42','No','Yes','No','No'),
 (410,202,'20683','0','','2018-03-13 16:17:13','2018-03-13 13:17:13','No','No','No','No'),
 (412,203,'SIP','0','','2018-03-27 12:34:38','2018-03-27 09:34:38','Yes','No','No','No'),
 (413,204,'SWISSPKGING','0','','2018-03-28 09:41:41','2018-03-28 06:41:41','Yes','No','No','No'),
 (414,31,'TEST','0','','2018-04-03 14:15:12','2021-03-16 15:57:32','No','No','No','No'),
 (415,205,'PesaPal','0','','2018-04-03 15:02:53','2018-04-03 12:02:53','Yes','No','No','No'),
 (417,160,'HelloPaisa','0','','2018-04-16 20:06:18','2018-04-16 17:06:18','Yes','No','No','No'),
 (418,190,'Powerbets','0','','2018-04-17 08:42:46','2018-04-17 05:42:46','Yes','No','No','No'),
 (419,160,'27840001383246','0','','2018-04-19 19:04:20','2018-04-19 16:04:20','No','No','No','No'),
 (420,209,'Capita','0','','2018-04-20 07:59:46','2018-04-20 04:59:46','Yes','No','No','No'),
 (421,160,'27840001366','0','','2018-04-20 15:37:09','2018-04-20 12:37:09','No','Yes','No','No'),
 (422,160,'31641309886','0','','2018-04-23 13:46:19','2018-04-23 10:46:19','No','Yes','No','No'),
 (423,210,'BishopDOM','0','','2018-04-25 13:51:51','2018-04-25 10:51:51','Yes','No','No','No'),
 (425,143,'NCBA_BANK','20588','','2018-04-25 15:20:45','2019-03-25 12:29:53','No','Yes','Yes','No'),
 (427,211,'KISM','0','','2018-04-27 08:12:25','2018-04-27 05:12:25','Yes','No','No','No'),
 (429,160,'Tantan','0','','2018-05-04 10:37:42','2018-05-04 07:37:42','No','No','No','No'),
 (431,186,'1731','0','','2018-05-07 12:54:37','2018-05-07 09:54:37','No','No','No','No'),
 (432,212,'AAKENYA','0','','2018-05-10 11:43:22','2018-05-10 08:43:22','Yes','No','No','No'),
 (433,213,'KRA','0','','2018-05-14 12:22:11','2018-05-14 09:22:11','Yes','No','No','No'),
 (434,213,'KRACare','0','','2018-05-14 12:23:05','2018-05-14 09:23:05','Yes','No','No','No'),
 (435,213,'USHURU','0','','2018-05-14 12:29:13','2018-05-14 09:29:13','Yes','No','No','No'),
 (436,214,'FEPINSURE','0','','2018-05-14 15:02:13','2018-05-14 12:02:13','Yes','No','No','No'),
 (437,130,'INTERSWITCH','0','','2018-05-15 12:40:19','2018-05-15 09:40:19','No','Yes','No','No'),
 (438,130,'SIDIAN_INFO','0','','2018-05-15 12:40:54','2018-05-15 09:40:54','Yes','Yes','No','No'),
 (439,94,'20055','20055','','2018-05-16 12:34:58','2019-05-02 09:29:42','No','Yes','No','No'),
 (441,190,'Supabets','0','','2018-05-21 14:27:03','2018-05-21 11:27:03','Yes','No','No','No'),
 (442,71,'238','238','','2018-05-22 17:24:47','2018-05-22 14:24:47','No','Yes','No','No'),
 (443,160,'RAPID SARL','0','','2018-05-23 17:32:35','2018-05-23 14:32:35','No','Yes','No','No'),
 (444,160,'CHARITABLES','0','','2018-05-23 17:44:21','2018-05-23 14:44:21','No','No','No','No'),
 (445,94,'5300','5300','','2018-05-24 10:23:59','2018-05-24 07:23:59','No','Yes','No','No'),
 (446,160,'TAOVIP','0','','2018-05-24 11:27:41','2018-05-24 08:27:41','No','Yes','No','No'),
 (447,216,'RideNeiba','0','','2018-05-28 16:20:45','2018-05-28 13:20:45','Yes','No','No','No'),
 (448,2,'Powerbets','0','','2018-05-28 17:35:57','2018-05-28 14:35:57','Yes','Yes','No','No'),
 (449,2,'Supabets','0','','2018-05-28 17:55:03','2018-05-28 14:55:03','No','Yes','No','No'),
 (450,160,'Travelstart','0','','2018-05-30 16:55:44','2018-05-30 13:55:44','No','No','No','No'),
 (451,217,'MobiWater','0','','2018-06-06 08:32:33','2018-06-06 05:32:33','Yes','No','No','No'),
 (454,219,'21514','0','','2018-06-27 08:39:47','2018-06-27 05:39:47','Yes','No','No','No'),
 (455,220,'TexasCentre','0','','2018-06-29 16:19:51','2018-06-29 13:19:51','Yes','No','No','No'),
 (456,160,'QSMS','0','','2018-07-02 09:34:42','2018-07-02 06:34:42','Yes','No','No','No'),
 (457,160,'WeChat','0','','2018-07-02 09:35:49','2018-07-02 06:35:49','Yes','No','No','No'),
 (458,221,'UFAA','0','','2018-07-02 11:44:25','2018-07-02 08:44:25','No','No','No','No'),
 (459,222,'21313_BULK','0','','2018-07-05 11:42:31','2018-07-05 08:42:31','Yes','No','No','No'),
 (460,223,'20683_BULK','0','','2018-07-05 15:10:12','2018-07-05 12:10:12','Yes','No','No','No'),
 (461,224,'BETMASTER','0','','2018-07-06 09:30:50','2018-07-06 06:30:50','Yes','No','No','No'),
 (462,225,'21818_Bulk','0','','2018-07-09 11:08:19','2018-07-09 08:08:19','Yes','No','No','No'),
 (464,94,'21173','21173','','2018-07-09 14:15:17','2019-05-02 09:29:42','No','Yes','No','No'),
 (465,2,'MultiChoice_Int','0','','2018-07-10 12:58:31','2018-07-10 09:58:31','Yes','No','No','No'),
 (466,2,'GOtv_Int','0','','2018-07-10 13:06:32','2018-07-10 10:06:32','Yes','No','No','No'),
 (467,2,'edited','0','','2018-07-10 13:07:28','2018-07-10 10:07:28','Yes','No','No','No'),
 (468,2,'DStv','0','','2018-07-10 13:08:24','2018-07-10 10:08:24','Yes','No','No','No'),
 (470,22,'Infinity','0','','2018-07-16 09:57:43','2018-07-16 06:57:43','Yes','No','No','No'),
 (472,226,'KENROVERS','0','','2018-07-18 17:08:35','2018-07-18 14:08:35','Yes','No','No','No'),
 (473,141,'Virscom','0','','2018-07-18 17:09:44','2018-07-18 14:09:45','Yes','No','No','No'),
 (474,93,'KABETEDAIRY','0','','2018-07-18 17:10:45','2018-07-18 14:10:45','Yes','No','No','No'),
 (475,224,'29750','0','','2018-07-24 12:06:49','2018-07-24 09:06:49','Yes','No','No','No'),
 (476,228,'IMSGurus','0','','2018-07-30 08:44:38','2018-07-30 05:44:38','Yes','No','No','No'),
 (477,2,'KRA','0','','2018-07-31 13:29:31','2018-07-31 10:29:31','No','No','No','No'),
 (478,229,'JEVELDLTD','0','','2018-08-03 14:25:37','2018-08-03 11:25:37','Yes','No','No','No'),
 (479,190,'3018','3018','','2018-08-08 09:12:37','2018-08-08 06:12:37','No','No','No','No'),
 (481,232,'BETMASTER','0','','2018-08-09 13:45:06','2018-08-09 10:45:06','No','Yes','No','No'),
 (482,161,'MOBIMATT','0','','2018-08-10 15:29:21','2018-08-10 12:29:21','Yes','No','No','No'),
 (483,160,'RTSA Notice','0','','2018-08-17 13:16:09','2018-08-17 10:16:09','No','No','No','No'),
 (484,160,'IMS','0','','2018-08-17 13:17:42','2018-08-17 10:17:42','No','No','No','No'),
 (485,2,'CELLID','0','','2018-08-24 10:24:35','2018-08-24 07:24:35','No','No','No','No'),
 (486,94,'CellEd','0','','2018-08-24 11:01:00','2019-05-02 09:29:42','No','Yes','No','No'),
 (487,161,'L_USACCO','0','','2018-08-24 11:34:43','2018-08-24 08:34:44','No','No','No','No'),
 (489,141,'ApexSchool','0','','2018-08-30 14:48:29','2018-08-30 11:48:29','Yes','No','No','No'),
 (490,235,'mDaktari','0','','2018-08-30 17:28:44','2018-08-30 14:28:44','Yes','No','No','No'),
 (491,237,'MeToYouMins','0','','2018-09-03 10:24:46','2018-09-03 07:24:46','Yes','No','No','No'),
 (492,238,'AmazonLtd','0','','2018-09-03 10:48:52','2018-09-03 07:48:52','Yes','No','No','No'),
 (493,94,'1748','0','','2018-09-04 11:11:52','2019-05-02 09:29:42','No','Yes','No','No'),
 (494,94,'MultiChoice_','0','','2018-09-10 16:41:48','2019-05-02 09:29:42','No','Yes','No','No'),
 (496,236,'Banc','0','','2018-09-14 10:15:14','2018-09-14 07:15:14','Yes','No','No','No'),
 (497,240,'LimuruWater','0','','2018-09-18 10:23:13','2018-09-18 07:23:13','Yes','No','No','No'),
 (498,215,'QSMS','0','','2018-09-19 12:17:38','2018-09-19 09:17:38','Yes','No','No','No'),
 (499,242,'Rinotech','0','','2018-09-26 07:53:51','2018-09-26 04:53:51','Yes','No','No','No'),
 (500,39,'21313','0','','2018-09-26 10:02:18','2018-09-26 07:02:18','Yes','No','No','No'),
 (501,39,'21313_BULK','0','','2018-09-26 16:45:49','2018-09-26 13:45:49','Yes','No','No','No'),
 (503,90,'KPA','0','','2018-09-28 15:45:46','2018-09-28 12:45:46','Yes','No','No','No'),
 (507,160,'PesaPlus','0','','2018-10-04 12:50:30','2018-10-04 09:50:30','No','No','No','No'),
 (508,160,'ANTELOPE','0','','2018-10-04 13:12:15','2018-10-04 10:12:15','No','No','No','No'),
 (513,138,'OPTICA','0','','2018-10-18 10:45:56','2018-10-18 07:45:56','Yes','No','No','No'),
 (514,161,'DUMISHA','0','','2018-10-22 15:26:17','2018-10-22 12:26:17','Yes','No','No','No'),
 (515,247,'LENDU','0','','2018-10-24 10:35:57','2018-10-24 07:35:57','Yes','No','No','No'),
 (516,94,'Multichoice','0','','2018-10-25 10:21:00','2019-05-02 09:29:42','Yes','Yes','No','No'),
 (517,94,'Dahabshil','0','','2018-10-25 11:18:40','2019-05-02 09:29:42','Yes','Yes','No','No'),
 (518,248,'TENDERSURE','0','','2018-10-31 17:05:23','2018-10-31 14:05:23','Yes','No','No','No'),
 (520,250,'BLELTD','0','','2018-11-05 16:56:30','2018-11-05 13:56:30','Yes','No','No','No'),
 (521,250,'BCLUB','0','','2018-11-06 15:25:56','2018-11-06 12:25:56','Yes','No','No','No'),
 (522,96,'20683_BULK','0','','2018-11-07 13:57:02','2018-11-07 10:57:02','No','No','No','No'),
 (523,151,'21718','0','','2018-11-08 10:00:22','2018-11-08 07:00:22','Yes','No','No','No'),
 (524,251,'FUZU','0','','2018-11-08 11:25:30','2018-11-08 08:25:30','Yes','No','No','No'),
 (525,252,'DANGDUOSKI','0','','2018-11-08 14:42:07','2018-11-08 11:42:07','Yes','No','No','No'),
 (526,275,'20683_BULK','20683','','2018-11-08 15:52:49','2018-11-08 12:52:49','Yes','No','No','No'),
 (527,94,'MCAST','0','','2018-11-09 11:22:56','2019-05-02 09:29:42','No','Yes','No','No'),
 (528,250,'MCAST','0','','2018-11-09 15:00:31','2018-11-09 12:00:31','Yes','No','No','No'),
 (529,250,'8118','0','','2018-11-13 15:18:18','2018-11-13 12:18:18','Yes','No','No','No'),
 (530,228,'GOLDENREEDS','0','','2018-11-14 07:40:17','2018-11-14 04:40:17','Yes','No','No','No'),
 (531,250,'INFO','0','','2018-11-14 15:08:20','2018-11-14 12:08:20','Yes','No','No','No'),
 (532,253,'ELBAICO','0','','2018-11-23 14:43:10','2018-11-23 11:43:10','Yes','No','No','No'),
 (533,96,'66666666666','0','','2018-11-23 14:46:51','2018-11-23 11:46:51','Yes','No','No','No'),
 (534,2,'UFAA','0','','2018-11-23 16:32:40','2018-11-23 13:32:40','Yes','No','No','No'),
 (535,91,'SBGSKENYA','0','','2018-11-30 11:33:35','2018-11-30 08:33:35','No','No','No','No'),
 (537,94,'37269','0','','2018-12-04 15:55:41','2019-05-02 09:29:42','Yes','Yes','No','No'),
 (538,160,'AGEC','0','','2018-12-13 12:46:33','2018-12-13 09:46:33','Yes','No','No','No'),
 (540,256,'KABUKUWATER','0','','2018-12-17 09:48:37','2018-12-17 06:48:37','Yes','No','No','No'),
 (542,160,'BARAKA171','0','','2018-12-18 16:06:06','2018-12-18 13:06:06','Yes','No','No','No'),
 (543,160,'Candidat117','0','','2018-12-18 16:06:42','2018-12-18 13:06:42','Yes','No','No','No'),
 (544,259,'PISAFA','0','','2018-12-19 11:50:37','2018-12-19 08:50:37','Yes','No','No','No'),
 (545,255,'COLNETLTD','0','','2018-12-19 11:55:39','2018-12-19 08:55:39','Yes','No','No','No'),
 (546,2,'HelloPaisa','0','','2018-12-19 12:39:49','2018-12-19 09:39:49','Yes','No','No','No'),
 (547,143,'CARDUKA','0','','2018-12-21 12:15:10','2018-12-21 09:15:10','Yes','No','No','No'),
 (548,130,'DTB','0','','2018-12-22 09:17:05','2018-12-22 06:17:05','No','No','No','No'),
 (550,130,'SOLUTION_SC','0','','2019-01-14 11:27:59','2019-01-14 08:27:59','Yes','Yes','No','No'),
 (551,262,'PayHive','0','','2019-01-15 12:10:57','2019-01-15 09:10:57','Yes','No','No','No'),
 (552,263,'ShenzenNet','0','','2019-01-17 09:13:01','2019-01-17 06:13:01','Yes','No','No','No'),
 (554,231,'SIDIAN_INFO','0','','2019-01-21 16:00:03','2019-01-21 13:00:03','Yes','No','No','No'),
 (555,265,'ChristInUs','0','','2019-01-22 09:08:25','2019-01-22 06:08:25','Yes','No','No','No'),
 (556,283,'KYATUNE_SEC','0','','2019-01-22 09:09:06','2019-01-22 06:09:06','Yes','No','No','No'),
 (557,267,'5STARMUSIC','0','','2019-01-28 12:02:55','2019-01-28 09:02:55','Yes','No','No','No'),
 (558,130,'DFCUBANK','0','','2019-01-29 12:00:20','2019-01-29 09:00:20','No','Yes','No','No'),
 (559,266,'RoskyCredit','0','','2019-01-30 11:41:01','2019-01-30 08:41:01','Yes','No','No','No'),
 (560,268,'SuperiorHms','0','','2019-02-06 09:32:46','2019-02-06 06:32:46','Yes','No','No','No'),
 (561,269,'BewaAuditor','0','','2019-02-07 09:41:48','2019-02-07 06:41:48','Yes','No','No','No'),
 (562,271,'TheKarenHos','0','','2019-02-15 09:50:04','2019-02-15 06:50:04','Yes','No','No','No'),
 (563,283,'KYANIKA-SEC','0','','2019-02-18 11:09:03','2019-02-18 08:09:03','Yes','No','No','No'),
 (564,2,'FRESHPRO','0','','2019-02-20 06:46:21','2019-02-20 03:46:21','Yes','No','No','No'),
 (565,248,'IQ_Retail','0','','2019-02-21 09:31:37','2019-02-21 06:31:37','Yes','No','No','No'),
 (569,250,'KCB','0','','2019-03-07 14:41:14','2019-03-07 11:41:14','No','Yes','No','No'),
 (570,35,'SONGA','0','','2019-03-08 15:42:40','2019-03-08 12:42:40','Yes','No','No','No'),
 (571,160,'MCAST','0','','2019-03-12 10:59:01','2019-03-12 07:59:01','Yes','No','No','No'),
 (572,35,'MTECH','0','','2019-03-15 10:01:49','2019-03-15 07:01:49','Yes','No','No','No'),
 (574,272,'HELABET','29879','','2019-03-25 11:15:09','2019-03-25 08:15:09','Yes','No','No','No'),
 (575,39,'CUSSONS','0','','2019-03-26 16:02:41','2019-03-26 13:02:41','Yes','No','No','No'),
 (576,276,'OXIDINFO','0','','2019-03-27 08:12:44','2019-03-27 05:12:44','Yes','No','No','No'),
 (577,207,'MTECH','0','','2019-03-29 07:31:06','2019-03-29 04:31:06','Yes','No','No','No'),
 (578,39,'FRESHPRO','0','','2019-04-01 15:34:27','2019-04-01 12:34:27','Yes','No','No','No'),
 (579,39,'CHATPESA','0','','2019-04-01 15:52:16','2019-04-01 12:52:16','Yes','No','No','No'),
 (580,278,'Joy-Village','0','','2019-04-09 14:48:30','2019-04-09 11:48:30','Yes','No','No','No'),
 (581,277,'CassaBag','0','','2019-04-09 14:49:20','2019-04-09 11:49:20','Yes','No','No','No'),
 (582,2,'0','29750','','2019-04-11 14:16:33','2019-04-11 11:16:33','Yes','No','No','No'),
 (583,279,'88Nairobi','21718','','2019-04-12 08:59:17','2019-04-12 05:59:17','Yes','No','No','No'),
 (585,94,'Telegram','0','','2019-04-18 16:46:11','2019-04-18 13:46:11','No','Yes','No','No'),
 (586,94,'Facebook','0','','2019-04-24 11:46:07','2019-04-24 08:46:07','No','Yes','No','No'),
 (587,94,'LinkedIn','0','','2019-04-24 12:30:42','2019-04-24 09:30:42','No','Yes','No','No'),
 (588,94,'Booking.com','0','','2019-04-24 12:31:08','2019-04-24 09:31:08','No','Yes','No','No'),
 (589,94,'LinkedIn','0','','2019-04-24 12:31:29','2019-04-24 09:31:29','No','Yes','No','No'),
 (590,94,'Truecaller','0','','2019-04-24 12:31:50','2019-04-24 09:31:50','No','Yes','No','No'),
 (591,94,'Yahoo','0','','2019-04-24 12:32:55','2019-05-02 09:29:42','No','Yes','No','No'),
 (592,94,'Iflix','0','','2019-04-24 12:33:12','2019-05-02 09:29:42','Yes','Yes','No','No'),
 (593,94,'WeChat','0','','2019-04-24 12:33:31','2019-05-02 09:29:42','Yes','Yes','No','No'),
 (595,281,'Ligra','0','','2019-04-30 15:30:22','2019-04-30 12:30:22','Yes','No','No','No'),
 (596,94,'VASCO','0','','2019-05-03 11:19:25','2019-05-03 08:19:26','No','Yes','No','No'),
 (598,283,'KISASI-SEC','0','','2019-05-13 11:25:45','2019-05-13 08:25:45','Yes','No','No','No'),
 (599,284,'238','238','','2019-05-13 13:32:28','2019-05-13 10:32:28','No','Yes','No','No'),
 (600,284,'BETWAY','0','','2019-05-13 13:33:29','2019-05-13 10:33:29','No','Yes','No','No'),
 (601,161,'VisionSacco','0','','2019-05-13 16:56:00','2019-05-13 13:56:00','Yes','No','No','No'),
 (602,185,'KIMINV','0','','2019-05-14 11:21:21','2019-05-14 08:21:21','Yes','No','No','No'),
 (603,272,'FINBET','29818','','2019-05-14 11:21:51','2019-05-14 08:21:51','Yes','No','No','No'),
 (604,2,'21515_bulk','0','','2019-05-14 12:44:01','2019-05-14 09:44:01','Yes','No','No','No'),
 (607,283,'VARTHANA','0','','2019-05-15 15:04:43','2019-05-15 12:04:43','Yes','No','No','No'),
 (608,316,'Smartshelves','0','','2019-05-27 17:03:04','2019-05-27 14:03:04','Yes','No','No','No'),
 (609,286,'Delta','0','','2019-05-28 15:04:57','2019-05-28 12:04:57','Yes','No','No','No'),
 (610,287,'CGA-FtMA','0','','2019-05-29 12:44:49','2019-05-29 09:44:49','Yes','No','No','No'),
 (611,305,'NEOKENYA','0','','2019-05-29 12:49:19','2019-05-29 09:49:19','Yes','No','No','No'),
 (612,184,'Mtech','0','','2019-05-30 08:40:10','2019-05-30 05:40:10','Yes','No','No','No'),
 (613,288,'KENYATOKEN','0','','2019-05-30 12:29:46','2019-05-30 09:29:46','Yes','No','No','No'),
 (614,289,'NCMNetwork','0','','2019-05-30 12:30:46','2019-05-30 09:30:46','Yes','No','No','No'),
 (615,39,'CRDBBANK','0','','2019-06-05 18:56:49','2019-06-05 15:56:49','Yes','No','No','No'),
 (617,2,'20683_BULK','0','','2019-06-07 09:04:16','2019-06-07 06:04:16','No','Yes','No','No'),
 (621,290,'20683_BULK','20683','','2019-06-07 09:53:05','2019-06-07 06:53:05','No','No','No','No'),
 (622,283,'MOSA-SEC','0','','2019-06-12 14:20:57','2019-06-12 11:20:57','Yes','No','No','No'),
 (623,283,'GODOMA-SEC','0','','2019-06-12 14:21:29','2019-06-12 11:21:29','Yes','No','No','No'),
 (624,283,'MUTANDA-SEC','0','','2019-06-12 14:22:17','2019-06-12 11:22:17','Yes','No','No','No'),
 (625,283,'MUTONGUNI','0','','2019-06-12 14:22:56','2019-06-12 11:22:56','Yes','No','No','No'),
 (626,283,'CYFRAS-TECH','0','','2019-06-12 14:23:27','2019-06-12 11:23:27','Yes','No','No','No'),
 (627,291,'IMAB','0','','2019-06-13 10:00:14','2019-06-13 07:00:14','Yes','No','No','No'),
 (628,292,'MARKETVINE','0','','2019-06-14 14:13:53','2019-06-14 11:13:53','Yes','No','No','No'),
 (629,2,'29929','29929','','2019-06-17 08:17:47','2019-06-17 05:17:47','Yes','No','No','No'),
 (630,160,'Rapid Infos','0','','2019-06-18 11:14:23','2019-06-18 08:14:23','No','Yes','No','No'),
 (631,160,'Jambo Mart ','0','','2019-06-18 11:17:47','2019-06-18 08:17:47','No','Yes','No','No'),
 (632,160,'Jumbo Mart','0','','2019-06-18 16:24:33','2019-06-18 13:24:33','No','Yes','No','No'),
 (633,283,'ED-PARTNERS','0','','2019-06-19 16:13:20','2019-06-19 13:13:20','Yes','No','No','No'),
 (634,39,'CRDB BANK','0','','2019-06-20 19:34:51','2019-06-20 16:34:51','No','Yes','No','No'),
 (635,293,'APF','0','','2019-06-21 10:33:20','2019-06-21 07:33:20','Yes','No','No','No'),
 (638,295,'MCAST','0','','2019-06-26 09:57:04','2019-06-26 06:57:04','Yes','No','No','No'),
 (640,297,'AMIGOELEC','0','','2019-06-27 15:48:52','2019-06-27 12:48:52','Yes','No','No','No'),
 (641,298,'SantaAna','0','','2019-06-28 11:23:12','2019-06-28 08:23:12','Yes','No','No','No'),
 (643,2,'NCBA_BANK','0','','2019-07-03 09:26:49','2019-07-03 06:26:49','Yes','No','No','No'),
 (644,56,'Telegram','0','','2019-07-09 07:54:55','2019-07-09 04:54:55','Yes','No','No','No'),
 (645,296,'PESABETS','29252','','2019-07-09 15:51:46','2019-07-09 12:51:46','Yes','No','No','No'),
 (646,300,'TheOnderas','0','','2019-07-11 09:07:26','2019-07-11 06:07:26','Yes','No','No','No'),
 (647,283,'NGUMBULU','0','','2019-07-15 12:04:06','2019-07-15 09:04:06','Yes','No','No','No'),
 (649,160,'Brandworx','0','','2019-07-17 11:45:44','2019-07-17 08:45:44','No','Yes','No','No'),
 (650,283,'YUMBISYE-SS','0','','2019-07-18 15:37:29','2019-07-18 12:37:29','Yes','No','No','No'),
 (652,160,'TDA','0','','2019-07-22 11:00:02','2019-07-22 08:00:02','No','No','No','No'),
 (653,283,'KAHARO-BOYS','0','','2019-07-26 11:35:04','2019-07-26 08:35:04','Yes','No','No','No'),
 (654,283,'IKANGA-BOYS','0','','2019-07-26 12:43:09','2019-07-26 09:43:09','Yes','No','No','No'),
 (655,303,'9191','9191','','2019-07-26 13:07:54','2019-07-26 10:07:54','Yes','No','No','No'),
 (656,304,'KNPAY','0','','2019-07-30 11:38:48','2019-07-30 08:38:48','Yes','No','No','No'),
 (657,294,'40881','40881','Thank you very much for reaching us. For more details please call 254412112248, 254412112238, 254206931392','2019-08-01 10:44:38','2019-08-01 07:44:38','Yes','No','No','No'),
 (658,283,'IIYUNI-HIGH','0','','2019-08-09 16:48:56','2019-08-09 13:48:56','Yes','No','No','No'),
 (659,39,'TALA','0','','2019-08-15 10:53:59','2019-08-15 07:53:59','No','Yes','No','No'),
 (660,2,'EquityBank','0','','2019-08-22 14:21:51','2019-08-22 11:21:51','Yes','No','No','No'),
 (661,306,'Hermia','0','','2019-08-23 15:28:56','2019-08-23 12:28:56','Yes','No','No','No'),
 (662,307,'Maxxtonltd','0','','2019-08-23 15:29:49','2019-08-23 12:29:49','Yes','No','No','No'),
 (664,308,'MTECH','0','','2019-08-27 08:54:43','2019-08-27 05:54:43','Yes','No','No','No'),
 (665,309,'ENLIGHT','0','','2019-08-30 14:50:38','2019-08-30 11:50:38','Yes','No','No','No'),
 (667,311,'CoopMIS','0','','2019-09-04 10:19:29','2019-09-04 07:19:29','Yes','No','No','No'),
 (668,299,'AGRICO_EA','0','','2019-09-05 09:37:39','2019-09-05 06:37:39','Yes','No','No','No'),
 (669,185,'KimisituPLC','0','','2019-09-05 09:39:09','2019-09-05 06:39:09','Yes','No','No','No'),
 (670,197,'21313_BULK','21313','','2019-09-05 12:39:45','2019-09-05 09:39:45','No','No','No','No'),
 (671,197,'21313','0','','2019-09-06 09:19:25','2019-09-06 06:19:25','No','No','No','No'),
 (673,2,'WeChat_INT','0','','2019-09-11 12:15:48','2019-09-11 09:15:48','Yes','No','No','No'),
 (674,2,'QQ','0','','2019-09-11 12:16:58','2019-09-11 09:16:58','Yes','No','No','No'),
 (675,2,'Tencent','0','','2019-09-11 12:23:06','2019-09-11 09:23:06','Yes','No','No','No'),
 (676,2,'DsTV_INT','0','','2019-09-11 12:26:36','2019-09-11 09:26:36','Yes','No','No','No'),
 (677,2,'ChinaMobile','0','','2019-09-11 12:27:50','2019-09-11 09:27:50','Yes','No','No','No'),
 (678,2,'Xiaomi','0','','2019-09-11 12:29:24','2019-09-11 09:29:24','Yes','No','No','No'),
 (679,2,'AliBaba','0','','2019-09-11 12:33:54','2019-09-11 09:33:54','Yes','No','No','No'),
 (680,2,'Baidu','0','','2019-09-11 14:01:05','2019-09-11 11:01:05','Yes','No','No','No'),
 (681,2,'YouKou','0','','2019-09-11 14:01:32','2019-09-11 11:01:31','Yes','No','No','No'),
 (682,94,'UnionPay','0','','2019-09-11 14:01:50','2019-09-11 11:01:50','Yes','No','No','No'),
 (683,94,'WhatsApp_IN','0','','2019-09-11 14:04:28','2019-09-11 11:04:28','Yes','No','No','No'),
 (684,2,'IQiyi','0','','2019-09-11 14:05:48','2019-09-11 11:05:48','Yes','No','No','No'),
 (685,94,'GoTV_INT1','0','','2019-09-11 14:06:13','2019-09-11 11:06:13','Yes','No','No','No'),
 (686,94,'TikTok','0','','2019-09-11 14:06:29','2019-09-11 11:06:29','Yes','No','No','No'),
 (687,94,'Viber','0','','2019-09-11 14:06:46','2019-09-11 11:06:46','Yes','No','No','No'),
 (688,2,'BoxOffice_INT','0','','2019-09-11 14:07:03','2019-09-11 11:07:03','Yes','No','No','No'),
 (689,2,'JingDong','0','','2019-09-11 14:07:23','2019-09-11 11:07:23','Yes','No','No','No'),
 (690,2,'JingDong','0','','2019-09-11 14:07:25','2019-09-11 11:07:25','Yes','No','No','No'),
 (691,94,'ShowMax_INT','0','','2019-09-11 14:07:44','2019-09-11 11:07:44','Yes','No','No','No'),
 (692,2,'TaoBao','0','','2019-09-11 14:08:16','2019-09-11 11:08:16','Yes','No','No','No'),
 (693,2,'CTrip','0','','2019-09-11 14:08:31','2019-09-11 11:08:31','Yes','No','No','No'),
 (694,2,'NetEase','0','','2019-09-11 14:08:47','2019-09-11 11:08:47','Yes','No','No','No'),
 (695,2,'Multichoice_INT','0','','2019-09-11 14:11:08','2019-09-11 11:11:08','Yes','No','No','No'),
 (696,2,'Telegram','0','','2019-09-11 14:11:29','2019-09-11 11:11:29','Yes','No','No','No'),
 (697,94,'Instagram','0','','2019-09-11 14:11:45','2019-09-11 11:11:45','Yes','No','No','No'),
 (698,94,'AliPay','0','','2019-09-11 14:11:59','2019-09-11 11:11:59','Yes','No','No','No'),
 (699,94,'CCTV','0','','2019-09-11 14:12:15','2019-09-11 11:12:15','Yes','No','No','No'),
 (700,2,'AntKing','0','','2019-09-11 14:12:32','2019-09-11 11:12:32','Yes','No','No','No'),
 (701,2,'AliBaba','0','','2019-09-11 14:12:52','2019-09-11 11:12:52','Yes','No','No','No'),
 (702,94,'Facebook_INT','0','','2019-09-11 14:13:17','2019-09-11 11:13:17','Yes','No','No','No'),
 (703,2,'Xiaomi','0','','2019-09-11 14:14:03','2019-09-11 11:14:03','Yes','No','No','No'),
 (704,94,'ChinaMobile','0','','2019-09-11 14:14:21','2019-09-11 11:14:21','Yes','No','No','No'),
 (705,94,'DsTV_INT','0','','2019-09-11 14:14:39','2019-09-11 11:14:39','Yes','No','No','No'),
 (706,2,'Tencent','0','','2019-09-11 14:14:56','2019-09-11 11:14:56','Yes','No','No','No'),
 (707,94,'QQ','0','','2019-09-11 14:15:12','2019-09-11 11:15:12','Yes','No','No','No'),
 (708,2,'WeChat_INT','0','','2019-09-11 14:15:36','2019-09-11 11:15:36','Yes','No','No','No'),
 (709,313,'IMAB','0','','2019-09-13 08:39:24','2019-09-13 05:39:24','Yes','No','No','No'),
 (710,197,'21313_ONDEMAND','0','','2019-09-16 17:22:21','2019-09-16 14:22:21','No','No','No','No'),
 (711,56,'MTECH','0','','2019-09-19 15:41:04','2019-09-19 12:41:04','Yes','No','No','No'),
 (712,315,'COFACE','0','','2019-09-20 08:46:19','2019-09-20 05:46:19','Yes','No','No','No'),
 (713,317,'NCBA_BANK','0','','2019-10-02 14:39:05','2019-10-02 11:39:05','No','Yes','No','No'),
 (714,317,'CBABANK','0',NULL,'2019-10-02 15:27:29','2019-10-02 12:27:29','No','Yes','No','No'),
 (715,209,'MARALAL','0',NULL,'2019-10-24 10:00:32','2019-10-24 07:00:32','No','No','No','No'),
 (716,39,'KENYASOKO','0',NULL,'2019-10-29 08:20:25','2019-10-29 05:20:25','Yes','No','No','No'),
 (717,5,'KCB','20683','','2019-09-27 10:07:02','2019-09-27 04:07:02','No','No','No','No'),
 (718,184,'KCB','0','','2019-09-27 10:07:58','2019-09-27 04:07:58','No','No','No','No'),
 (719,184,'20683','0','','2019-09-27 10:11:32','2019-09-27 04:11:32','No','No','No','No'),
 (720,312,'POPOTEPAY','0','','2019-09-27 10:55:02','2019-09-27 04:55:02','Yes','No','No','No'),
 (721,290,'29929','29929','','2019-09-27 10:55:28','2019-09-27 04:55:28','No','No','No','No'),
 (722,161,'MSACCO','0','','2019-09-30 10:49:06','2019-09-30 04:49:06','Yes','No','No','No'),
 (723,322,'CGA','0','','2019-09-30 14:23:56','2019-09-30 08:23:56','Yes','No','No','No'),
 (724,143,'NICBANK','0','','2019-09-30 16:03:57','2019-09-30 10:03:57','No','Yes','No','No'),
 (725,318,'M-RENT','0','','2019-09-30 20:30:05','2019-09-30 14:30:05','Yes','No','No','No'),
 (729,130,'NCBA_BANK','0','','2019-10-01 17:06:14','2019-10-01 11:06:14','No','Yes','No','No'),
 (730,320,'DukaZuri','0','','2019-10-02 11:55:46','2019-10-02 05:55:46','Yes','No','No','No'),
 (731,318,'DAISVENTURE','0','','2019-10-04 09:55:06','2019-10-04 03:55:06','Yes','No','No','No'),
 (732,2,'M-CREDIT','0','','2019-10-08 11:10:44','2019-10-08 05:10:44','Yes','No','No','No'),
 (733,130,'M-CREDITLTD','0','','2019-10-08 11:13:40','2019-10-08 05:13:40','Yes','Yes','No','No'),
 (734,2,'20683','0','','2019-10-09 07:12:59','2019-10-09 01:12:59','No','No','No','No'),
 (735,2,'20683_BULK','20683','','2019-10-09 07:14:36','2019-10-09 01:14:36','No','No','No','No'),
 (736,2,'AbsaBank','0','','2019-10-09 09:20:48','2019-10-09 03:20:48','Yes','No','No','No'),
 (737,2,'TIMIZA','0','','2019-10-09 09:21:07','2019-10-09 03:21:07','Yes','No','No','No'),
 (738,2,'Barclaycard','0','','2019-10-09 09:21:45','2019-10-09 03:21:45','Yes','No','No','No'),
 (739,322,'Rinotech','0','','2019-10-09 11:37:32','2019-10-09 05:37:32','Yes','No','No','No'),
 (740,84,'ELMC','0','','2019-10-11 10:09:09','2019-10-11 04:09:09','Yes','No','No','No'),
 (741,84,'NMSCHOOL','0','','2019-10-14 15:31:07','2019-10-14 09:31:07','Yes','No','No','No'),
 (742,209,'MARALAL','0','','2019-10-14 17:14:08','2019-10-14 11:14:08','Yes','No','No','No'),
 (744,290,'MTECH','0','','2019-10-28 10:36:28','2019-10-28 04:36:28','Yes','No','No','No'),
 (745,94,'EQUITYBANK','0','','2019-10-28 14:53:31','2019-10-28 08:53:31','Yes','No','No','No'),
 (746,94,'Equity_Bank','0','','2019-10-28 14:55:02','2019-10-28 08:55:02','Yes','No','No','No'),
 (747,94,'EquityBank1','0','','2019-10-30 09:46:36','2019-10-30 03:46:36','Yes','No','No','No'),
 (748,323,'Timiza','0','','2019-11-01 18:00:16','2019-11-01 12:00:16','No','Yes','No','No'),
 (749,160,'Opay','0','','2019-11-04 09:31:04','2019-11-04 01:15:29','No','Yes','No','No'),
 (750,94,'Multichoice','0','','2019-11-05 11:36:03','2019-11-05 05:36:03','No','Yes','No','No'),
 (751,290,'Mtech','0','','2019-11-06 21:26:08','2019-11-06 18:26:08','Yes','No','No','No'),
 (1752,2,'21855','21855','','2019-11-11 15:40:41','2019-11-11 12:40:41','Yes','No','No','Yes'),
 (1754,319,'TIMIZA','0','','2019-11-12 15:35:39','2019-11-12 12:35:39','No','Yes','No','No'),
 (1755,2,'JOYKENYA','0','','2019-11-28 14:41:52','2019-11-28 11:41:52','Yes','No','No','No'),
 (1756,2,'Julla','0','','2019-12-05 10:21:27','2019-12-05 07:21:27','Yes','No','No','No'),
 (1757,2,'Barclaytest','0','','2019-12-05 10:27:12','2019-12-05 07:27:12','Yes','No','No','No'),
 (1758,320,'LUCKYBET','0','','2019-12-10 17:21:53','2019-12-10 14:21:53','Yes','No','No','No'),
 (1759,310,'BMSECURITY','0','','2019-12-11 15:49:43','2019-12-11 12:49:43','Yes','No','No','No'),
 (1760,321,'Sip&Dip','0','','2019-12-19 09:56:55','2019-12-19 06:56:55','Yes','No','No','No'),
 (1761,94,'Cell-Ed','0','','2019-12-20 15:15:34','2019-12-20 12:15:34','No','Yes','No','No'),
 (1762,39,'Unganika','0','','2020-01-14 12:05:59','2020-01-14 09:05:59','Yes','No','No','No'),
 (1763,2,'Cussonsbaby','0','','2020-01-23 09:51:32','2020-01-23 06:51:32','Yes','No','No','No'),
 (1764,317,'NCBALOOP','0','','2020-01-23 15:02:39','2020-01-23 12:02:39','No','Yes','No','No'),
 (1765,143,'NCBALOOP','0','','2020-01-24 10:56:20','2020-01-24 07:56:20','No','Yes','No','No'),
 (1766,2,'Cell-Ed','0','','2020-01-30 17:21:47','2020-01-30 14:21:47','No','No','No','No'),
 (1767,2,'0','22014','','2020-02-04 12:39:24','2020-02-04 09:39:24','Yes','No','No','No'),
 (1768,319,'AbsaBank','0','','2020-02-08 12:44:42','2020-02-08 09:44:42','No','No','No','No'),
 (1769,283,'BET-PALACE','0','','2020-02-10 17:08:09','2020-02-10 14:08:09','Yes','No','No','No'),
 (1770,2,'BET-PALACE','0','','2020-02-10 17:08:30','2020-02-10 14:08:30','Yes','No','No','No'),
 (1771,2,'TALA','0','','2020-02-24 16:43:11','2020-02-24 13:43:11','No','No','No','No'),
 (1772,72,'22014','0','','2020-03-10 09:04:50','2020-03-10 06:04:50','No','No','No','Yes'),
 (1773,283,'AL-AZAR_SCH','0','','2020-03-26 09:17:30','2020-03-26 06:17:30','Yes','No','No','No'),
 (1775,314,'Sip-N-Dip','0','','2020-04-02 10:23:53','2020-04-02 07:23:53','Yes','No','No','No'),
 (1776,321,'Sip-N-Dip','0','','2020-04-02 10:24:37','2020-04-02 07:24:37','Yes','No','No','No'),
 (1777,2,'Sip-N-Dip','0','','2020-04-02 10:24:53','2020-04-02 07:24:53','Yes','No','No','No'),
 (1778,323,'Mtech','0','','2020-04-02 13:46:27','2020-04-02 10:46:27','No','No','No','No'),
 (1779,323,'WhatsApp','0','','2020-04-02 14:31:40','2020-04-02 11:31:40','No','No','No','No'),
 (1780,323,'Telegram','0','','2020-04-02 14:31:55','2020-04-02 11:31:55','No','No','No','No'),
 (1781,323,'WeChat','0','','2020-04-02 14:32:22','2020-04-02 11:32:22','No','No','No','No'),
 (1782,323,'Instagram','0','','2020-04-02 14:32:41','2020-04-02 11:32:41','No','No','No','No'),
 (1783,323,'UnionPay','0','','2020-04-02 14:32:57','2020-04-02 11:32:57','No','No','No','No'),
 (1784,323,'ChinaMobile','0','','2020-04-02 14:33:16','2020-04-02 11:33:16','No','No','No','No'),
 (1785,323,'TikTok','0','','2020-04-02 14:33:31','2020-04-02 11:33:31','No','No','No','No'),
 (1786,323,'Viber','0','','2020-04-02 14:33:53','2020-04-02 11:33:53','No','Yes','No','No'),
 (1787,323,'WeChat','0','','2020-04-02 14:34:09','2020-04-02 11:34:09','No','Yes','No','No'),
 (1788,323,'AliPay','0','','2020-04-02 14:34:25','2020-04-02 11:34:25','No','Yes','No','No'),
 (1789,323,'CCTV','0','','2020-04-02 14:34:42','2020-04-02 11:34:42','No','No','No','No'),
 (1790,323,'QQ','0','','2020-04-02 14:35:24','2020-04-02 11:35:24','No','Yes','No','No'),
 (1791,323,'Tencent','0','','2020-04-02 14:35:52','2020-04-02 11:35:52','No','Yes','No','No'),
 (1792,323,'Xiaomi','0','','2020-04-02 14:36:10','2020-04-02 11:36:10','No','Yes','No','No'),
 (1793,323,'AliBaba','0','','2020-04-02 14:36:26','2020-04-02 11:36:26','No','Yes','No','No'),
 (1794,323,'Baidu','0','','2020-04-02 14:36:42','2020-04-02 11:36:42','No','Yes','No','No'),
 (1795,323,'IQiyi','0','','2020-04-02 14:37:00','2020-04-02 11:37:00','No','Yes','No','No'),
 (1796,323,'JingDong','0','','2020-04-02 14:37:18','2020-04-02 11:37:18','No','Yes','No','No'),
 (1797,323,'NetEase','0','','2020-04-02 14:37:36','2020-04-02 11:37:36','No','Yes','No','No'),
 (1798,323,'TaoBao','0','','2020-04-02 14:37:52','2020-04-02 11:37:52','No','Yes','No','No'),
 (1799,323,'AntKing','0','','2020-04-02 14:38:08','2020-04-02 11:38:08','No','Yes','No','No'),
 (1800,323,'YouKou','0','','2020-04-02 14:38:25','2020-04-02 11:38:25','No','Yes','No','No'),
 (1801,323,'CTrip','0','','2020-04-02 14:38:42','2020-04-02 11:38:42','No','Yes','No','No'),
 (1802,2,'PremierCARE','0','','2020-04-08 10:38:14','2020-04-08 07:38:14','Yes','No','No','No'),
 (1803,324,'PremierCARE','0','','2020-04-08 10:46:34','2020-04-08 07:46:34','Yes','No','No','No'),
 (1804,1,'HERITAGEIC_','0','','2020-04-08 12:40:26','2020-04-08 09:40:26','Yes','No','No','No'),
 (1805,2,'HERITAGEIC_','0','','2020-04-08 12:40:46','2020-04-08 09:40:46','Yes','No','No','No'),
 (1806,2,'CRDB BANK','0','','2020-04-08 17:19:07','2020-04-08 14:19:07','Yes','No','No','No'),
 (1807,2,'AIC-IIETUNE','0','','2020-04-09 15:08:04','2020-04-09 12:08:04','Yes','No','No','No'),
 (1808,283,'AIC-IIETUNE','0','','2020-04-09 15:08:26','2020-04-09 12:08:26','Yes','No','No','No'),
 (1810,143,'StawiTest','0','','2020-04-09 17:49:53','2020-04-09 14:49:53','No','Yes','No','No'),
 (1811,317,'Stawi','0','','2020-04-09 17:50:19','2020-04-09 14:50:19','No','Yes','No','No'),
 (1812,317,'StawiTest','0','','2020-04-09 17:50:37','2020-04-09 14:50:37','No','Yes','No','No'),
 (1813,2,'Stawi','0','','2020-04-09 17:50:58','2020-04-09 14:50:58','No','Yes','No','No'),
 (1814,2,'StawiTest','0','','2020-04-09 17:51:25','2020-04-09 14:51:25','No','Yes','No','No'),
 (1815,143,'Stawi','0','','2020-04-09 17:55:48','2020-04-09 14:55:48','No','Yes','No','No'),
 (1816,325,'JC-EXPRESS','0','','2020-04-14 12:21:49','2020-04-14 09:21:49','Yes','No','No','No'),
 (1817,283,'KLICS-Ltd','0','','2020-04-15 09:02:43','2020-04-15 06:02:43','Yes','No','No','No'),
 (1818,326,'REALEHOSP','0','','2020-04-16 11:05:19','2020-04-16 08:05:19','Yes','No','No','No'),
 (1819,283,'MTSINAI-RE','0','','2020-04-22 08:22:49','2020-04-22 05:22:49','Yes','No','No','No'),
 (1820,327,'MTECH','0','','2020-04-23 14:41:23','2020-04-23 11:41:23','Yes','No','No','No'),
 (1821,317,'ShikiliaAid','0','','2020-04-25 13:09:59','2020-04-25 10:09:59','Yes','No','No','No'),
 (1822,143,'ShikiliaAid','0','','2020-04-25 13:10:24','2020-04-25 10:10:24','Yes','No','No','No'),
 (1823,56,'PESABETS','0','','2020-04-29 21:57:51','2020-04-29 18:57:51','Yes','No','No','No');
/*!40000 ALTER TABLE `clientsourceaddr` ENABLE KEYS */;


--
-- Definition of table `cnn`
--

DROP TABLE IF EXISTS `cnn`;
CREATE TABLE `cnn` (
  `idcnn` int(10) unsigned NOT NULL AUTO_INCREMENT,
  `loss` decimal(10,0) NOT NULL,
  `accuracy` int(10) unsigned NOT NULL,
  `step` bigint(20) unsigned NOT NULL,
  PRIMARY KEY (`idcnn`)
) ENGINE=InnoDB DEFAULT CHARSET=latin1;

--
-- Dumping data for table `cnn`
--

/*!40000 ALTER TABLE `cnn` DISABLE KEYS */;
/*!40000 ALTER TABLE `cnn` ENABLE KEYS */;


--
-- Definition of table `contact_groups`
--

DROP TABLE IF EXISTS `contact_groups`;
CREATE TABLE `contact_groups` (
  `id` bigint(20) unsigned NOT NULL AUTO_INCREMENT,
  `name` varchar(255) COLLATE utf8mb4_unicode_ci NOT NULL,
  `file` varchar(255) COLLATE utf8mb4_unicode_ci NOT NULL,
  `file_type` varchar(255) COLLATE utf8mb4_unicode_ci DEFAULT NULL,
  `generated_file_name` varchar(255) COLLATE utf8mb4_unicode_ci DEFAULT NULL,
  `file_location` varchar(255) COLLATE utf8mb4_unicode_ci DEFAULT NULL,
  `col_count` int(11) NOT NULL DEFAULT 0,
  `column_headers` longtext CHARACTER SET utf8mb4 COLLATE utf8mb4_bin DEFAULT NULL,
  `duplicate` int(11) NOT NULL DEFAULT 0,
  `invalid_no` int(11) NOT NULL DEFAULT 0,
  `valid` int(11) NOT NULL DEFAULT 0,
  `run_id` int(11) NOT NULL DEFAULT 0,
  `description` text COLLATE utf8mb4_unicode_ci DEFAULT NULL,
  `client_id` bigint(20) unsigned NOT NULL,
  `user_id` bigint(20) unsigned NOT NULL,
  `status` varchar(255) COLLATE utf8mb4_unicode_ci NOT NULL DEFAULT 'active',
  `use_in` varchar(255) COLLATE utf8mb4_unicode_ci DEFAULT NULL,
  `processed_at` timestamp NULL DEFAULT NULL,
  `created_at` timestamp NULL DEFAULT NULL,
  `created_by` bigint(20) unsigned DEFAULT NULL,
  `updated_at` timestamp NULL DEFAULT NULL,
  `deleted_at` timestamp NULL DEFAULT NULL,
  `meta_data` longtext CHARACTER SET utf8mb4 COLLATE utf8mb4_bin NOT NULL DEFAULT '[]' CHECK (json_valid(`meta_data`)),
  PRIMARY KEY (`id`),
  KEY `contact_groups_client_id_foreign` (`client_id`),
  CONSTRAINT `contact_groups_client_id_foreign` FOREIGN KEY (`client_id`) REFERENCES `clients` (`id`)
) ENGINE=InnoDB AUTO_INCREMENT=118 DEFAULT CHARSET=utf8mb4 COLLATE=utf8mb4_unicode_ci;

--
-- Dumping data for table `contact_groups`
--

/*!40000 ALTER TABLE `contact_groups` DISABLE KEYS */;
INSERT INTO `contact_groups` (`id`,`name`,`file`,`file_type`,`generated_file_name`,`file_location`,`col_count`,`column_headers`,`duplicate`,`invalid_no`,`valid`,`run_id`,`description`,`client_id`,`user_id`,`status`,`use_in`,`processed_at`,`created_at`,`created_by`,`updated_at`,`deleted_at`,`meta_data`) VALUES 
 (1,'xls-my-contacts','xls_contects.xls','xls','1593091689-1ccc17b6-3ca2-3e23-ab6d-bd17a1b446cc.xls','/var/www/html/serviceportal/frontend/web/contacts/1593091689-1ccc17b6-3ca2-3e23-ab6d-bd17a1b446cc.xls',0,0x5B5D,0,0,0,0,'xls file contacts',2,4,'ErrorProcessing','sms','2020-06-29 15:05:48','2020-06-25 16:28:09',4,NULL,'2020-07-22 14:54:21',0x5B5D),
 (2,'csv-contacts','csv_contacts.csv','csv','1593092371-1fa96daa-4222-3fb8-8ffd-a65a373db49c.csv','/var/www/html/serviceportal/frontend/web/contacts/1593092371-1fa96daa-4222-3fb8-8ffd-a65a373db49c.csv',0,0x5B5D,0,0,0,0,'Contacts in csv format',2,4,'ErrorProcessing','sms','2020-06-29 15:05:48','2020-06-25 16:39:31',4,NULL,'2020-07-22 14:54:32',0x5B5D),
 (3,'csv-contacts-my-contacts','Mycontacts.csv','csv','1593410250-32bf8a85-5403-33b7-9b9c-ceb5a678cb40.csv','/var/www/html/serviceportal/frontend/web/contacts/1593410250-32bf8a85-5403-33b7-9b9c-ceb5a678cb40.csv',0,0x5B5D,0,0,0,0,'My contacts uploaded via a csv file',2,4,'ErrorProcessing','sms','2020-06-29 15:05:48','2020-06-29 08:57:30',4,NULL,'2020-07-22 14:54:42',0x5B5D),
 (4,'my-contacts-29.06.2020:13:18','Mycontacts.csv','csv','1593425946-51921069-2392-36f0-ad0e-30c3e292a258.csv','/var/www/html/serviceportal/frontend/web/contacts/1593425946-51921069-2392-36f0-ad0e-30c3e292a258.csv',0,0x5B5D,0,0,0,0,'My contacts description',2,4,'ErrorProcessing','sms','2020-06-29 15:05:48','2020-06-29 13:19:06',4,NULL,'2020-07-22 14:55:01',0x5B5D),
 (5,'Testing-my-contacts','Mycontacts.csv','csv','1593435384-8ed83e8b-7dbd-3c9c-89fc-22d35fe7665b.csv','/var/www/html/serviceportal/frontend/web/contacts/1593435384-8ed83e8b-7dbd-3c9c-89fc-22d35fe7665b.csv',0,0x5B5D,0,0,0,0,'Testing my contacts list ',3,10,'ErrorProcessing','sms','2020-06-29 15:56:24','2020-06-29 15:56:24',10,NULL,NULL,0x5B5D),
 (6,'xlsx-sample','xlsx_sample.xlsx','xlsx','1593435457-6457a183-9807-3830-8a6b-a871b4f4774e.xlsx','/var/www/html/serviceportal/frontend/web/contacts/1593435457-6457a183-9807-3830-8a6b-a871b4f4774e.xlsx',0,0x5B5D,0,0,0,0,'This is the description',3,10,'ErrorProcessing','sms','2020-06-29 15:57:38','2020-06-29 15:57:37',10,NULL,NULL,0x5B5D),
 (7,'my-contacts-30.06.2020:10:30','Mycontacts.csv','csv','1593502269-1c43aaa5-4b48-37a6-a802-57f955611a17.csv','/var/www/html/serviceportal/frontend/web/contacts/1593502269-1c43aaa5-4b48-37a6-a802-57f955611a17.csv',0,0x5B5D,0,0,0,0,'This is the descrption',2,4,'ErrorProcessing','sms','2020-06-30 10:31:10','2020-06-30 10:31:09',4,NULL,'2020-07-22 14:55:25',0x5B5D),
 (8,'my-contacts-30.06.2020:11:21','Mycontacts.csv','csv','1593591743-bf7984cb-501d-3b37-b499-2589fba6cc51.csv','/var/www/html/serviceportal/frontend/web/contacts/1593591743-bf7984cb-501d-3b37-b499-2589fba6cc51.csv',0,0x5B5D,0,0,0,0,'This is the description',2,4,'ErrorProcessing','sms','2020-07-01 11:22:23','2020-07-01 11:22:23',4,NULL,'2020-07-22 14:55:46',0x5B5D),
 (9,'my-contacts-01.07.2020:12:21','Mycontacts.csv','csv','1593595311-429c6323-8ab8-3a2e-8535-3d425dfe6831.csv','/var/www/html/serviceportal/frontend/web/contacts/1593595311-429c6323-8ab8-3a2e-8535-3d425dfe6831.csv',0,0x5B5D,0,0,0,0,'This is the narration',2,4,'ErrorProcessing','sms','2020-07-01 12:21:51','2020-07-01 12:21:51',4,NULL,'2020-07-22 14:55:58',0x5B5D),
 (10,'test_upload','test.csv','csv','1593602412-615a205a-8bdc-3564-ba25-2ab946f5da4a.csv','@AppServer/home/contactsExtractorV2/1593602412-615a205a-8bdc-3564-ba25-2ab946f5da4a.csv',0,0x5B5D,0,0,0,0,'test uploads',2,1,'ErrorProcessing','sms','2020-07-01 14:20:13','2020-07-01 14:20:12',1,NULL,'2020-07-22 14:56:08',0x5B5D),
 (11,'test_upload','test.csv','csv','1593602550-7140c478-5047-3f14-aed5-090ae2207499.csv','@AppServer/home/contactsExtractorV2/1593602550-7140c478-5047-3f14-aed5-090ae2207499.csv',0,0x5B5D,0,0,0,0,'test uploads',2,1,'ErrorProcessing','sms','2020-07-01 14:22:30','2020-07-01 14:22:30',1,NULL,'2020-07-22 14:57:27',0x5B5D),
 (12,'test_upload','test.csv','csv','1593603011-747a5365-f68a-3d35-8b55-d18365ea9f9f.csv','@AppServer/home/contactsExtractorV2/1593603011-747a5365-f68a-3d35-8b55-d18365ea9f9f.csv',0,0x5B5D,0,0,0,0,'test uploads',2,1,'ErrorProcessing','sms','2020-07-01 14:30:12','2020-07-01 14:30:11',1,NULL,'2020-07-22 14:57:43',0x5B5D),
 (13,'test_upload','test.csv','csv','1593603064-15671370-e06b-3b2d-9d0b-a98a65a20e88.csv','@AppServer/home/contactsExtractorV2/1593603064-15671370-e06b-3b2d-9d0b-a98a65a20e88.csv',0,0x7B223C6669656C64353E223A7B223C636F756E743E223A352E38332C223C6E616D653E223A223C4C4F434154494F4E3E227D2C223C6669656C64343E223A7B223C636F756E743E223A342E36372C223C6E616D653E223A223C504F534954494F4E3E227D2C223C6669656C64333E223A7B223C636F756E743E223A372E352C223C6E616D653E223A223C49443E227D2C223C6669656C64323E223A7B223C636F756E743E223A382E352C223C6E616D653E223A223C42414C414E43453E227D2C223C6669656C64313E223A7B223C636F756E743E223A31312E31372C223C6E616D653E223A223C4E414D453E227D7D,0,0,6,1,'test uploads',2,1,'inactive','sms','2020-07-01 17:18:18','2020-07-01 14:31:04',1,'2020-07-01 17:18:18','2020-11-09 10:24:43',0x5B5D),
 (14,'Contacts:02.06.2020-18:04','Mycontacts.csv','csv','1593702319-85f39e03-6332-3baf-879b-e0a3f105ea13.csv','@AppServer/home/contactsExtractorV2/1593702319-85f39e03-6332-3baf-879b-e0a3f105ea13.csv',0,0x7B223C6669656C64353E223A7B223C636F756E743E223A352E38332C223C6E616D653E223A223C4C4F434154494F4E3E227D2C223C6669656C64343E223A7B223C636F756E743E223A342E36372C223C6E616D653E223A223C504F534954494F4E3E227D2C223C6669656C64333E223A7B223C636F756E743E223A372E352C223C6E616D653E223A223C49443E227D2C223C6669656C64323E223A7B223C636F756E743E223A382E352C223C6E616D653E223A223C42414C414E43453E227D2C223C6669656C64313E223A7B223C636F756E743E223A31312E31372C223C6E616D653E223A223C4E414D453E227D7D,0,0,6,1,'Description',2,4,'Processed','sms','2020-07-02 18:05:20','2020-07-02 18:05:19',4,'2020-07-02 18:05:20','2020-07-22 14:58:23',0x5B5D),
 (15,'Contacts:03.06.2020-10:34','Mycontacts.csv','csv','1593761694-ec9cc969-2290-3ffe-a8ef-be354f67132a.csv','@AppServer/home/contactsExtractorV2/1593761694-ec9cc969-2290-3ffe-a8ef-be354f67132a.csv',0,0x5B5D,0,0,0,1,'This is the description: 03.06.2020-10:34',2,4,'ErrorProcessing','sms','2020-07-03 10:34:54','2020-07-03 10:34:54',4,'2020-07-03 10:34:54','2020-07-22 14:58:37',0x5B5D),
 (16,'My-Contacts- 03.06.2020-10:35','my-contacts.csv','csv','1593761801-25e7c1c9-cc72-35e9-86e5-0a16ed223971.csv','@AppServer/home/contactsExtractorV2/1593761801-25e7c1c9-cc72-35e9-86e5-0a16ed223971.csv',0,0x5B5D,0,0,0,1,'This is the description 03.06.2020-10:35',2,4,'ErrorProcessing','sms','2020-07-03 10:36:42','2020-07-03 10:36:41',4,'2020-07-03 10:36:42','2020-07-22 14:58:51',0x5B5D),
 (17,'My-Contacts- 06.06.2020-07:46','my-contacts.csv','csv','1594010870-16f8efb9-feb1-33c4-a4bb-a426be0d2bfa.csv','@AppServer/home/contactsExtractorV2/1594010870-16f8efb9-feb1-33c4-a4bb-a426be0d2bfa.csv',0,0x7B223C6669656C64353E223A7B223C636F756E743E223A352E38332C223C6E616D653E223A223C4C4F434154494F4E3E227D2C223C6669656C64343E223A7B223C636F756E743E223A342E36372C223C6E616D653E223A223C504F534954494F4E3E227D2C223C6669656C64333E223A7B223C636F756E743E223A372E352C223C6E616D653E223A223C49443E227D2C223C6669656C64323E223A7B223C636F756E743E223A382E352C223C6E616D653E223A223C42414C414E43453E227D2C223C6669656C64313E223A7B223C636F756E743E223A31312E31372C223C6E616D653E223A223C4E414D453E227D7D,0,0,6,1,'Description for this contact group',2,4,'Processed','sms','2020-07-06 07:47:51','2020-07-06 07:47:50',4,'2020-07-06 07:47:51',NULL,0x5B5D),
 (18,'My contacts - 07-07-2020','csv_sample- my-contacts.csv','csv','1594116110-53bcfe09-ceb3-3dfe-bfec-37d5dae6af46.csv','@AppServer/home/contactsExtractorV2/1594116110-53bcfe09-ceb3-3dfe-bfec-37d5dae6af46.csv',0,0x5B5D,0,0,0,1,'Description',2,4,'ErrorProcessing','sms','2020-07-07 13:01:51','2020-07-07 13:01:50',4,'2020-07-07 13:01:51','2020-07-22 14:59:20',0x5B5D),
 (19,'My-Contacts- 03.06.2020-17:26','csv_sample(1).csv','csv','1594132043-bb676a2e-2834-34e1-a68f-6e08e46632f6.csv','@AppServer/home/contactsExtractorV2/1594132043-bb676a2e-2834-34e1-a68f-6e08e46632f6.csv',0,0x7B223C6669656C64353E223A7B223C636F756E743E223A362C223C6E616D653E223A223C4C4F434154494F4E3E227D2C223C6669656C64343E223A7B223C636F756E743E223A352C223C6E616D653E223A223C504F534954494F4E3E227D2C223C6669656C64333E223A7B223C636F756E743E223A382C223C6E616D653E223A223C49443E227D2C223C6669656C64323E223A7B223C636F756E743E223A372C223C6E616D653E223A223C42414C414E43453E227D2C223C6669656C64313E223A7B223C636F756E743E223A382C223C6E616D653E223A223C4E414D453E227D7D,0,0,2,1,'This is the description',2,4,'Processed','sms','2020-07-13 19:04:28','2020-07-07 17:27:23',4,'2020-07-13 19:04:28','2020-07-22 14:59:42',0x5B5D),
 (20,'My-Contacts- 07.07.2020-17:28','xlsx_sample.xlsx','xlsx','1594132177-e5d7b521-a59e-3a0b-b1c2-5c34fe264203.xlsx','@AppServer/home/contactsExtractorV2/1594132177-e5d7b521-a59e-3a0b-b1c2-5c34fe264203.xlsx',0,0x7B223C6669656C64353E223A7B223C636F756E743E223A362C223C6E616D653E223A223C4C4F434154494F4E3E227D2C223C6669656C64343E223A7B223C636F756E743E223A352C223C6E616D653E223A223C504F534954494F4E3E227D2C223C6669656C64333E223A7B223C636F756E743E223A382C223C6E616D653E223A223C49443E227D2C223C6669656C64323E223A7B223C636F756E743E223A372C223C6E616D653E223A223C42414C414E43453E227D2C223C6669656C64313E223A7B223C636F756E743E223A382C223C6E616D653E223A223C4E414D453E227D7D,0,0,2,1,'This is the description-17:28',2,4,'Processed','sms','2020-07-13 19:04:29','2020-07-07 17:29:37',4,'2020-07-13 19:04:29','2020-07-22 14:59:30',0x5B5D),
 (21,'My-Contacts- 07.07.2020-17:30','xls_sample.xls','xls','1594132281-11a4dc6e-bf33-3122-80cf-1c61bf82243f.xls','@AppServer/home/contactsExtractorV2/1594132281-11a4dc6e-bf33-3122-80cf-1c61bf82243f.xls',0,0x7B223C6669656C64353E223A7B223C636F756E743E223A362C223C6E616D653E223A223C4C4F434154494F4E3E227D2C223C6669656C64343E223A7B223C636F756E743E223A352C223C6E616D653E223A223C504F534954494F4E3E227D2C223C6669656C64333E223A7B223C636F756E743E223A382C223C6E616D653E223A223C49443E227D2C223C6669656C64323E223A7B223C636F756E743E223A372C223C6E616D653E223A223C42414C414E43453E227D2C223C6669656C64313E223A7B223C636F756E743E223A382C223C6E616D653E223A223C4E414D453E227D7D,0,0,2,1,'This is the description',2,4,'Processed','sms','2020-07-13 19:04:28','2020-07-07 17:31:21',4,'2020-07-13 19:04:28','2020-07-22 15:00:01',0x5B5D),
 (22,'My-Contacts- 07.07.2020-09:51','my-contacts.csv','csv','1594277526-0226fdfd-5fc4-321f-81a7-9ecb40a7998c.csv','@AppServer/home/contactsExtractorV2/1594277526-0226fdfd-5fc4-321f-81a7-9ecb40a7998c.csv',0,0x7B223C6669656C64353E223A7B223C636F756E743E223A352E38332C223C6E616D653E223A223C4C4F434154494F4E3E227D2C223C6669656C64343E223A7B223C636F756E743E223A342E36372C223C6E616D653E223A223C504F534954494F4E3E227D2C223C6669656C64333E223A7B223C636F756E743E223A372E352C223C6E616D653E223A223C49443E227D2C223C6669656C64323E223A7B223C636F756E743E223A382E352C223C6E616D653E223A223C42414C414E43453E227D2C223C6669656C64313E223A7B223C636F756E743E223A31312E31372C223C6E616D653E223A223C4E414D453E227D7D,0,0,6,1,'Description  07.07.2020-09:51',2,4,'Processed','sms','2020-07-13 19:04:28','2020-07-09 09:52:06',4,'2020-07-13 19:04:28','2020-07-22 14:53:20',0x5B5D),
 (23,'My-Contacts- 09.07.2020-15:53','my-contacts.csv','csv','1594299264-c0dc7bd1-d0e0-327b-8464-e22e838a988e.csv','@AppServer/home/contactsExtractorV2/1594299264-c0dc7bd1-d0e0-327b-8464-e22e838a988e.csv',0,0x7B223C6669656C64353E223A7B223C636F756E743E223A352E38332C223C6E616D653E223A223C4C4F434154494F4E3E227D2C223C6669656C64343E223A7B223C636F756E743E223A342E36372C223C6E616D653E223A223C504F534954494F4E3E227D2C223C6669656C64333E223A7B223C636F756E743E223A372E352C223C6E616D653E223A223C49443E227D2C223C6669656C64323E223A7B223C636F756E743E223A382E352C223C6E616D653E223A223C42414C414E43453E227D2C223C6669656C64313E223A7B223C636F756E743E223A31312E31372C223C6E616D653E223A223C4E414D453E227D7D,0,0,6,1,'This is the description',2,4,'Processed',NULL,'2020-07-13 19:04:28','2020-07-09 15:54:24',4,'2020-07-13 19:04:28','2020-07-22 14:53:07',0x5B5D),
 (24,'My-Contacts- 07.07.2020-15:56','Mycontacts-xlsx.xlsx','xlsx','1594299407-f6aff197-4337-3c60-bea1-92d64febe45a.xlsx','@AppServer/home/contactsExtractorV2/1594299407-f6aff197-4337-3c60-bea1-92d64febe45a.xlsx',0,0x7B223C6669656C64353E223A7B223C636F756E743E223A372C223C6E616D653E223A223C4C4F434154494F4E3E227D2C223C6669656C64343E223A7B223C636F756E743E223A352E32352C223C6E616D653E223A223C504F534954494F4E3E227D2C223C6669656C64333E223A7B223C636F756E743E223A382C223C6E616D653E223A223C49443E227D2C223C6669656C64323E223A7B223C636F756E743E223A382E32352C223C6E616D653E223A223C42414C414E43453E227D2C223C6669656C64313E223A7B223C636F756E743E223A392E32352C223C6E616D653E223A223C4E414D453E227D7D,0,0,4,1,'This the description 07.07.2020-15:56',2,4,'Processed',NULL,'2020-07-13 19:04:29','2020-07-09 15:56:47',4,'2020-07-13 19:04:29','2020-07-22 14:52:52',0x5B5D),
 (25,'My-Contacts- 09.07.2020-15:56','my-contacts.csv','csv','1594364522-ff9d1b3e-5f12-3fe6-952f-16c595aa3e31.csv','@AppServer/home/contactsExtractorV2/1594364522-ff9d1b3e-5f12-3fe6-952f-16c595aa3e31.csv',0,0x7B223C6669656C64353E223A7B223C636F756E743E223A352E38332C223C6E616D653E223A223C4C4F434154494F4E3E227D2C223C6669656C64343E223A7B223C636F756E743E223A342E36372C223C6E616D653E223A223C504F534954494F4E3E227D2C223C6669656C64333E223A7B223C636F756E743E223A372E352C223C6E616D653E223A223C49443E227D2C223C6669656C64323E223A7B223C636F756E743E223A382E352C223C6E616D653E223A223C42414C414E43453E227D2C223C6669656C64313E223A7B223C636F756E743E223A31312E31372C223C6E616D653E223A223C4E414D453E227D7D,0,0,6,1,'description  09.07.2020-15:56',2,4,'Processed',NULL,'2020-07-13 19:04:28','2020-07-10 10:02:02',4,'2020-07-13 19:04:28','2020-07-22 14:53:01',0x5B5D),
 (26,'My-Contacts- 14.07.2020-10:40','my-contacts.csv','csv','1594712445-dd06ca0f-4287-39a0-be34-c5a613c7718f.csv','@AppServer/home/contactsExtractorV2/1594712445-dd06ca0f-4287-39a0-be34-c5a613c7718f.csv',0,0x5B5D,0,0,0,1,'My-Contacts- 14.07.2020-10:40',2,4,'ErrorProcessing','sms','2020-07-14 10:40:46','2020-07-14 10:40:45',4,'2020-07-14 10:40:46','2020-07-22 14:52:46',0x5B5D),
 (27,'My-Contacts- 14.07.2020-10:58','my-contacts.csv','csv','1594713549-23a73950-dff2-3f4b-8594-4d1c0d9ca6d1.csv','@AppServer/home/contactsExtractorV2/1594713549-23a73950-dff2-3f4b-8594-4d1c0d9ca6d1.csv',0,0x7B223C6669656C64353E223A7B223C636F756E743E223A352E38332C223C6E616D653E223A223C4C4F434154494F4E3E227D2C223C6669656C64343E223A7B223C636F756E743E223A342E36372C223C6E616D653E223A223C504F534954494F4E3E227D2C223C6669656C64333E223A7B223C636F756E743E223A372E352C223C6E616D653E223A223C49443E227D2C223C6669656C64323E223A7B223C636F756E743E223A382E352C223C6E616D653E223A223C42414C414E43453E227D2C223C6669656C64313E223A7B223C636F756E743E223A31312E31372C223C6E616D653E223A223C4E414D453E227D7D,0,0,6,1,'Description - 14.07.2020-10:40',2,4,'Processed','sms','2020-07-14 10:59:10','2020-07-14 10:59:09',4,'2020-07-14 10:59:10',NULL,0x5B5D),
 (28,'My-Contacts- 14.07.2020-11:03','personal-xls(invalid).xls','xls','1594713916-808decd1-b58f-303e-b557-06606fe968f5.xls','@AppServer/home/contactsExtractorV2/1594713916-808decd1-b58f-303e-b557-06606fe968f5.xls',0,0x5B5D,0,0,0,1,'Testing 14.07.2020-11:03',2,4,'ErrorProcessing','sms','2020-07-14 11:05:16','2020-07-14 11:05:16',4,'2020-07-14 11:05:16','2020-07-22 14:35:27',0x5B5D),
 (29,'My-Contacts- 14.07.2020-15:08','my-contacts.csv','csv','1594728574-8dcfc260-23ce-3da2-99d6-2ffb1e2247c7.csv','@AppServer/home/contactsExtractorV2/1594728574-8dcfc260-23ce-3da2-99d6-2ffb1e2247c7.csv',0,0x5B5D,0,0,0,1,'Testing 14.07.2020-15:08',3,10,'ErrorProcessing','sms','2020-07-14 15:09:34','2020-07-14 15:09:34',10,'2020-07-14 15:09:34',NULL,0x5B5D),
 (30,'My-contacts 14.07.2020-15:10','my-contacts.csv','csv','1594728647-eca5cbaa-7059-3f03-8439-4e91adaa0d6d.csv','@AppServer/home/contactsExtractorV2/1594728647-eca5cbaa-7059-3f03-8439-4e91adaa0d6d.csv',0,0x5B5D,0,0,0,1,'Testing 14.07.2020-15:10',2,4,'ErrorProcessing','sms','2020-07-14 15:10:47','2020-07-14 15:10:47',4,'2020-07-14 15:10:47','2020-07-22 14:35:04',0x5B5D),
 (31,'Testing 14.07.2020-15:11','Mycontacts-xlsx.xlsx','xlsx','1594728715-2125b356-9ed8-3a81-b2d3-97061a3a0d3d.xlsx','@AppServer/home/contactsExtractorV2/1594728715-2125b356-9ed8-3a81-b2d3-97061a3a0d3d.xlsx',0,0x7B223C6669656C64353E223A7B223C636F756E743E223A372C223C6E616D653E223A223C4C4F434154494F4E3E227D2C223C6669656C64343E223A7B223C636F756E743E223A352E32352C223C6E616D653E223A223C504F534954494F4E3E227D2C223C6669656C64333E223A7B223C636F756E743E223A382C223C6E616D653E223A223C49443E227D2C223C6669656C64323E223A7B223C636F756E743E223A382E32352C223C6E616D653E223A223C42414C414E43453E227D2C223C6669656C64313E223A7B223C636F756E743E223A392E32352C223C6E616D653E223A223C4E414D453E227D7D,0,0,4,1,'This is the description 14.07.2020-15:11',2,4,'Processed','sms','2020-07-14 15:11:57','2020-07-14 15:11:55',4,'2020-07-14 15:11:57','2020-07-22 14:34:53',0x5B5D),
 (32,'Testing 14.07.2020-15:13','Mycontacts-xlsx.xlsx','xlsx','1594728819-957c2754-0785-3bb0-9cf4-d86cd4116b79.xlsx','@AppServer/home/contactsExtractorV2/1594728819-957c2754-0785-3bb0-9cf4-d86cd4116b79.xlsx',0,0x7B223C6669656C64353E223A7B223C636F756E743E223A372C223C6E616D653E223A223C4C4F434154494F4E3E227D2C223C6669656C64343E223A7B223C636F756E743E223A352E32352C223C6E616D653E223A223C504F534954494F4E3E227D2C223C6669656C64333E223A7B223C636F756E743E223A382C223C6E616D653E223A223C49443E227D2C223C6669656C64323E223A7B223C636F756E743E223A382E32352C223C6E616D653E223A223C42414C414E43453E227D2C223C6669656C64313E223A7B223C636F756E743E223A392E32352C223C6E616D653E223A223C4E414D453E227D7D,0,0,4,1,'Testing 14.07.2020-15:13',2,4,'Processed','sms','2020-07-14 15:13:39','2020-07-14 15:13:39',4,'2020-07-14 15:13:39','2020-07-22 14:34:40',0x5B5D),
 (33,'Testing 14.07.2020-15:39','my-contacts.csv','csv','1594730379-d3efbfe3-0969-3c24-b586-efd69d19385d.csv','@AppServer/home/contactsExtractorV2/1594730379-d3efbfe3-0969-3c24-b586-efd69d19385d.csv',0,0x7B223C6669656C64353E223A7B223C636F756E743E223A352E38332C223C6E616D653E223A223C4C4F434154494F4E3E227D2C223C6669656C64343E223A7B223C636F756E743E223A342E36372C223C6E616D653E223A223C504F534954494F4E3E227D2C223C6669656C64333E223A7B223C636F756E743E223A372E352C223C6E616D653E223A223C49443E227D2C223C6669656C64323E223A7B223C636F756E743E223A382E352C223C6E616D653E223A223C42414C414E43453E227D2C223C6669656C64313E223A7B223C636F756E743E223A31312E31372C223C6E616D653E223A223C4E414D453E227D7D,0,0,6,1,'Testing Testing 14.07.2020-15:39',2,4,'Processed','sms','2020-07-14 15:39:40','2020-07-14 15:39:39',4,'2020-07-14 15:39:40','2020-07-22 14:34:34',0x5B5D),
 (34,'Testing 14.07.2020-15:46','personal-xls(invalid).xls','xls','1594730799-6ccc0b7e-9e81-34c5-84c0-251a47426758.xls','@AppServer/home/contactsExtractorV2/1594730799-6ccc0b7e-9e81-34c5-84c0-251a47426758.xls',0,0x7B223C6669656C64353E223A7B223C636F756E743E223A352E37312C223C6E616D653E223A223C4649454C44353E227D2C223C6669656C64343E223A7B223C636F756E743E223A362E37312C223C6E616D653E223A223C4649454C44343E227D2C223C6669656C64333E223A7B223C636F756E743E223A382C223C6E616D653E223A223C4649454C44333E227D2C223C6669656C64323E223A7B223C636F756E743E223A332C223C6E616D653E223A223C4649454C44323E227D2C223C6669656C64313E223A7B223C636F756E743E223A382E32392C223C6E616D653E223A223C4649454C44313E227D7D,4,4,7,1,'Testing 14.07.2020-15:46',2,4,'Processed','sms','2020-07-14 15:46:40','2020-07-14 15:46:39',4,'2020-07-14 15:46:40','2020-07-22 14:33:40',0x5B5D),
 (35,'Testing 14.07.2020-15:53','personal-xls(invalid).xls','xls','1594731245-15e6a12a-18e3-33fb-86f4-8b6e34cddd75.xls','@AppServer/home/contactsExtractorV2/1594731245-15e6a12a-18e3-33fb-86f4-8b6e34cddd75.xls',0,0x7B223C6669656C64353E223A7B223C636F756E743E223A352E37312C223C6E616D653E223A223C4649454C44353E227D2C223C6669656C64343E223A7B223C636F756E743E223A362E37312C223C6E616D653E223A223C4649454C44343E227D2C223C6669656C64333E223A7B223C636F756E743E223A382C223C6E616D653E223A223C4649454C44333E227D2C223C6669656C64323E223A7B223C636F756E743E223A332C223C6E616D653E223A223C4649454C44323E227D2C223C6669656C64313E223A7B223C636F756E743E223A382E32392C223C6E616D653E223A223C4649454C44313E227D7D,4,4,7,1,'Testing 14.07.2020-15:53',2,4,'Processed','sms','2020-07-14 15:54:05','2020-07-14 15:54:05',4,'2020-07-14 15:54:05','2020-07-22 14:33:03',0x5B5D),
 (36,'Testing 14.07.2020-15:57','personal-xls(invalid).xls','xls','1594731460-d00c5cdb-85ac-34e7-8a8c-99e803490f38.xls','@AppServer/home/contactsExtractorV2/1594731460-d00c5cdb-85ac-34e7-8a8c-99e803490f38.xls',0,0x5B5D,0,0,0,1,'Testing 14.07.2020-15:57',2,4,'ErrorProcessing','sms','2020-07-14 15:57:40','2020-07-14 15:57:40',4,'2020-07-14 15:57:40','2020-07-22 14:32:40',0x5B5D),
 (37,'Testing 14.07.2020-15:58','my-contacts.csv','csv','1594731520-51b90df1-f0d8-37e6-b6eb-1ed7d43bbe13.csv','@AppServer/home/contactsExtractorV2/1594731520-51b90df1-f0d8-37e6-b6eb-1ed7d43bbe13.csv',0,0x7B223C6669656C64353E223A7B223C636F756E743E223A352E38332C223C6E616D653E223A223C4C4F434154494F4E3E227D2C223C6669656C64343E223A7B223C636F756E743E223A342E36372C223C6E616D653E223A223C504F534954494F4E3E227D2C223C6669656C64333E223A7B223C636F756E743E223A372E352C223C6E616D653E223A223C49443E227D2C223C6669656C64323E223A7B223C636F756E743E223A382E352C223C6E616D653E223A223C42414C414E43453E227D2C223C6669656C64313E223A7B223C636F756E743E223A31312E31372C223C6E616D653E223A223C4E414D453E227D7D,0,0,6,1,'Description 14.07.2020-15:58',2,4,'Processed','sms','2020-07-14 15:58:40','2020-07-14 15:58:40',4,'2020-07-14 15:58:40','2020-07-22 14:32:24',0x5B5D),
 (38,'User guide test','csv_sample.csv','csv','1594800896-7671041a-ab3c-36eb-805a-9b6e33f68a3d.csv','@AppServer/home/contactsExtractorV2/1594800896-7671041a-ab3c-36eb-805a-9b6e33f68a3d.csv',0,0x5B5D,0,0,0,1,'Marketing SMS ',2,4,'ErrorProcessing','sms','2020-07-15 11:14:56','2020-07-15 11:14:56',4,'2020-07-15 11:14:56','2020-07-22 14:32:09',0x5B5D),
 (39,'My-Contacts- 17.07.2020-05:39','csv_sample (1).csv','csv','1594953660-99e346dd-8f4b-3b40-bdb6-892554b72825.csv','@AppServer/home/contactsExtractorV2/1594953660-99e346dd-8f4b-3b40-bdb6-892554b72825.csv',0,0x5B5D,0,0,0,1,'Workgroup 17.07.2020-05:39',3,10,'ErrorProcessing','sms','2020-07-17 05:41:01','2020-07-17 05:41:00',10,'2020-07-17 05:41:01',NULL,0x5B5D),
 (40,'My contacts 17.07.2020-05:43','xlsx_sample (1).xlsx','xlsx','1594953876-0cb70506-d8aa-3b6a-9fbf-e92954db1e5e.xlsx','@AppServer/home/contactsExtractorV2/1594953876-0cb70506-d8aa-3b6a-9fbf-e92954db1e5e.xlsx',0,0x7B223C6669656C64353E223A7B223C636F756E743E223A362C223C6E616D653E223A223C4C4F434154494F4E3E227D2C223C6669656C64343E223A7B223C636F756E743E223A352C223C6E616D653E223A223C504F534954494F4E3E227D2C223C6669656C64333E223A7B223C636F756E743E223A382C223C6E616D653E223A223C49443E227D2C223C6669656C64323E223A7B223C636F756E743E223A372C223C6E616D653E223A223C42414C414E43453E227D2C223C6669656C64313E223A7B223C636F756E743E223A382C223C6E616D653E223A223C4E414D453E227D7D,0,1,2,1,'Workgroup 17.07.2020-05:43',3,10,'Processed','sms','2020-07-17 05:44:36','2020-07-17 05:44:36',10,'2020-07-17 05:44:36',NULL,0x5B5D),
 (41,'17.07.2020-05:45','xls_sample (1).xls','xls','1594954046-02ced4c4-5c2b-3fa3-8456-cd7b46e4d90c.xls','@AppServer/home/contactsExtractorV2/1594954046-02ced4c4-5c2b-3fa3-8456-cd7b46e4d90c.xls',0,0x5B5D,0,0,0,1,'Work',3,10,'ErrorProcessing','sms','2020-07-17 05:47:26','2020-07-17 05:47:26',10,'2020-07-17 05:47:26',NULL,0x5B5D),
 (42,'My contact 17.07.2020-05:45','xls_sample (1).xls','xls','1594954126-1ea612e0-6f7c-31d5-8dff-065f2b19844e.xls','@AppServer/home/contactsExtractorV2/1594954126-1ea612e0-6f7c-31d5-8dff-065f2b19844e.xls',0,0x7B223C6669656C64353E223A7B223C636F756E743E223A362C223C6E616D653E223A223C4C4F434154494F4E3E227D2C223C6669656C64343E223A7B223C636F756E743E223A362E36372C223C6E616D653E223A223C504F534954494F4E3E227D2C223C6669656C64333E223A7B223C636F756E743E223A382C223C6E616D653E223A223C49443E227D2C223C6669656C64323E223A7B223C636F756E743E223A372C223C6E616D653E223A223C42414C414E43453E227D2C223C6669656C64313E223A7B223C636F756E743E223A392E36372C223C6E616D653E223A223C4E414D453E227D7D,0,0,3,1,'Workgroup 17.07.2020-05:45',3,10,'Processed','sms','2020-07-17 05:48:47','2020-07-17 05:48:46',10,'2020-07-17 05:48:47',NULL,0x5B5D),
 (43,'My contacts 17.07.2020-05:49','csv_sample (1).csv','csv','1594954247-d700fa9e-cc62-332f-9db4-77b1d5824038.csv','@AppServer/home/contactsExtractorV2/1594954247-d700fa9e-cc62-332f-9db4-77b1d5824038.csv',0,0x5B5D,0,0,0,1,'Workgroup 17.07.2020-05:49',3,10,'ErrorProcessing','sms','2020-07-17 05:50:48','2020-07-17 05:50:47',10,'2020-07-17 05:50:48',NULL,0x5B5D),
 (44,'My contacts 17.07.2020-05:52','csv_sample (1).csv','csv','1594954299-863a4492-51d2-3a9b-afb8-2087467d1809.csv','@AppServer/home/contactsExtractorV2/1594954299-863a4492-51d2-3a9b-afb8-2087467d1809.csv',0,0x5B5D,0,0,0,1,'Workgroup My contacts 17.07.2020-05:52',3,10,'ErrorProcessing','sms','2020-07-17 05:51:39','2020-07-17 05:51:39',10,'2020-07-17 05:51:39',NULL,0x5B5D),
 (45,'My contacts 17.07.2020-14:37','xls_sample (1).xls','xls','1594985901-1c9aa209-051d-3387-b09a-ef47a6391269.xls','@AppServer/home/contactsExtractorV2/1594985901-1c9aa209-051d-3387-b09a-ef47a6391269.xls',0,0x5B5D,0,0,0,1,'Workgroup 17.07.2020-14:37',3,10,'ErrorProcessing','sms','2020-07-17 14:38:22','2020-07-17 14:38:21',10,'2020-07-17 14:38:22',NULL,0x5B5D),
 (46,'Contacts 17.07.2020-14:43','csv_sample (1).csv','csv','1594986410-2eec2916-89d9-359e-8d4a-a2a319c3eec0.csv','@AppServer/home/contactsExtractorV2/1594986410-2eec2916-89d9-359e-8d4a-a2a319c3eec0.csv',0,0x5B5D,0,0,0,1,'Work 17.07.2020-14:43',3,10,'ErrorProcessing','sms','2020-07-17 14:46:51','2020-07-17 14:46:50',10,'2020-07-17 14:46:51',NULL,0x5B5D),
 (47,'Contacts 17.07.2020-14:49','xlsx_sample-2 headers.xlsx','xlsx','1594986607-f36ff364-9bd9-36aa-bd0f-821444cc92e8.xlsx','@AppServer/home/contactsExtractorV2/1594986607-f36ff364-9bd9-36aa-bd0f-821444cc92e8.xlsx',0,0x7B223C6669656C64353E223A7B223C636F756E743E223A302C223C6E616D653E223A223C4649454C44353E227D2C223C6669656C64343E223A7B223C636F756E743E223A302C223C6E616D653E223A223C4649454C44343E227D2C223C6669656C64333E223A7B223C636F756E743E223A302C223C6E616D653E223A223C4649454C44333E227D2C223C6669656C64323E223A7B223C636F756E743E223A302C223C6E616D653E223A223C4649454C44323E227D2C223C6669656C64313E223A7B223C636F756E743E223A382C223C6E616D653E223A223C4E414D453E227D7D,0,1,2,1,'Workgroup 17.07.2020-14:49',3,10,'Processed','sms','2020-07-17 14:50:07','2020-07-17 14:50:07',10,'2020-07-17 14:50:07',NULL,0x5B5D),
 (50,'Mobile Money Group 03-08-2020 16:37','malipo-contacts.csv','csv','1596461986-d2626e84-56ba-3758-b389-2362f341f09b.csv','@AppServer/home/contactsExtractorV2/1596461986-d2626e84-56ba-3758-b389-2362f341f09b.csv',0,0x5B5D,0,0,0,1,'',2,4,'inactive','malipo','2020-08-04 11:48:13','2020-08-03 16:39:46',4,'2020-08-04 11:48:13','2020-08-14 14:41:13',0x5B5D),
 (51,'Airtime Contact 03-08-2020 07:22','malipo-contacts.csv','csv','1596514950-6cfa0b8c-4d6d-3291-b15e-3180c7c56b2d.csv','@AppServer/home/contactsExtractorV2/1596514950-6cfa0b8c-4d6d-3291-b15e-3180c7c56b2d.csv',0,0x5B5D,0,0,0,1,'',2,4,'ErrorProcessing','airtime','2020-08-04 11:48:13','2020-08-04 07:22:30',4,'2020-08-04 11:48:13',NULL,0x5B5D),
 (56,'Mobile Money (csv) - 12.8.2020','sample-malipo.csv','csv','1597235183-53e72a2c-224b-30bb-8ccf-6b68031d4da4.csv','@AppServer/home/contactsExtractorV2/1597235183-53e72a2c-224b-30bb-8ccf-6b68031d4da4.csv',0,0x5B5D,0,0,0,1,'Description 12.8.2020 ',2,4,'ErrorProcessing','malipo','2020-08-12 15:26:23','2020-08-12 15:26:23',4,'2020-08-12 15:26:23',NULL,0x5B5D),
 (57,'Mobile Money (csv) - 12.8.2020 15:32','sample-malipo.csv','csv','1597235609-6f63df20-789c-3a70-9355-02b5d3797b12.csv','@AppServer/home/contactsExtractorV2/1597235609-6f63df20-789c-3a70-9355-02b5d3797b12.csv',0,0x5B5D,0,0,0,1,'Description 12.8.2020 15:32',2,4,'ErrorProcessing','malipo','2020-08-12 15:33:30','2020-08-12 15:33:29',4,'2020-08-12 15:33:30',NULL,0x5B5D),
 (62,'Mobile Money (xlsx) - 17.8.2020 05:16','mobile-money.xlsx','xlsx','1597630628-f955c88b-e16b-3bc0-a53b-7a4cb97206fc.xlsx','@AppServer/home/contactsExtractorV2/1597630628-f955c88b-e16b-3bc0-a53b-7a4cb97206fc.xlsx',0,0x5B5D,0,0,0,1,'Description 17.8.2020 05:16',2,4,'ErrorProcessing','malipo','2020-11-06 14:58:41','2020-08-17 05:17:08',4,'2020-11-06 14:58:41',NULL,0x5B5D),
 (63,'Airtime Contact 17-08-2020 05:59','mobile-money.xlsx','xlsx','1597633223-db8f70ca-42cd-3213-b889-74a282095da0.xlsx','@AppServer/home/contactsExtractorV2/1597633223-db8f70ca-42cd-3213-b889-74a282095da0.xlsx',0,0x5B5D,0,0,0,1,'Description 17-08-2020 05:59',2,4,'ErrorProcessing','airtime','2020-11-06 14:58:41','2020-08-17 06:00:23',4,'2020-11-06 14:58:41',NULL,0x5B5D),
 (66,'Mobile-money 26.08.2020 11:17','malipo-contacts.xls','xls','1598429860-92b62184-7106-349a-9c90-b5cf22672ab5.xls','@AppServer/home/contactsExtractorV2/1598429860-92b62184-7106-349a-9c90-b5cf22672ab5.xls',0,0x5B5D,0,0,0,1,'26.08.2020 11:17',2,4,'ErrorProcessing','malipo','2020-11-06 14:58:41','2020-08-26 11:17:40',4,'2020-11-06 14:58:41',NULL,0x5B5D),
 (73,'Henry-test 2020-11-06','Henry_contacts.csv','csv','1604663774-4dc08d70-bb35-381d-99d3-de4eafdc0082.csv','@AppServer/home/contactsExtractorV2/1604663774-4dc08d70-bb35-381d-99d3-de4eafdc0082.csv',0,0x7B223C6669656C64353E223A7B223C636F756E743E223A302C223C6E616D653E223A223C4649454C44353E227D2C223C6669656C64343E223A7B223C636F756E743E223A302C223C6E616D653E223A223C4649454C44343E227D2C223C6669656C64333E223A7B223C636F756E743E223A302C223C6E616D653E223A223C4649454C44333E227D2C223C6669656C64323E223A7B223C636F756E743E223A362C223C6E616D653E223A223C4649454C44323E227D2C223C6669656C64313E223A7B223C636F756E743E223A342C223C6E616D653E223A223C4649454C44313E227D7D,0,0,2,1,'est',2,7,'Processed','sms','2020-11-06 14:58:41','2020-11-06 14:56:14',7,'2020-11-06 14:58:41',NULL,0x5B7B226E6574776F726B5F6964223A2231222C226E6574776F726B5F6E616D65223A22534146415249434F4D222C22636F756E74223A327D5D),
 (76,'Test SMS November','Nov test 22.csv','csv','1604923272-92507c84-e365-31e6-9783-aa8b2da01e33.csv','@AppServer/home/contactsExtractorV2/1604923272-92507c84-e365-31e6-9783-aa8b2da01e33.csv',0,0x7B223C6669656C64353E223A7B223C636F756E743E223A302C223C6E616D653E223A223C4C4F434154494F4E3E227D2C223C6669656C64343E223A7B223C636F756E743E223A302C223C6E616D653E223A223C504F534954494F4E3E227D2C223C6669656C64333E223A7B223C636F756E743E223A302C223C6E616D653E223A223C49443E227D2C223C6669656C64323E223A7B223C636F756E743E223A302C223C6E616D653E223A223C42414C414E43453E227D2C223C6669656C64313E223A7B223C636F756E743E223A302C223C6E616D653E223A223C4E414D453E227D7D,0,2,0,1,'test',2,37,'Processed','sms','2020-11-09 15:01:13','2020-11-09 15:01:12',37,'2020-11-09 15:01:13',NULL,0x5B5D),
 (77,'Contact Group 08:08 2020','csv_sample.csv','csv','1605157728-48e5bdce-bc7f-3084-911a-291055572c9e.csv','@AppServer/home/contactsExtractorV2/1605157728-48e5bdce-bc7f-3084-911a-291055572c9e.csv',0,0x7B223C6669656C64353E223A7B223C636F756E743E223A362C223C6E616D653E223A223C4C4F434154494F4E3E227D2C223C6669656C64343E223A7B223C636F756E743E223A352C223C6E616D653E223A223C504F534954494F4E3E227D2C223C6669656C64333E223A7B223C636F756E743E223A382C223C6E616D653E223A223C49443E227D2C223C6669656C64323E223A7B223C636F756E743E223A372C223C6E616D653E223A223C42414C414E43453E227D2C223C6669656C64313E223A7B223C636F756E743E223A382C223C6E616D653E223A223C4E414D453E227D7D,0,0,2,1,'Test Contact group  08:08 2020 0808',2,4,'Processed','sms','2020-11-12 08:08:49','2020-11-12 08:08:48',4,'2020-11-12 08:08:49',NULL,0x5B7B226E6574776F726B5F6964223A2231222C226E6574776F726B5F6E616D65223A22534146415249434F4D222C22636F756E74223A327D5D),
 (78,'Use_this_to_test','csv_sample_today.csv','csv','1605158075-522899f1-f7c9-3d4a-b6aa-bf47241a2c58.csv','@AppServer/home/contactsExtractorV2/1605158075-522899f1-f7c9-3d4a-b6aa-bf47241a2c58.csv',0,0x7B223C6669656C64353E223A7B223C636F756E743E223A362C223C6E616D653E223A223C4C4F434154494F4E3E227D2C223C6669656C64343E223A7B223C636F756E743E223A352C223C6E616D653E223A223C504F534954494F4E3E227D2C223C6669656C64333E223A7B223C636F756E743E223A382C223C6E616D653E223A223C49443E227D2C223C6669656C64323E223A7B223C636F756E743E223A372C223C6E616D653E223A223C42414C414E43453E227D2C223C6669656C64313E223A7B223C636F756E743E223A382C223C6E616D653E223A223C4E414D453E227D7D,0,0,2,1,'ContactGroup 12.08.2020 08:14',2,4,'Processed','sms','2020-11-12 08:14:35','2020-11-12 08:14:35',4,'2020-11-12 08:14:35',NULL,0x5B7B226E6574776F726B5F6964223A2231222C226E6574776F726B5F6E616D65223A22534146415249434F4D222C22636F756E74223A327D5D),
 (82,'Testing 18.11.2020-12:25','csv_sample_today.csv','csv','1605691528-d51fa0c1-793e-32b8-b47f-6ddf6193a444.csv','@AppServer/home/contactsExtractorV2/1605691528-d51fa0c1-793e-32b8-b47f-6ddf6193a444.csv',0,0x5B5D,0,0,0,0,'Testing',2,4,'ErrorProcessing','sms','2020-11-18 12:25:28','2020-11-18 12:25:28',4,NULL,NULL,0x5B5D),
 (83,'Testing 18.11.2020-12:27','csv_sample_today.csv','csv','1605691672-745d5674-46a3-3d87-ad82-4c2736583d95.csv','@AppServer/home/contactsExtractorV2/1605691672-745d5674-46a3-3d87-ad82-4c2736583d95.csv',0,0x5B5D,0,0,0,0,'18.11.2020-12:27',2,4,'ErrorProcessing','sms','2020-11-18 12:27:53','2020-11-18 12:27:52',4,NULL,NULL,0x5B5D),
 (84,'Testing 18.11.2020-12:31','large_contact.csv','csv','1605691905-89e408ce-71d7-334b-afec-4887c162f432.csv','@AppServer/home/contactsExtractorV2/1605691905-89e408ce-71d7-334b-afec-4887c162f432.csv',0,0x5B5D,0,0,0,0,'Testing 18.11.2020-12:31',2,4,'ErrorProcessing','sms','2020-11-18 12:31:45','2020-11-18 12:31:45',4,NULL,NULL,0x5B5D),
 (85,'Testing 18.11.2020-12:37','csv_sample_today.csv','csv','1605692312-ecf9a615-9a0d-30b7-ac98-525d15fa6364.csv','@AppServer/home/contactsExtractorV2/1605692312-ecf9a615-9a0d-30b7-ac98-525d15fa6364.csv',0,0x5B5D,0,0,0,0,'Description',2,4,'ErrorProcessing','sms','2020-11-18 12:38:33','2020-11-18 12:38:32',4,NULL,NULL,0x5B5D),
 (116,'31_tester.csv.csv','31_tester.csv.csv','csv','1616965773-1057f3ed-b05a-3213-97e0-37f5286d3d83.csv','@AppServer/home/contactsExtractorV2/1616965773-1057f3ed-b05a-3213-97e0-37f5286d3d83.csv',0,NULL,0,0,0,0,'Survey contact groups file',3,31,'Pending','sms',NULL,'2021-03-29 00:09:33',31,NULL,NULL,0x5B5D),
 (117,'24_Asar_Niyazi_ThreeMoon_LALE_shop.vcf.vcf','24_Asar_Niyazi_ThreeMoon_LALE_shop.vcf.vcf','vcf','1616966024-5ade597f-5a64-3bbb-95ed-debb2362808f.vcf','@AppServer/home/contactsExtractorV2/1616966024-5ade597f-5a64-3bbb-95ed-debb2362808f.vcf',0,NULL,0,0,0,0,'Survey contact groups file',3,31,'Pending','sms',NULL,'2021-03-29 00:13:44',31,NULL,NULL,0x5B5D);
/*!40000 ALTER TABLE `contact_groups` ENABLE KEYS */;


--
-- Definition of table `contacts`
--

DROP TABLE IF EXISTS `contacts`;
CREATE TABLE `contacts` (
  `id` bigint(20) unsigned NOT NULL AUTO_INCREMENT,
  `name` varchar(255) CHARACTER SET utf8mb4 COLLATE utf8mb4_unicode_ci NOT NULL,
  `contact_group_id` bigint(20) unsigned NOT NULL,
  `client_id` bigint(20) unsigned NOT NULL,
  `field1` varchar(700) DEFAULT NULL,
  `field2` varchar(700) DEFAULT NULL,
  `field3` varchar(700) DEFAULT NULL,
  `field4` varchar(700) DEFAULT NULL,
  `field5` varchar(700) DEFAULT NULL,
  `phone_number` varchar(255) CHARACTER SET utf8mb4 COLLATE utf8mb4_unicode_ci NOT NULL,
  `field_1` varchar(255) CHARACTER SET utf8mb4 COLLATE utf8mb4_unicode_ci DEFAULT NULL,
  `field_2` varchar(255) CHARACTER SET utf8mb4 COLLATE utf8mb4_unicode_ci DEFAULT NULL,
  `field_3` varchar(255) CHARACTER SET utf8mb4 COLLATE utf8mb4_unicode_ci DEFAULT NULL,
  `field_4` varchar(255) CHARACTER SET utf8mb4 COLLATE utf8mb4_unicode_ci DEFAULT NULL,
  `field_5` varchar(255) CHARACTER SET utf8mb4 COLLATE utf8mb4_unicode_ci DEFAULT NULL,
  `status` varchar(255) CHARACTER SET utf8mb4 COLLATE utf8mb4_unicode_ci DEFAULT 'active',
  `created_at` timestamp NULL DEFAULT NULL,
  `updated_at` timestamp NULL DEFAULT NULL,
  `deleted_at` timestamp NULL DEFAULT NULL,
  PRIMARY KEY (`id`),
  KEY `contacts_client_id_foreign` (`client_id`),
  KEY `contacts_contact_group_id_foreign` (`contact_group_id`),
  CONSTRAINT `contacts_client_id_foreign` FOREIGN KEY (`client_id`) REFERENCES `clients` (`id`),
  CONSTRAINT `contacts_contact_group_id_foreign` FOREIGN KEY (`contact_group_id`) REFERENCES `contact_groups` (`id`)
) ENGINE=InnoDB AUTO_INCREMENT=102 DEFAULT CHARSET=latin1;

--
-- Dumping data for table `contacts`
--

/*!40000 ALTER TABLE `contacts` DISABLE KEYS */;
INSERT INTO `contacts` (`id`,`name`,`contact_group_id`,`client_id`,`field1`,`field2`,`field3`,`field4`,`field5`,`phone_number`,`field_1`,`field_2`,`field_3`,`field_4`,`field_5`,`status`,`created_at`,`updated_at`,`deleted_at`) VALUES 
 (2,'',13,2,NULL,NULL,NULL,NULL,NULL,'254705595011','Kibet','$100.50','20693439','Agent','Kisii','0','2020-07-01 16:30:49',NULL,NULL),
 (3,'',13,2,NULL,NULL,NULL,NULL,NULL,'254700529928','Jane Doe','$12,003.50','32412579','Agent','Homa Bay','0','2020-07-01 16:30:49',NULL,NULL),
 (4,'',13,2,NULL,NULL,NULL,NULL,NULL,'254704181559','Ngina Faith','$1,000.10','33456047','Agent ','Machakos','0','2020-07-01 16:30:49',NULL,'2020-07-22 15:03:14'),
 (5,'',13,2,NULL,NULL,NULL,NULL,NULL,'254715222399','Mtech Support','$1,000.50','250000','Admin','Voi','0','2020-07-01 16:30:49',NULL,NULL),
 (6,'',13,2,NULL,NULL,NULL,NULL,NULL,'254754707114','Ngina Faith Aitel','$1,000.50','4343322','HR','Juja','0','2020-07-01 16:30:49',NULL,'2020-07-22 15:02:53'),
 (7,'',13,2,NULL,NULL,NULL,NULL,NULL,'254712723648','Isaac Wambugu','$123.00','32412579','Agent','Nairobi','0','2020-07-01 17:18:18',NULL,'2020-07-02 18:09:35'),
 (8,'',13,2,NULL,NULL,NULL,NULL,NULL,'254705595011','Kibet','$100.50','20693439','Agent','Kisii','0','2020-07-01 17:18:18',NULL,'2020-07-02 18:10:20'),
 (9,'',13,2,NULL,NULL,NULL,NULL,NULL,'254700529928','Jane Doe','$12,003.50','32412579','Agent','Homa Bay','0','2020-07-01 17:18:18',NULL,'2020-07-22 15:01:17'),
 (10,'',13,2,NULL,NULL,NULL,NULL,NULL,'254704181559','Ngina Faith','$1,000.10','33456047','Agent ','Machakos','0','2020-07-01 17:18:18',NULL,'2020-07-22 15:02:00'),
 (11,'',13,2,NULL,NULL,NULL,NULL,NULL,'254715222399','Mtech Support','$1,000.50','250000','Admin','Voi','0','2020-07-01 17:18:18',NULL,NULL),
 (12,'',13,2,NULL,NULL,NULL,NULL,NULL,'254754707114','Ngina Faith Aitel','$1,000.50','4343322','HR','Juja','0','2020-07-01 17:18:18',NULL,'2020-07-22 15:01:34'),
 (13,'',14,2,NULL,NULL,NULL,NULL,NULL,'254712723648','Isaac Wambugu','$123.00','32412579','Agent','Nairobi','0','2020-07-02 18:05:20',NULL,'2020-07-03 10:38:28'),
 (14,'',14,2,NULL,NULL,NULL,NULL,NULL,'254705595011','Kibet','$100.50','20693439','Agent','Kisii','0','2020-07-02 18:05:20',NULL,NULL),
 (15,'',14,2,NULL,NULL,NULL,NULL,NULL,'254700529928','Jane Doe','$12,003.50','32412579','Agent','Homa Bay','0','2020-07-02 18:05:20',NULL,NULL),
 (16,'',14,2,NULL,NULL,NULL,NULL,NULL,'254704181559','Ngina Faith','$1,000.10','33456047','Agent ','Machakos','0','2020-07-02 18:05:20',NULL,NULL),
 (17,'',14,2,NULL,NULL,NULL,NULL,NULL,'254715222399','Mtech Support','$1,000.50','250000','Admin','Voi','0','2020-07-02 18:05:20',NULL,NULL),
 (18,'',14,2,NULL,NULL,NULL,NULL,NULL,'254754707115','Ngina Faith Aitel','$1,000.50','4343322','HR','Juja','0','2020-07-02 18:05:20','2020-07-02 18:12:29',NULL),
 (19,'new contact',14,2,NULL,NULL,NULL,NULL,NULL,'254711222222','Isaac Wambugu Mutahi','$230','32412579','CEO','NAIROBI','Completed','2020-07-03 10:44:10',NULL,'2020-07-03 10:59:14'),
 (20,'',17,2,NULL,NULL,NULL,NULL,NULL,'254712723648','Isaac Wambugu Mutahi','$1230.00','324125791','Agent(edit)','Nairobi(edit)','0','2020-07-06 07:47:51','2020-07-06 10:12:03','2020-07-06 11:46:32'),
 (21,'',17,2,NULL,NULL,NULL,NULL,NULL,'254705595011','Kibet(Edit)','$1000.50','206934391','Agent(Edit)','Kisii(Edit)','0','2020-07-06 07:47:51','2020-07-06 11:48:08','2020-07-07 13:02:59'),
 (22,'',17,2,NULL,NULL,NULL,NULL,NULL,'254700529928','','','32412579','Agent','Homa Bay','0','2020-07-06 07:47:51','2020-11-09 10:24:00',NULL),
 (23,'',17,2,NULL,NULL,NULL,NULL,NULL,'254704181559','Ngina Faith(Edit)','$2,000.10','32412579','Agent(Edit)','Machakos(Edit)','0','2020-07-06 07:47:51','2020-07-22 15:10:36',NULL),
 (24,'',17,2,NULL,NULL,NULL,NULL,NULL,'254715222399','Mtech Support','$1,000.50','250000','Admin','Voi','0','2020-07-06 07:47:51',NULL,NULL),
 (25,'',17,2,NULL,NULL,NULL,NULL,NULL,'254754707114','Ngina Faith Aitel','$1,000.50','4343322','HR','Juja','0','2020-07-06 07:47:51',NULL,'2020-07-06 11:59:35'),
 (26,'',25,2,NULL,NULL,NULL,NULL,NULL,'254712723648','Isaac Wambugu','$123.00','32412579','Agent','Nairobi','0','2020-07-13 19:04:28',NULL,NULL),
 (27,'',22,2,NULL,NULL,NULL,NULL,NULL,'254712723648','Isaac Wambugu','$123.00','32412579','Agent','Nairobi','0','2020-07-13 19:04:28',NULL,NULL),
 (28,'',23,2,NULL,NULL,NULL,NULL,NULL,'254712723648','Isaac Wambugu','$123.00','32412579','Agent','Nairobi','0','2020-07-13 19:04:28',NULL,NULL),
 (29,'',22,2,NULL,NULL,NULL,NULL,NULL,'254705595011','Kibet','$100.50','20693439','Agent','Kisii','0','2020-07-13 19:04:28',NULL,NULL),
 (30,'',23,2,NULL,NULL,NULL,NULL,NULL,'254705595011','Kibet','$100.50','20693439','Agent','Kisii','0','2020-07-13 19:04:28',NULL,NULL),
 (31,'',22,2,NULL,NULL,NULL,NULL,NULL,'254700529928','Jane Doe','$12,003.50','32412579','Agent','Homa Bay','0','2020-07-13 19:04:28',NULL,NULL),
 (32,'',23,2,NULL,NULL,NULL,NULL,NULL,'254700529928','Jane Doe','$12,003.50','32412579','Agent','Homa Bay','0','2020-07-13 19:04:28',NULL,NULL),
 (33,'',22,2,NULL,NULL,NULL,NULL,NULL,'254704181559','Ngina Faith','$1,000.10','33456047','Agent ','Machakos','0','2020-07-13 19:04:28',NULL,NULL),
 (34,'',23,2,NULL,NULL,NULL,NULL,NULL,'254704181559','Ngina Faith','$1,000.10','33456047','Agent ','Machakos','0','2020-07-13 19:04:28',NULL,NULL),
 (35,'',22,2,NULL,NULL,NULL,NULL,NULL,'254715222399','Mtech Support','$1,000.50','250000','Admin','Voi','0','2020-07-13 19:04:28',NULL,NULL),
 (36,'',23,2,NULL,NULL,NULL,NULL,NULL,'254715222399','Mtech Support','$1,000.50','250000','Admin','Voi','0','2020-07-13 19:04:28',NULL,NULL),
 (37,'',22,2,NULL,NULL,NULL,NULL,NULL,'254754707114','Ngina Faith Aitel','$1,000.50','4343322','HR','Juja','0','2020-07-13 19:04:28',NULL,NULL),
 (38,'',23,2,NULL,NULL,NULL,NULL,NULL,'254754707114','Ngina Faith Aitel','$1,000.50','4343322','HR','Juja','0','2020-07-13 19:04:28',NULL,NULL),
 (39,'',25,2,NULL,NULL,NULL,NULL,NULL,'254705595011','Kibet','$100.50','20693439','Agent','Kisii','0','2020-07-13 19:04:28',NULL,NULL),
 (40,'',25,2,NULL,NULL,NULL,NULL,NULL,'254700529928','Jane Doe','$12,003.50','32412579','Agent','Homa Bay','0','2020-07-13 19:04:28',NULL,NULL),
 (41,'',25,2,NULL,NULL,NULL,NULL,NULL,'254704181559','Ngina Faith','$1,000.10','33456047','Agent ','Machakos','0','2020-07-13 19:04:28',NULL,NULL),
 (42,'',25,2,NULL,NULL,NULL,NULL,NULL,'254715222399','Mtech Support','$1,000.50','250000','Admin','Voi','0','2020-07-13 19:04:28',NULL,NULL),
 (43,'',25,2,NULL,NULL,NULL,NULL,NULL,'254754707114','Ngina Faith Aitel','$1,000.50','4343322','HR','Juja','0','2020-07-13 19:04:28',NULL,NULL),
 (44,'',19,2,NULL,NULL,NULL,NULL,NULL,'254712010100','John Doe','$123.00','32412579','Agent','Nairobi','0','2020-07-13 19:04:28',NULL,NULL),
 (45,'',19,2,NULL,NULL,NULL,NULL,NULL,'254705010100','Jane Doe','$100.50','20693439','Agent','Kisii','0','2020-07-13 19:04:28',NULL,NULL),
 (46,'',21,2,NULL,NULL,NULL,NULL,NULL,'254712010100','John Doe','$123.00','32412579','Agent','Nairobi','0','2020-07-13 19:04:28',NULL,NULL),
 (47,'',21,2,NULL,NULL,NULL,NULL,NULL,'254705010100','Jane Doe','$100.50','20693439','Agent','Kisii','0','2020-07-13 19:04:28',NULL,NULL),
 (48,'',20,2,NULL,NULL,NULL,NULL,NULL,'254712010100','John Doe','$123.00','32412579','Agent','Nairobi','0','2020-07-13 19:04:29',NULL,NULL),
 (49,'',20,2,NULL,NULL,NULL,NULL,NULL,'254705010100','Jane Doe','$100.50','20693439','Agent','Kisii','0','2020-07-13 19:04:29',NULL,NULL),
 (50,'',24,2,NULL,NULL,NULL,NULL,NULL,'254712723648','Isaac Wambugu','$123.00','32412579','Agent','Nairobi','0','2020-07-13 19:04:29',NULL,NULL),
 (51,'',24,2,NULL,NULL,NULL,NULL,NULL,'254705595011','Kibet','$100.50','20693439','Agent','Kisii','0','2020-07-13 19:04:29',NULL,NULL),
 (52,'',24,2,NULL,NULL,NULL,NULL,NULL,'254700529928','Jane Doe','$12,003.50','32412579','Agent','Homa Bay','0','2020-07-13 19:04:29',NULL,NULL),
 (53,'',24,2,NULL,NULL,NULL,NULL,NULL,'254704181559','Ngina Faith','$1,000.10','33456047','Agent ','Machakos','0','2020-07-13 19:04:29',NULL,NULL),
 (54,'',27,2,NULL,NULL,NULL,NULL,NULL,'254712723648','Isaac','$123.00','32412579','Agent','Nairobi','0','2020-07-14 10:59:10','2020-11-09 10:22:43',NULL),
 (55,'',27,2,NULL,NULL,NULL,NULL,NULL,'254705595011','Kibet','$100.50','20693439','Agent','Kisii','0','2020-07-14 10:59:10',NULL,NULL),
 (56,'',27,2,NULL,NULL,NULL,NULL,NULL,'254700529928','Jane Doe','$12,003.50','32412579','Agent','Homa Bay','0','2020-07-14 10:59:10',NULL,NULL),
 (57,'',27,2,NULL,NULL,NULL,NULL,NULL,'254704181559','Ngina Faith','$1,000.10','33456047','Agent ','Machakos','0','2020-07-14 10:59:10',NULL,NULL),
 (58,'',27,2,NULL,NULL,NULL,NULL,NULL,'254715222399','Mtech Support','$1,000.50','250000','Admin','Voi','0','2020-07-14 10:59:10',NULL,NULL),
 (59,'',27,2,NULL,NULL,NULL,NULL,NULL,'254754707114','Ngina Faith Aitel','$1,000.50','4343322','HR','Juja','0','2020-07-14 10:59:10',NULL,NULL),
 (64,'',32,2,NULL,NULL,NULL,NULL,NULL,'254712723648','Isaac Wambugu','$123.00','32412579','Agent','Nairobi','0','2020-07-14 15:13:39',NULL,NULL),
 (65,'',32,2,NULL,NULL,NULL,NULL,NULL,'254705595011','Kibet','$100.50','20693439','Agent','Kisii','0','2020-07-14 15:13:39',NULL,NULL),
 (66,'',32,2,NULL,NULL,NULL,NULL,NULL,'254700529928','Jane Doe','$12,003.50','32412579','Agent','Homa Bay','0','2020-07-14 15:13:39',NULL,NULL),
 (67,'',32,2,NULL,NULL,NULL,NULL,NULL,'254704181559','Ngina Faith','$1,000.10','33456047','Agent ','Machakos','0','2020-07-14 15:13:39',NULL,NULL),
 (68,'',33,2,NULL,NULL,NULL,NULL,NULL,'254712723648','Isaac Wambugu','$123.00','32412579','Agent','Nairobi','0','2020-07-14 15:39:40',NULL,'2020-07-14 15:40:14'),
 (69,'',33,2,NULL,NULL,NULL,NULL,NULL,'254705595011','Kibet(Edit)','$1000.50','206934399','Agent(Edit)','Kisii(Edit)','0','2020-07-14 15:39:40','2020-07-14 15:43:23',NULL),
 (70,'',33,2,NULL,NULL,NULL,NULL,NULL,'254700529928','Jane Doe','$12,003.50','32412579','Agent','Homa Bay','0','2020-07-14 15:39:40',NULL,NULL),
 (71,'',33,2,NULL,NULL,NULL,NULL,NULL,'254704181559','Ngina Faith','$1,000.10','33456047','Agent ','Machakos','0','2020-07-14 15:39:40',NULL,NULL),
 (72,'',33,2,NULL,NULL,NULL,NULL,NULL,'254715222399','Mtech Support','$1,000.50','250000','Admin','Voi','0','2020-07-14 15:39:40',NULL,NULL),
 (73,'',33,2,NULL,NULL,NULL,NULL,NULL,'254754707114','Ngina Faith Aitel','$1,000.50','4343322','HR','Juja','0','2020-07-14 15:39:40',NULL,NULL),
 (74,'',34,2,NULL,NULL,NULL,NULL,NULL,'254712723648','John','Doe','32412579','Customer','Nairobi','0','2020-07-14 15:46:40',NULL,NULL),
 (75,'',34,2,NULL,NULL,NULL,NULL,NULL,'254780255288','David','Lee','32412581','Customer','Nairobi','0','2020-07-14 15:46:40',NULL,NULL),
 (76,'',34,2,NULL,NULL,NULL,NULL,NULL,'254700529928','Mary ','Doe','32412585','Admin','Nyeri','0','2020-07-14 15:46:40',NULL,NULL),
 (77,'',35,2,NULL,NULL,NULL,NULL,NULL,'254712723648','John','Doe','32412579','Customer','Nairobi','0','2020-07-14 15:54:05',NULL,NULL),
 (78,'',35,2,NULL,NULL,NULL,NULL,NULL,'254780255288','David','Lee','32412581','Customer','Nairobi','0','2020-07-14 15:54:05',NULL,NULL),
 (79,'',35,2,NULL,NULL,NULL,NULL,NULL,'254700529928','Mary ','Doe','32412585','Admin','Nyeri','0','2020-07-14 15:54:05',NULL,NULL),
 (80,'',37,2,NULL,NULL,NULL,NULL,NULL,'254712723648','Isaac Wambugu','$123.00','32412579','Agent','Nairobi','0','2020-07-14 15:58:40',NULL,NULL),
 (81,'',37,2,NULL,NULL,NULL,NULL,NULL,'254705595011','Kibet','$100.50','20693439','Agent','Kisii','0','2020-07-14 15:58:40',NULL,NULL),
 (82,'',37,2,NULL,NULL,NULL,NULL,NULL,'254700529928','Jane Doe','$12,003.50','32412579','Agent','Homa Bay','0','2020-07-14 15:58:40',NULL,NULL),
 (83,'',37,2,NULL,NULL,NULL,NULL,NULL,'254704181559','Ngina Faith','$1,000.10','33456047','Agent ','Machakos','0','2020-07-14 15:58:40',NULL,NULL),
 (84,'',37,2,NULL,NULL,NULL,NULL,NULL,'254715222399','Mtech Support','$1,000.50','250000','Admin','Voi','0','2020-07-14 15:58:40',NULL,NULL),
 (85,'',37,2,NULL,NULL,NULL,NULL,NULL,'254754707114','Ngina Faith Aitel','$1,000.50','4343322','HR','Juja','0','2020-07-14 15:58:40',NULL,NULL),
 (86,'',40,3,NULL,NULL,NULL,NULL,NULL,'254712010100','John Doe','$123.00','32412579','Agent','Nairobi','0','2020-07-17 05:44:36',NULL,NULL),
 (87,'',40,3,NULL,NULL,NULL,NULL,NULL,'254705010100','Jane Doe','$100.50','20693439','Agent','Kisii','0','2020-07-17 05:44:36',NULL,NULL),
 (88,'',42,3,NULL,NULL,NULL,NULL,NULL,'254712010100','John Doe','$123.00','32412579','Agent','Nairobi','0','2020-07-17 05:48:47',NULL,NULL),
 (89,'',42,3,NULL,NULL,NULL,NULL,NULL,'254705010100','Jane Doe','$100.50','20693439','Agent','Kisii','0','2020-07-17 05:48:47',NULL,NULL),
 (90,'',42,3,NULL,NULL,NULL,NULL,NULL,'254712723648','Isaac Wambugu','$200.51','32412578','Supervisor','Kiambu','0','2020-07-17 05:48:47',NULL,NULL),
 (91,'',47,3,NULL,NULL,NULL,NULL,NULL,'254712010100','John Doe','','','','','0','2020-07-17 14:50:07',NULL,NULL),
 (92,'',47,3,NULL,NULL,NULL,NULL,NULL,'254705010100','Jane Doe','','','','','0','2020-07-17 14:50:07',NULL,NULL),
 (93,'new contact',17,2,NULL,NULL,NULL,NULL,NULL,'254712723642','Izo Wambugu(Edit)','$300.50','333333334','Agent','Kisii','Completed','2020-07-22 15:11:39','2020-07-22 15:13:36',NULL),
 (94,'new contact',62,2,NULL,NULL,NULL,NULL,NULL,'254705595011','20',NULL,NULL,NULL,NULL,'Completed','2020-08-26 10:27:39',NULL,NULL),
 (95,'',73,2,NULL,NULL,NULL,NULL,NULL,'254726789778','Henry','Bundi','','','','0','2020-11-06 14:58:41',NULL,NULL),
 (96,'',73,2,NULL,NULL,NULL,NULL,NULL,'254720689083','Her','Majesty','','','','0','2020-11-06 14:58:41',NULL,NULL),
 (97,'',77,2,NULL,NULL,NULL,NULL,NULL,'254712010100','John Doe','$123.00','32412579','Agent','Nairobi','0','2020-11-12 08:08:49',NULL,NULL),
 (98,'',77,2,NULL,NULL,NULL,NULL,NULL,'254705010100','Jane Doe','$100.50','20693439','Agent','Kisii','0','2020-11-12 08:08:49',NULL,NULL),
 (99,'',78,2,NULL,NULL,NULL,NULL,NULL,'254704181559','John Doe','$123.00','32412579','Agent','Nairobi','0','2020-11-12 08:14:35',NULL,NULL),
 (100,'',78,2,NULL,NULL,NULL,NULL,NULL,'254792001141','Jane Doe','$100.50','20693439','Agent','Kisii','0','2020-11-12 08:14:35',NULL,NULL),
 (101,'new contact',116,3,NULL,NULL,NULL,NULL,NULL,'254728140544','Amon','','','','','Completed','2021-04-21 15:29:59',NULL,NULL);
/*!40000 ALTER TABLE `contacts` ENABLE KEYS */;


--
-- Definition of table `contactscolumnheaderaliases`
--

DROP TABLE IF EXISTS `contactscolumnheaderaliases`;
CREATE TABLE `contactscolumnheaderaliases` (
  `id` int(11) NOT NULL AUTO_INCREMENT,
  `columnHeader` varchar(200) DEFAULT NULL,
  `userID` int(11) NOT NULL DEFAULT 0,
  `alias` varchar(200) DEFAULT NULL,
  `dateCreated` datetime DEFAULT NULL,
  `dateModified` timestamp NOT NULL DEFAULT current_timestamp() ON UPDATE current_timestamp(),
  PRIMARY KEY (`id`)
) ENGINE=InnoDB DEFAULT CHARSET=latin1;

--
-- Dumping data for table `contactscolumnheaderaliases`
--

/*!40000 ALTER TABLE `contactscolumnheaderaliases` DISABLE KEYS */;
/*!40000 ALTER TABLE `contactscolumnheaderaliases` ENABLE KEYS */;


--
-- Definition of table `countries`
--

DROP TABLE IF EXISTS `countries`;
CREATE TABLE `countries` (
  `id` bigint(20) unsigned NOT NULL AUTO_INCREMENT,
  `name` varchar(255) COLLATE utf8mb4_unicode_ci NOT NULL,
  `code` varchar(255) COLLATE utf8mb4_unicode_ci NOT NULL,
  `dialing_code` int(11) NOT NULL DEFAULT 0,
  `taxes` longtext CHARACTER SET utf8mb4 COLLATE utf8mb4_bin DEFAULT NULL,
  `status` varchar(255) COLLATE utf8mb4_unicode_ci NOT NULL DEFAULT 'active',
  `created_at` timestamp NULL DEFAULT NULL,
  `updated_at` timestamp NULL DEFAULT NULL,
  `deleted_at` timestamp NULL DEFAULT NULL,
  PRIMARY KEY (`id`)
) ENGINE=InnoDB AUTO_INCREMENT=2 DEFAULT CHARSET=utf8mb4 COLLATE=utf8mb4_unicode_ci;

--
-- Dumping data for table `countries`
--

/*!40000 ALTER TABLE `countries` DISABLE KEYS */;
INSERT INTO `countries` (`id`,`name`,`code`,`dialing_code`,`taxes`,`status`,`created_at`,`updated_at`,`deleted_at`) VALUES 
 (1,'KENYA','KE',254,0x3136,'active','2020-06-24 11:52:59',NULL,NULL);
/*!40000 ALTER TABLE `countries` ENABLE KEYS */;


--
-- Definition of table `currencies`
--

DROP TABLE IF EXISTS `currencies`;
CREATE TABLE `currencies` (
  `id` bigint(20) unsigned NOT NULL AUTO_INCREMENT,
  `name` varchar(255) COLLATE utf8mb4_unicode_ci NOT NULL,
  `code` varchar(255) COLLATE utf8mb4_unicode_ci NOT NULL,
  `symbol` varchar(255) COLLATE utf8mb4_unicode_ci NOT NULL,
  `symbol_first` tinyint(1) NOT NULL DEFAULT 1,
  `thousands_separator` varchar(255) COLLATE utf8mb4_unicode_ci NOT NULL,
  `status` varchar(255) COLLATE utf8mb4_unicode_ci NOT NULL DEFAULT 'active',
  `created_at` timestamp NULL DEFAULT NULL,
  `updated_at` timestamp NULL DEFAULT NULL,
  `deleted_at` timestamp NULL DEFAULT NULL,
  PRIMARY KEY (`id`)
) ENGINE=InnoDB AUTO_INCREMENT=5 DEFAULT CHARSET=utf8mb4 COLLATE=utf8mb4_unicode_ci;

--
-- Dumping data for table `currencies`
--

/*!40000 ALTER TABLE `currencies` DISABLE KEYS */;
INSERT INTO `currencies` (`id`,`name`,`code`,`symbol`,`symbol_first`,`thousands_separator`,`status`,`created_at`,`updated_at`,`deleted_at`) VALUES 
 (1,'Kenyan Shillings','KES','Ksh',1,',','active','2020-06-24 11:51:25','2020-06-24 11:51:25',NULL),
 (2,'US Dollars','USD','$ ',1,',','active','2020-06-24 11:51:25','2020-06-24 11:51:25',NULL),
 (3,'Euro','EUR',' ',1,',','active','2020-06-24 11:51:25','2020-06-24 11:51:25',NULL),
 (4,'Ugandan Shillings','UGX','USh ',1,',','active','2020-06-24 11:51:25','2020-06-24 11:51:25',NULL);
/*!40000 ALTER TABLE `currencies` ENABLE KEYS */;


--
-- Definition of table `currency_rates`
--

DROP TABLE IF EXISTS `currency_rates`;
CREATE TABLE `currency_rates` (
  `id` bigint(20) NOT NULL AUTO_INCREMENT,
  `from_currency_id` int(11) NOT NULL,
  `to_currency_id` int(11) NOT NULL,
  `rate` double(15,4) NOT NULL,
  `created_at` timestamp NOT NULL DEFAULT current_timestamp(),
  `updated_at` timestamp NULL DEFAULT NULL,
  PRIMARY KEY (`id`)
) ENGINE=InnoDB AUTO_INCREMENT=2 DEFAULT CHARSET=latin1;

--
-- Dumping data for table `currency_rates`
--

/*!40000 ALTER TABLE `currency_rates` DISABLE KEYS */;
INSERT INTO `currency_rates` (`id`,`from_currency_id`,`to_currency_id`,`rate`,`created_at`,`updated_at`) VALUES 
 (1,1,1,1001.0000,'2020-10-19 06:51:53',NULL);
/*!40000 ALTER TABLE `currency_rates` ENABLE KEYS */;


--
-- Definition of table `current_credits`
--

DROP TABLE IF EXISTS `current_credits`;
CREATE TABLE `current_credits` (
  `currentID` int(10) unsigned NOT NULL AUTO_INCREMENT,
  `clientID` int(11) unsigned NOT NULL,
  `currentCredits` int(11) unsigned NOT NULL,
  `dateCreated` datetime NOT NULL,
  `dateModified` datetime NOT NULL,
  `updatedBy` int(11) unsigned NOT NULL,
  `createdBy` int(11) unsigned NOT NULL,
  `status` int(11) unsigned NOT NULL,
  `expiryDate` datetime NOT NULL,
  PRIMARY KEY (`currentID`)
) ENGINE=InnoDB AUTO_INCREMENT=2 DEFAULT CHARSET=latin1;

--
-- Dumping data for table `current_credits`
--

/*!40000 ALTER TABLE `current_credits` DISABLE KEYS */;
INSERT INTO `current_credits` (`currentID`,`clientID`,`currentCredits`,`dateCreated`,`dateModified`,`updatedBy`,`createdBy`,`status`,`expiryDate`) VALUES 
 (1,31,1200,'2020-07-15 10:56:35','2020-07-15 10:56:35',18,18,1,'2020-07-15 10:56:35');
/*!40000 ALTER TABLE `current_credits` ENABLE KEYS */;


--
-- Definition of table `departments`
--

DROP TABLE IF EXISTS `departments`;
CREATE TABLE `departments` (
  `iddepartments` int(10) unsigned NOT NULL AUTO_INCREMENT,
  `name` varchar(45) NOT NULL,
  `hod` varchar(45) NOT NULL,
  `description` varchar(200) NOT NULL,
  `createdBy` bigint(20) unsigned NOT NULL,
  `dateCreated` datetime NOT NULL,
  `updatedBy` bigint(20) unsigned NOT NULL,
  `dateUpdated` datetime NOT NULL,
  `deletedAt` datetime NOT NULL,
  `status` int(10) unsigned NOT NULL,
  PRIMARY KEY (`iddepartments`),
  KEY `FK_departments_1` (`createdBy`),
  KEY `FK_departments_2` (`updatedBy`),
  CONSTRAINT `FK_departments_1` FOREIGN KEY (`createdBy`) REFERENCES `users` (`id`),
  CONSTRAINT `FK_departments_2` FOREIGN KEY (`updatedBy`) REFERENCES `users` (`id`)
) ENGINE=InnoDB AUTO_INCREMENT=2 DEFAULT CHARSET=latin1;

--
-- Dumping data for table `departments`
--

/*!40000 ALTER TABLE `departments` DISABLE KEYS */;
INSERT INTO `departments` (`iddepartments`,`name`,`hod`,`description`,`createdBy`,`dateCreated`,`updatedBy`,`dateUpdated`,`deletedAt`,`status`) VALUES 
 (1,'Technology','Henry Bundi','This department is responsible for software development testing documentation and implementation',31,'2021-03-10 00:20:16',31,'2021-03-10 00:20:16','0000-00-00 00:00:00',1);
/*!40000 ALTER TABLE `departments` ENABLE KEYS */;


--
-- Definition of table `dnd`
--

DROP TABLE IF EXISTS `dnd`;
CREATE TABLE `dnd` (
  `id` bigint(20) unsigned NOT NULL AUTO_INCREMENT,
  `sender_id` bigint(20) unsigned DEFAULT NULL,
  `phone_number` varchar(255) COLLATE utf8mb4_unicode_ci NOT NULL,
  `created_at` timestamp NULL DEFAULT NULL,
  `updated_at` timestamp NULL DEFAULT NULL,
  `deleted_at` timestamp NULL DEFAULT NULL,
  PRIMARY KEY (`id`),
  KEY `dnd_sender_id_foreign` (`sender_id`),
  CONSTRAINT `dnd_sender_id_foreign` FOREIGN KEY (`sender_id`) REFERENCES `sender_ids` (`id`)
) ENGINE=InnoDB AUTO_INCREMENT=3 DEFAULT CHARSET=utf8mb4 COLLATE=utf8mb4_unicode_ci;

--
-- Dumping data for table `dnd`
--

/*!40000 ALTER TABLE `dnd` DISABLE KEYS */;
INSERT INTO `dnd` (`id`,`sender_id`,`phone_number`,`created_at`,`updated_at`,`deleted_at`) VALUES 
 (1,2,'254712723648','2020-06-25 14:24:50',NULL,'2020-08-09 12:11:08'),
 (2,1,'254704181559','2020-06-29 13:33:31',NULL,NULL);
/*!40000 ALTER TABLE `dnd` ENABLE KEYS */;


--
-- Definition of table `email_contact_groups`
--

DROP TABLE IF EXISTS `email_contact_groups`;
CREATE TABLE `email_contact_groups` (
  `id` bigint(20) unsigned NOT NULL AUTO_INCREMENT,
  `name` varchar(255) CHARACTER SET utf8mb4 COLLATE utf8mb4_unicode_ci NOT NULL,
  `file` varchar(255) CHARACTER SET utf8mb4 COLLATE utf8mb4_unicode_ci NOT NULL,
  `file_type` varchar(255) CHARACTER SET utf8mb4 COLLATE utf8mb4_unicode_ci DEFAULT NULL,
  `generated_file_name` varchar(255) CHARACTER SET utf8mb4 COLLATE utf8mb4_unicode_ci DEFAULT NULL,
  `file_location` varchar(255) CHARACTER SET utf8mb4 COLLATE utf8mb4_unicode_ci DEFAULT NULL,
  `col_count` int(11) NOT NULL DEFAULT 0,
  `column_headers` longtext CHARACTER SET utf8mb4 COLLATE utf8mb4_bin DEFAULT NULL,
  `duplicate` int(11) NOT NULL DEFAULT 0,
  `invalid_no` int(11) NOT NULL DEFAULT 0,
  `valid` int(11) NOT NULL DEFAULT 0,
  `run_id` int(11) NOT NULL DEFAULT 0,
  `description` text CHARACTER SET utf8mb4 COLLATE utf8mb4_unicode_ci DEFAULT NULL,
  `client_id` bigint(20) unsigned NOT NULL,
  `user_id` bigint(20) unsigned NOT NULL,
  `status` varchar(255) CHARACTER SET utf8mb4 COLLATE utf8mb4_unicode_ci NOT NULL DEFAULT 'active',
  `use_in` varchar(255) CHARACTER SET utf8mb4 COLLATE utf8mb4_unicode_ci DEFAULT NULL,
  `processed_at` timestamp NULL DEFAULT NULL,
  `created_at` timestamp NULL DEFAULT NULL,
  `created_by` bigint(20) unsigned DEFAULT NULL,
  `updated_at` timestamp NULL DEFAULT NULL,
  `deleted_at` timestamp NULL DEFAULT NULL,
  PRIMARY KEY (`id`)
) ENGINE=InnoDB AUTO_INCREMENT=5 DEFAULT CHARSET=latin1;

--
-- Dumping data for table `email_contact_groups`
--

/*!40000 ALTER TABLE `email_contact_groups` DISABLE KEYS */;
INSERT INTO `email_contact_groups` (`id`,`name`,`file`,`file_type`,`generated_file_name`,`file_location`,`col_count`,`column_headers`,`duplicate`,`invalid_no`,`valid`,`run_id`,`description`,`client_id`,`user_id`,`status`,`use_in`,`processed_at`,`created_at`,`created_by`,`updated_at`,`deleted_at`) VALUES 
 (1,'Test','EmailList.csv','csv','1605015598-e4a0b962-a70a-3f79-9e89-4c5a42a586e3.csv','@AppServer/home/contactsExtractorV2/1605015598-e4a0b962-a70a-3f79-9e89-4c5a42a586e3.csv',0,NULL,0,0,0,0,'tested',2,8,'active','email',NULL,'2020-11-10 16:39:58',8,NULL,NULL),
 (2,'dry-run','EmailList.csv','csv','1605078219-a675d0c5-5ff1-304d-85b7-f27f63fa8563.csv','@AppServer/home/contactsExtractorV2/1605078219-a675d0c5-5ff1-304d-85b7-f27f63fa8563.csv',0,NULL,0,0,0,0,'dry run',2,8,'Processed','email',NULL,'2020-11-11 10:03:39',8,NULL,NULL),
 (3,'Luke Test Group','emailSampleGroup.csv','csv','1605154893-d43cc2f1-e869-316b-9f36-0aa28c711e80.csv','@AppServer/home/contactsExtractorV2/1605154893-d43cc2f1-e869-316b-9f36-0aa28c711e80.csv',0,NULL,0,0,0,0,'Test',1,5,'Processed','email',NULL,'2020-11-12 07:21:33',5,NULL,NULL),
 (4,'Use_this_to test','csv_email_contacts.csv','csv','1605156306-dde598cb-04bf-36e0-bebc-c51f4e416e1a.csv','@AppServer/home/contactsExtractorV2/1605156306-dde598cb-04bf-36e0-bebc-c51f4e416e1a.csv',0,NULL,0,0,0,0,'Group 12.11.2020',2,4,'Processed','email',NULL,'2020-11-12 07:45:06',4,NULL,NULL);
/*!40000 ALTER TABLE `email_contact_groups` ENABLE KEYS */;


--
-- Definition of table `email_contacts`
--

DROP TABLE IF EXISTS `email_contacts`;
CREATE TABLE `email_contacts` (
  `id` bigint(20) unsigned NOT NULL AUTO_INCREMENT,
  `name` varchar(255) CHARACTER SET utf8mb4 COLLATE utf8mb4_unicode_ci NOT NULL,
  `email_contact_group_id` bigint(20) unsigned NOT NULL,
  `client_id` bigint(20) unsigned NOT NULL,
  `email_address` varchar(255) CHARACTER SET utf8mb4 COLLATE utf8mb4_unicode_ci NOT NULL,
  `field_1` varchar(255) CHARACTER SET utf8mb4 COLLATE utf8mb4_unicode_ci DEFAULT NULL,
  `field_2` varchar(255) CHARACTER SET utf8mb4 COLLATE utf8mb4_unicode_ci DEFAULT NULL,
  `field_3` varchar(255) CHARACTER SET utf8mb4 COLLATE utf8mb4_unicode_ci DEFAULT NULL,
  `field_4` varchar(255) CHARACTER SET utf8mb4 COLLATE utf8mb4_unicode_ci DEFAULT NULL,
  `field_5` varchar(255) CHARACTER SET utf8mb4 COLLATE utf8mb4_unicode_ci DEFAULT NULL,
  `status` varchar(255) CHARACTER SET utf8mb4 COLLATE utf8mb4_unicode_ci DEFAULT 'active',
  `created_at` timestamp NULL DEFAULT NULL,
  `updated_at` timestamp NULL DEFAULT NULL,
  `deleted_at` timestamp NULL DEFAULT NULL,
  PRIMARY KEY (`id`)
) ENGINE=InnoDB AUTO_INCREMENT=18 DEFAULT CHARSET=latin1;

--
-- Dumping data for table `email_contacts`
--

/*!40000 ALTER TABLE `email_contacts` DISABLE KEYS */;
INSERT INTO `email_contacts` (`id`,`name`,`email_contact_group_id`,`client_id`,`email_address`,`field_1`,`field_2`,`field_3`,`field_4`,`field_5`,`status`,`created_at`,`updated_at`,`deleted_at`) VALUES 
 (1,'',1,2,'neokasp@yahoo.com',NULL,NULL,NULL,NULL,NULL,'active','2020-11-10 16:39:58',NULL,NULL),
 (2,'',1,2,'godfreykori@bmail.com',NULL,NULL,NULL,NULL,NULL,'active','2020-11-10 16:39:58',NULL,NULL),
 (3,'',1,2,'gmakori@mtechcomm.co.ke',NULL,NULL,NULL,NULL,NULL,'active','2020-11-10 16:39:58',NULL,NULL),
 (4,'',1,2,'test@example.com',NULL,NULL,NULL,NULL,NULL,'active','2020-11-10 16:39:58',NULL,NULL),
 (5,'',1,2,'hello@example.com',NULL,NULL,NULL,NULL,NULL,'active','2020-11-10 16:39:58',NULL,NULL),
 (6,'',2,2,'neokasp@yahoo.com',NULL,NULL,NULL,NULL,NULL,'active','2020-11-11 10:03:40',NULL,NULL),
 (7,'',2,2,'godfreykori@gmail.com',NULL,NULL,NULL,NULL,NULL,'active','2020-11-11 10:03:40',NULL,NULL),
 (8,'',2,2,'gmakori@mtechcomm.co.ke',NULL,NULL,NULL,NULL,NULL,'active','2020-11-11 10:03:40',NULL,NULL),
 (9,'',2,2,'test@example.com',NULL,NULL,NULL,NULL,NULL,'active','2020-11-11 10:03:40',NULL,NULL),
 (10,'',2,2,'hello@example.com',NULL,NULL,NULL,NULL,NULL,'active','2020-11-11 10:03:40',NULL,NULL),
 (11,'',3,1,'lmwangi@mtechcomm.co.ke',NULL,NULL,NULL,NULL,NULL,'active','2020-11-12 07:21:33',NULL,NULL),
 (12,'',3,1,'hbundi@mtechcomm.co.ke',NULL,NULL,NULL,NULL,NULL,'active','2020-11-12 07:21:33',NULL,NULL),
 (13,'',3,1,'cmutuku@mtechcomm.co.ke',NULL,NULL,NULL,NULL,NULL,'active','2020-11-12 07:21:33',NULL,NULL),
 (14,'new contact',3,1,'imutahi@mtechcomm.co.ke','','','','','','Completed','2020-11-12 07:33:54',NULL,NULL),
 (15,'',4,2,'kiethmuta2008@gmail.com',NULL,NULL,NULL,NULL,NULL,'active','2020-11-12 07:45:06',NULL,NULL),
 (16,'',4,2,'isaacwambugu7@gmail.com',NULL,NULL,NULL,NULL,NULL,'active','2020-11-12 07:45:06',NULL,NULL),
 (17,'',4,2,'imutahi@mtechcomm.co.ke',NULL,NULL,NULL,NULL,NULL,'active','2020-11-12 07:45:06',NULL,NULL);
/*!40000 ALTER TABLE `email_contacts` ENABLE KEYS */;


--
-- Definition of table `email_routing`
--

DROP TABLE IF EXISTS `email_routing`;
CREATE TABLE `email_routing` (
  `id` int(11) NOT NULL AUTO_INCREMENT,
  `client_id` int(11) NOT NULL,
  `email_address` varchar(255) NOT NULL,
  `email_name` varchar(255) DEFAULT NULL,
  `route_name` varchar(255) DEFAULT NULL,
  `created_at` timestamp NOT NULL DEFAULT current_timestamp(),
  `status` varchar(50) NOT NULL DEFAULT 'active',
  `updated_at` timestamp NULL DEFAULT NULL,
  `meta` longtext CHARACTER SET utf8mb4 COLLATE utf8mb4_bin DEFAULT NULL CHECK (json_valid(`meta`)),
  PRIMARY KEY (`id`)
) ENGINE=InnoDB AUTO_INCREMENT=2 DEFAULT CHARSET=utf8;

--
-- Dumping data for table `email_routing`
--

/*!40000 ALTER TABLE `email_routing` DISABLE KEYS */;
INSERT INTO `email_routing` (`id`,`client_id`,`email_address`,`email_name`,`route_name`,`created_at`,`status`,`updated_at`,`meta`) VALUES 
 (1,2,'info@mtechcomm.co.ke','Mtech','mailer','2020-11-06 11:48:41','active',NULL,NULL);
/*!40000 ALTER TABLE `email_routing` ENABLE KEYS */;


--
-- Definition of table `failed_jobs`
--

DROP TABLE IF EXISTS `failed_jobs`;
CREATE TABLE `failed_jobs` (
  `id` bigint(20) unsigned NOT NULL AUTO_INCREMENT,
  `connection` text COLLATE utf8mb4_unicode_ci NOT NULL,
  `queue` text COLLATE utf8mb4_unicode_ci NOT NULL,
  `payload` text COLLATE utf8mb4_unicode_ci NOT NULL,
  `exception` text COLLATE utf8mb4_unicode_ci NOT NULL,
  `failed_at` timestamp NOT NULL DEFAULT current_timestamp(),
  PRIMARY KEY (`id`)
) ENGINE=InnoDB DEFAULT CHARSET=utf8mb4 COLLATE=utf8mb4_unicode_ci;

--
-- Dumping data for table `failed_jobs`
--

/*!40000 ALTER TABLE `failed_jobs` DISABLE KEYS */;
/*!40000 ALTER TABLE `failed_jobs` ENABLE KEYS */;


--
-- Definition of table `failed_messages`
--

DROP TABLE IF EXISTS `failed_messages`;
CREATE TABLE `failed_messages` (
  `id` bigint(20) unsigned NOT NULL AUTO_INCREMENT,
  `phone_number` varchar(255) COLLATE utf8mb4_unicode_ci NOT NULL,
  `message` text COLLATE utf8mb4_unicode_ci NOT NULL,
  `client_id` bigint(20) unsigned NOT NULL,
  `sender_id` bigint(20) unsigned NOT NULL,
  `status` varchar(255) COLLATE utf8mb4_unicode_ci NOT NULL DEFAULT 'active',
  `created_at` timestamp NULL DEFAULT NULL,
  `updated_at` timestamp NULL DEFAULT NULL,
  `deleted_at` timestamp NULL DEFAULT NULL,
  PRIMARY KEY (`id`),
  KEY `failed_messages_client_id_foreign` (`client_id`),
  KEY `failed_messages_sender_id_foreign` (`sender_id`),
  CONSTRAINT `failed_messages_client_id_foreign` FOREIGN KEY (`client_id`) REFERENCES `clients` (`id`),
  CONSTRAINT `failed_messages_sender_id_foreign` FOREIGN KEY (`sender_id`) REFERENCES `sender_ids` (`id`)
) ENGINE=InnoDB DEFAULT CHARSET=utf8mb4 COLLATE=utf8mb4_unicode_ci;

--
-- Dumping data for table `failed_messages`
--

/*!40000 ALTER TABLE `failed_messages` DISABLE KEYS */;
/*!40000 ALTER TABLE `failed_messages` ENABLE KEYS */;


--
-- Definition of table `favourite_client_bills`
--

DROP TABLE IF EXISTS `favourite_client_bills`;
CREATE TABLE `favourite_client_bills` (
  `id` bigint(20) unsigned NOT NULL AUTO_INCREMENT,
  `client_id` int(11) NOT NULL,
  `merchant_id` int(11) NOT NULL,
  `amount` decimal(15,4) NOT NULL,
  `account_no` varchar(255) COLLATE utf8mb4_unicode_ci NOT NULL,
  `created_by` int(11) NOT NULL,
  `status` varchar(255) COLLATE utf8mb4_unicode_ci NOT NULL DEFAULT 'active',
  `recent_payment_at` timestamp NULL DEFAULT NULL,
  `created_at` timestamp NULL DEFAULT NULL,
  `updated_at` timestamp NULL DEFAULT NULL,
  PRIMARY KEY (`id`)
) ENGINE=InnoDB DEFAULT CHARSET=utf8mb4 COLLATE=utf8mb4_unicode_ci;

--
-- Dumping data for table `favourite_client_bills`
--

/*!40000 ALTER TABLE `favourite_client_bills` DISABLE KEYS */;
/*!40000 ALTER TABLE `favourite_client_bills` ENABLE KEYS */;


--
-- Definition of table `inbound`
--

DROP TABLE IF EXISTS `inbound`;
CREATE TABLE `inbound` (
  `id` bigint(20) unsigned NOT NULL AUTO_INCREMENT,
  `short_code` varchar(255) COLLATE utf8mb4_unicode_ci NOT NULL,
  `phone_number` varchar(255) COLLATE utf8mb4_unicode_ci NOT NULL,
  `message` text COLLATE utf8mb4_unicode_ci NOT NULL,
  `client_id` bigint(20) unsigned NOT NULL,
  `created_at` timestamp NULL DEFAULT NULL,
  `updated_at` timestamp NULL DEFAULT NULL,
  `status` varchar(50) COLLATE utf8mb4_unicode_ci DEFAULT NULL,
  PRIMARY KEY (`id`),
  KEY `inbound_client_id_foreign` (`client_id`),
  CONSTRAINT `inbound_client_id_foreign` FOREIGN KEY (`client_id`) REFERENCES `clients` (`id`)
) ENGINE=InnoDB AUTO_INCREMENT=2 DEFAULT CHARSET=utf8mb4 COLLATE=utf8mb4_unicode_ci;

--
-- Dumping data for table `inbound`
--

/*!40000 ALTER TABLE `inbound` DISABLE KEYS */;
INSERT INTO `inbound` (`id`,`short_code`,`phone_number`,`message`,`client_id`,`created_at`,`updated_at`,`status`) VALUES 
 (1,'20588','254728140544','var_message',31,'2021-03-31 21:34:38','2021-03-31 21:34:38','0');
/*!40000 ALTER TABLE `inbound` ENABLE KEYS */;


--
-- Definition of trigger `inMessages_after_insert`
--

DROP TRIGGER /*!50030 IF EXISTS */ `inMessages_after_insert`;

DELIMITER $$

CREATE DEFINER = `root`@`localhost` TRIGGER `inMessages_after_insert` AFTER INSERT ON `inbound` FOR EACH ROW begin

DECLARE mo_shortcode VarChar(50) default "";
DECLARE ATR_MSG text default "";
DECLARE messageIDD INT DEFAULT FALSE;
DECLARE clientIDD INT DEFAULT FALSE;
DECLARE surveyIDD INT DEFAULT 0;

 select  incomingSourceAddr,autoResponseMessage,clientID into mo_shortcode,ATR_MSG,clientIDD from clientSourceAddr where incomingSourceAddr = NEW.short_code limit 1;

if(length(mo_shortcode)>0 and length(ATR_MSG)>0)
then

 insert into outmessages (messageContent,messageLength ,messagePages ,status ,replyID,dateCreated,dateModified,createdBy,updatedBy) values (ATR_MSG,length(ATR_MSG),CEIL(length(ATR_MSG)/160),0,0,now(),now(),1,1);

SELECT LAST_INSERT_ID() into messageIDD;

insert into outBound(clientID,messageID,sourceAddr,destaddr,status,firstSend,nextSend,lastSend,dateCreated,numberOfSends,expiryDate,delivered,deliverTime,resend,maxSends,resendFrequency,dateModified,correlator,scheduleID,messageType,sdp_serviceID  ) values(clientIDD,messageIDD,NEW.short_code,NEW.phone_number,0,'0000-00-00 00:00:00','0000-00-00 00:00:00','0000-00-00 00:00:00',NOW(),0,adddate(now(),interval 24 hour),0,'0000-00-00 00:00:00',1,3,1,NOW(),NULL,NULL,1,NULL);

end if;







/*Surveys*/

 select getActiveSurveyByShortCodeAndMsisdn(NEW.short_code,new.phone_number) into surveyIDD;

if surveyIDD >0  then
insert into surveyinmesssages values(null,mo_shortcode,NEW.phone_number,surveyIDD,NEW.message,1,1,1,now(),now());
 end if;
end $$

DELIMITER ;

--
-- Definition of table `invalidresponses`
--

DROP TABLE IF EXISTS `invalidresponses`;
CREATE TABLE `invalidresponses` (
  `responseID` int(11) NOT NULL AUTO_INCREMENT,
  `inboxID` int(11) NOT NULL,
  `outBoxID` int(11) DEFAULT NULL,
  `questionID` int(11) NOT NULL,
  `dateCreated` datetime NOT NULL,
  `dateModified` timestamp NOT NULL DEFAULT current_timestamp() ON UPDATE current_timestamp(),
  PRIMARY KEY (`responseID`)
) ENGINE=InnoDB DEFAULT CHARSET=latin1;

--
-- Dumping data for table `invalidresponses`
--

/*!40000 ALTER TABLE `invalidresponses` DISABLE KEYS */;
/*!40000 ALTER TABLE `invalidresponses` ENABLE KEYS */;


--
-- Definition of table `jobs`
--

DROP TABLE IF EXISTS `jobs`;
CREATE TABLE `jobs` (
  `id` bigint(20) unsigned NOT NULL AUTO_INCREMENT,
  `queue` varchar(255) COLLATE utf8mb4_unicode_ci NOT NULL,
  `payload` text COLLATE utf8mb4_unicode_ci NOT NULL,
  `attempts` tinyint(3) unsigned NOT NULL,
  `reserved_at` int(10) unsigned DEFAULT NULL,
  `available_at` int(10) unsigned NOT NULL,
  `created_at` int(10) unsigned NOT NULL,
  PRIMARY KEY (`id`),
  KEY `jobs_queue_index` (`queue`)
) ENGINE=InnoDB AUTO_INCREMENT=38 DEFAULT CHARSET=utf8mb4 COLLATE=utf8mb4_unicode_ci;

--
-- Dumping data for table `jobs`
--

/*!40000 ALTER TABLE `jobs` DISABLE KEYS */;
INSERT INTO `jobs` (`id`,`queue`,`payload`,`attempts`,`reserved_at`,`available_at`,`created_at`) VALUES 
 (1,'Sent','{\"subject\":\"Clients Selling Price Setup Approval Request\",\"email\":[\"kkibet@mtechcomm.co.ke\"],\"message\":\"You have an approval request from mtech Click on the link below to either approve or reject.\\n   Portal Link - http:\\/\\/demoaws.mtechcomm.co.ke\\/servicePortalProd\\/backend\\/web\\/index.php?r=workflow%2Findex\"}',0,1602767071,1602767071,1602767071),
 (2,'Sent','{\"subject\":\"Allocate funds Approval Request\",\"email\":[\"kkibet@mtechcomm.co.ke\"],\"message\":\"You have an approval request from mtech Click on the link below to either approve or reject.\\n   Portal Link - http:\\/\\/demoaws.mtechcomm.co.ke\\/servicePortalProd\\/backend\\/web\\/index.php?r=workflow%2Findex\"}',0,1602826491,1602826491,1602826491),
 (3,'Sent','{\"subject\":\"Allocate funds Approval Request\",\"email\":[\"kkibet@mtechcomm.co.ke\"],\"message\":\"You have an approval request from mtech Click on the link below to either approve or reject.\\n   Portal Link - http:\\/\\/demoaws.mtechcomm.co.ke\\/servicePortalProd\\/backend\\/web\\/index.php?r=workflow%2Findex\"}',0,1602829076,1602829076,1602829076),
 (4,'Sent','{\"subject\":\"Lpo Settlement Approval Request\",\"email\":[\"kkibet@mtechcomm.co.ke\"],\"message\":\"You have an approval request from mtech Click on the link below to either approve or reject.\\n   Portal Link - http:\\/\\/demoaws.mtechcomm.co.ke\\/servicePortalProd\\/backend\\/web\\/index.php?r=workflow%2Findex\"}',0,1602837404,1602837404,1602837404),
 (5,'Sent','{\"subject\":\"Lpo Settlement Approval Request\",\"email\":[\"kkibet@mtechcomm.co.ke\"],\"message\":\"You have an approval request from mtech Click on the link below to either approve or reject.\\n   Portal Link - http:\\/\\/demoaws.mtechcomm.co.ke\\/servicePortalProd\\/backend\\/web\\/index.php?r=workflow%2Findex\"}',0,1602837516,1602837516,1602837516),
 (6,'Sent','{\"subject\":\"Lpo Settlement Approval Request\",\"email\":[\"kkibet@mtechcomm.co.ke\"],\"message\":\"You have an approval request from mtech Click on the link below to either approve or reject.\\n   Portal Link - http:\\/\\/demoaws.mtechcomm.co.ke\\/servicePortalProd\\/backend\\/web\\/index.php?r=workflow%2Findex\"}',0,1602837815,1602837815,1602837815),
 (7,'Sent','{\"subject\":\"Allocate funds Approval Request\",\"email\":[\"kkibet@mtechcomm.co.ke\"],\"message\":\"You have an approval request from mtech Click on the link below to either approve or reject.\\n   Portal Link - http:\\/\\/demoaws.mtechcomm.co.ke\\/servicePortalProd\\/backend\\/web\\/index.php?r=workflow%2Findex\"}',0,1602838881,1602838881,1602838881),
 (8,'Sent','{\"subject\":\"Lpo Settlement Approval Request\",\"email\":[\"kkibet@mtechcomm.co.ke\"],\"message\":\"You have an approval request from mtech Click on the link below to either approve or reject.\\n   Portal Link - http:\\/\\/demoaws.mtechcomm.co.ke\\/servicePortalProd\\/backend\\/web\\/index.php?r=workflow%2Findex\"}',0,1602839229,1602839229,1602839229),
 (9,'Sent','{\"subject\":\"Allocate funds Approval Request\",\"email\":[\"kkibet@mtechcomm.co.ke\"],\"message\":\"You have an approval request from mtech Click on the link below to either approve or reject.\\n   Portal Link - http:\\/\\/demoaws.mtechcomm.co.ke\\/servicePortalProd\\/backend\\/web\\/index.php?r=workflow%2Findex\"}',0,1602840323,1602840323,1602840323),
 (10,'Sent','{\"subject\":\"Allocate funds Approval Request\",\"email\":[\"kkibet@mtechcomm.co.ke\"],\"message\":\"You have an approval request from mtech Click on the link below to either approve or reject.\\n   Portal Link - http:\\/\\/demoaws.mtechcomm.co.ke\\/servicePortalProd\\/backend\\/web\\/index.php?r=workflow%2Findex\"}',0,1602840836,1602840836,1602840836),
 (11,'Sent','{\"subject\":\"Lpo Settlement Approval Request\",\"email\":[\"kkibet@mtechcomm.co.ke\"],\"message\":\"You have an approval request from mtech Click on the link below to either approve or reject.\\n   Portal Link - http:\\/\\/demoaws.mtechcomm.co.ke\\/servicePortalProd\\/backend\\/web\\/index.php?r=workflow%2Findex\"}',0,1602840905,1602840905,1602840905),
 (12,'Sent','{\"subject\":\"Allocate funds Approval Request\",\"email\":[\"kkibet@mtechcomm.co.ke\"],\"message\":\"You have an approval request from mtech Click on the link below to either approve or reject.\\n   Portal Link - http:\\/\\/demoaws.mtechcomm.co.ke\\/servicePortalProd\\/backend\\/web\\/index.php?r=workflow%2Findex\"}',0,1603104728,1603104728,1603104728),
 (13,'Sent','{\"subject\":\"sender ID Approval Request\",\"email\":[\"kkibet@mtechcomm.co.ke\"],\"message\":\"You have an approval request from mtech Click on the link below to either approve or reject.\\n   Portal Link - http:\\/\\/demoaws.mtechcomm.co.ke\\/servicePortalProd\\/backend\\/web\\/index.php?r=workflow%2Findex\"}',0,1603105140,1603105140,1603105140),
 (14,'Sent','{\"subject\":\"Allocate funds Approval Request\",\"email\":[\"kkibet@mtechcomm.co.ke\"],\"message\":\"You have an approval request from mtech Click on the link below to either approve or reject.\\n   Portal Link - http:\\/\\/demoaws.mtechcomm.co.ke\\/servicePortalProd\\/backend\\/web\\/index.php?r=workflow%2Findex\"}',0,1603110115,1603110115,1603110115),
 (15,'Sent','{\"subject\":\"Lpo Settlement Approval Request\",\"email\":[\"kkibet@mtechcomm.co.ke\"],\"message\":\"You have an approval request from mtech Click on the link below to either approve or reject.\\n   Portal Link - http:\\/\\/demoaws.mtechcomm.co.ke\\/servicePortalProd\\/backend\\/web\\/index.php?r=workflow%2Findex\"}',0,1603110203,1603110203,1603110203),
 (16,'Sent','{\"subject\":\"Allocate funds Approval Request\",\"email\":[\"kkibet@mtechcomm.co.ke\"],\"message\":\"You have an approval request from mtech Click on the link below to either approve or reject.\\n   Portal Link - http:\\/\\/demoaws.mtechcomm.co.ke\\/servicePortalProd\\/backend\\/web\\/index.php?r=workflow%2Findex\"}',0,1603271442,1603271442,1603271442),
 (17,'Sent','{\"subject\":\"Allocate funds Approval Request\",\"email\":[\"isaacwambugu7@gmail.com\"],\"message\":\"You have an approval request from mtech Click on the link below to either approve or reject.\\n   Portal Link - http:\\/\\/demoaws.mtechcomm.co.ke\\/servicePortalProd\\/backend\\/web\\/index.php?r=workflow%2Findex\"}',0,1603369032,1603369032,1603369032),
 (18,'Sent','{\"subject\":\"Allocate funds Approval Request\",\"email\":[\"isaacwambugu7@gmail.com\"],\"message\":\"You have an approval request from mtech Click on the link below to either approve or reject.\\n   Portal Link - http:\\/\\/demoaws.mtechcomm.co.ke\\/servicePortalProd\\/backend\\/web\\/index.php?r=workflow%2Findex\"}',0,1603369170,1603369170,1603369170),
 (19,'Sent','{\"subject\":\"sender ID Approval Request\",\"email\":[\"wambuguapps@gmail.com\"],\"message\":\"You have an approval request from mtech Click on the link below to either approve or reject.\\n   Portal Link - http:\\/\\/demoaws.mtechcomm.co.ke\\/servicePortalProd\\/backend\\/web\\/index.php?r=workflow%2Findex\"}',0,1603444286,1603444286,1603444286),
 (20,'Sent','{\"subject\":\"Short Code Approval Request\",\"email\":[\"isaacwambugu7@gmail.com\",\"wambuguapps@gmail.com\"],\"message\":\"You have an approval request from mtech Click on the link below to either approve or reject.\\n   Portal Link - http:\\/\\/demoaws.mtechcomm.co.ke\\/servicePortalProd\\/backend\\/web\\/index.php?r=workflow%2Findex\"}',0,1603444856,1603444856,1603444856),
 (21,'Sent','{\"subject\":\"Allocate funds Approval Request\",\"email\":[\"wambuguapps@gmail.com\"],\"message\":\"You have an approval request from mtech Click on the link below to either approve or reject.\\n   Portal Link - http:\\/\\/demoaws.mtechcomm.co.ke\\/servicePortalProd\\/backend\\/web\\/index.php?r=workflow%2Findex\"}',0,1603445058,1603445058,1603445058),
 (22,'Sent','{\"subject\":\"Allocate funds Approval Request\",\"email\":[\"wambuguapps@gmail.com\"],\"message\":\"You have an approval request from mtech Click on the link below to either approve or reject.\\n   Portal Link - http:\\/\\/demoaws.mtechcomm.co.ke\\/servicePortalProd\\/backend\\/web\\/index.php?r=workflow%2Findex\"}',0,1603445558,1603445558,1603445558),
 (23,'Sent','{\"subject\":\"Allocate funds Approval Request\",\"email\":[\"wambuguapps@gmail.com\"],\"message\":\"You have an approval request from mtech Click on the link below to either approve or reject.\\n   Portal Link - http:\\/\\/demoaws.mtechcomm.co.ke\\/servicePortalProd\\/backend\\/web\\/index.php?r=workflow%2Findex\"}',0,1603445632,1603445632,1603445632),
 (24,'Sent','{\"subject\":\"sender ID Approval Request\",\"email\":[\"wambuguapps@gmail.com\"],\"message\":\"You have an approval request from mtech Click on the link below to either approve or reject.\\n   Portal Link - http:\\/\\/demoaws.mtechcomm.co.ke\\/servicePortalProd\\/backend\\/web\\/index.php?r=workflow%2Findex\"}',0,1603448605,1603448605,1603448605),
 (25,'Sent','{\"subject\":\"Short Code Approval Request\",\"email\":[\"kkibet@mtechcomm.co.ke\",\"wambuguapps@gmail.com\"],\"message\":\"You have an approval request from mtech Click on the link below to either approve or reject.\\n   Portal Link - http:\\/\\/demoaws.mtechcomm.co.ke\\/servicePortalProd\\/backend\\/web\\/index.php?r=workflow%2Findex\"}',0,1603449165,1603449165,1603449165),
 (26,'Pending','{\"subject\":\"Buying Price Setup Approval Request\",\"email\":[\"isaacwambugu7@gmail.com\"],\"message\":\"You have an approval request from swaringa Click on the link below to either approve or reject.\\n   Portal Link - http:\\/\\/localhost:8000\\/backend\\/web\\/index.php?r=workflow%2Findex\"}',0,1614173059,1614173059,1614173059),
 (27,'Pending','{\"subject\":\"Buying Price Setup Approval Request\",\"email\":[\"isaacwambugu7@gmail.com\"],\"message\":\"You have an approval request from swaringa Click on the link below to either approve or reject.\\n   Portal Link - http:\\/\\/localhost:8000\\/backend\\/web\\/index.php?r=workflow%2Findex\"}',0,1614173168,1614173168,1614173168),
 (28,'Pending','{\"subject\":\"Buying Price Setup Approval Request\",\"email\":[\"kkibet@mtechcomm.co.ke\"],\"message\":\"You have an approval request from mtech Click on the link below to either approve or reject.\\n   Portal Link - http:\\/\\/localhost:8000\\/backend\\/web\\/index.php?r=workflow%2Findex\"}',0,1614173809,1614173809,1614173809),
 (29,'Pending','{\"subject\":\"Buying Price Setup Approval Request\",\"email\":[\"kkibet@mtechcomm.co.ke\"],\"message\":\"You have an approval request from mtech Click on the link below to either approve or reject.\\n   Portal Link - http:\\/\\/localhost:8000\\/backend\\/web\\/index.php?r=workflow%2Findex\"}',0,1614173889,1614173889,1614173889),
 (30,'Pending','{\"subject\":\"Clients Selling Price Setup Approval Request\",\"email\":[\"isaacwambugu7@gmail.com\"],\"message\":\"You have an approval request from swaringa Click on the link below to either approve or reject.\\n   Portal Link - http:\\/\\/localhost:8000\\/backend\\/web\\/index.php?r=workflow%2Findex\"}',0,1614256947,1614256947,1614256947),
 (31,'Pending','{\"subject\":\"Allocate funds Approval Request\",\"email\":[\"kkibet@mtechcomm.co.ke\"],\"message\":\"You have an approval request from isaacadmin Click on the link below to either approve or reject.\\n   Portal Link - http:\\/\\/localhost:8000\\/backend\\/web\\/index.php?r=workflow%2Findex\"}',0,1614257889,1614257889,1614257889),
 (32,'Pending','{\"subject\":\"Buying Price Setup Approval Request\",\"email\":[\"isaacwambugu7@gmail.com\"],\"message\":\"You have an approval request from swaringa Click on the link below to either approve or reject.\\n   Portal Link - http:\\/\\/localhost:8000\\/backend\\/web\\/index.php?r=workflow%2Findex\"}',0,1614345255,1614345255,1614345255),
 (33,'Pending','{\"subject\":\"Buying Price Setup Approval Request\",\"email\":[\"isaacwambugu7@gmail.com\"],\"message\":\"You have an approval request from swaringa Click on the link below to either approve or reject.\\n   Portal Link - http:\\/\\/localhost:8000\\/backend\\/web\\/index.php?r=workflow%2Findex\"}',0,1614346534,1614346534,1614346534),
 (34,'Pending','{\"subject\":\"Allocate funds Approval Request\",\"email\":[\"kkibet@mtechcomm.co.ke\"],\"message\":\"You have an approval request from iwambugu Click on the link below to either approve or reject.\\n   Portal Link - http:\\/\\/localhost:8000\\/backend\\/web\\/index.php?r=workflow%2Findex\"}',0,1614346809,1614346809,1614346809),
 (35,'Pending','{\"subject\":\"Buying Price Setup Approval Request\",\"email\":[\"kkibet@mtechcomm.co.ke\"],\"message\":\"You have an approval request from mtech Click on the link below to either approve or reject.\\n   Portal Link - http:\\/\\/localhost:8000\\/backend\\/web\\/index.php?r=workflow%2Findex\"}',0,1614757098,1614757098,1614757098),
 (36,'Pending','{\"subject\":\"Allocate funds Approval Request\",\"email\":[\"kkibet@mtechcomm.co.ke\"],\"message\":\"You have an approval request from mtech Click on the link below to either approve or reject.\\n   Portal Link - http:\\/\\/localhost:8000\\/backend\\/web\\/index.php?r=workflow%2Findex\"}',0,1615184285,1615184285,1615184285),
 (37,'Pending','{\"subject\":\"Allocate funds Approval Request\",\"email\":[\"kkibet@mtechcomm.co.ke\"],\"message\":\"You have an approval request from iwambugu Click on the link below to either approve or reject.\\n   Portal Link - http:\\/\\/localhost:8000\\/backend\\/web\\/index.php?r=workflow%2Findex\"}',0,1615469758,1615469758,1615469758);
/*!40000 ALTER TABLE `jobs` ENABLE KEYS */;


--
-- Definition of table `ledgers`
--

DROP TABLE IF EXISTS `ledgers`;
CREATE TABLE `ledgers` (
  `id` bigint(20) unsigned NOT NULL AUTO_INCREMENT,
  `payment_id` bigint(20) unsigned DEFAULT NULL,
  `client_id` bigint(20) unsigned NOT NULL,
  `notes` varchar(255) COLLATE utf8mb4_unicode_ci DEFAULT NULL,
  `reference` varchar(255) COLLATE utf8mb4_unicode_ci NOT NULL,
  `type` varchar(255) COLLATE utf8mb4_unicode_ci DEFAULT NULL,
  `status` varchar(255) COLLATE utf8mb4_unicode_ci NOT NULL DEFAULT 'Pending',
  `transaction_date` date DEFAULT NULL,
  `currency_id` bigint(20) unsigned NOT NULL,
  `debit` decimal(15,4) NOT NULL DEFAULT 0.0000,
  `credit` decimal(15,4) NOT NULL DEFAULT 0.0000,
  `balance_before` decimal(15,4) NOT NULL DEFAULT 0.0000,
  `balance_after` decimal(15,4) NOT NULL DEFAULT 0.0000,
  `created_by` bigint(20) unsigned NOT NULL,
  `created_at` timestamp NULL DEFAULT NULL,
  `updated_at` timestamp NULL DEFAULT NULL,
  PRIMARY KEY (`id`),
  KEY `ledgers_client_id_foreign` (`client_id`),
  KEY `ledgers_created_by_foreign` (`created_by`),
  KEY `ledgers_currency_id_foreign` (`currency_id`),
  CONSTRAINT `ledgers_client_id_foreign` FOREIGN KEY (`client_id`) REFERENCES `clients` (`id`),
  CONSTRAINT `ledgers_currency_id_foreign` FOREIGN KEY (`currency_id`) REFERENCES `currencies` (`id`)
) ENGINE=InnoDB DEFAULT CHARSET=utf8mb4 COLLATE=utf8mb4_unicode_ci;

--
-- Dumping data for table `ledgers`
--

/*!40000 ALTER TABLE `ledgers` DISABLE KEYS */;
/*!40000 ALTER TABLE `ledgers` ENABLE KEYS */;


--
-- Definition of table `logtable`
--

DROP TABLE IF EXISTS `logtable`;
CREATE TABLE `logtable` (
  `id` int(11) NOT NULL AUTO_INCREMENT,
  `message` varchar(300) NOT NULL,
  `dateCreated` timestamp NOT NULL DEFAULT current_timestamp() ON UPDATE current_timestamp(),
  PRIMARY KEY (`id`)
) ENGINE=InnoDB DEFAULT CHARSET=latin1;

--
-- Dumping data for table `logtable`
--

/*!40000 ALTER TABLE `logtable` DISABLE KEYS */;
/*!40000 ALTER TABLE `logtable` ENABLE KEYS */;


--
-- Definition of table `low_balance_notifications`
--

DROP TABLE IF EXISTS `low_balance_notifications`;
CREATE TABLE `low_balance_notifications` (
  `id` bigint(20) unsigned NOT NULL AUTO_INCREMENT,
  `threshold` decimal(15,4) NOT NULL,
  `status` varchar(255) COLLATE utf8mb4_unicode_ci NOT NULL DEFAULT 'active',
  `contacts` longtext CHARACTER SET utf8mb4 COLLATE utf8mb4_bin NOT NULL,
  `created_at` timestamp NULL DEFAULT NULL,
  `updated_at` timestamp NULL DEFAULT NULL,
  `deleted_at` timestamp NULL DEFAULT NULL,
  PRIMARY KEY (`id`)
) ENGINE=InnoDB DEFAULT CHARSET=utf8mb4 COLLATE=utf8mb4_unicode_ci;

--
-- Dumping data for table `low_balance_notifications`
--

/*!40000 ALTER TABLE `low_balance_notifications` DISABLE KEYS */;
/*!40000 ALTER TABLE `low_balance_notifications` ENABLE KEYS */;


--
-- Definition of table `malipo_ledgers`
--

DROP TABLE IF EXISTS `malipo_ledgers`;
CREATE TABLE `malipo_ledgers` (
  `id` bigint(20) unsigned NOT NULL AUTO_INCREMENT,
  `payment_id` bigint(20) unsigned DEFAULT NULL,
  `client_id` bigint(20) unsigned NOT NULL,
  `client_paybill_id` bigint(20) DEFAULT NULL,
  `notes` varchar(255) COLLATE utf8mb4_unicode_ci DEFAULT NULL,
  `reference` varchar(255) COLLATE utf8mb4_unicode_ci NOT NULL,
  `type` varchar(255) COLLATE utf8mb4_unicode_ci DEFAULT NULL,
  `status` varchar(255) COLLATE utf8mb4_unicode_ci NOT NULL DEFAULT 'Pending',
  `transaction_date` date DEFAULT NULL,
  `currency_id` bigint(20) unsigned NOT NULL,
  `debit` decimal(15,4) NOT NULL DEFAULT 0.0000,
  `credit` decimal(15,4) NOT NULL DEFAULT 0.0000,
  `balance_before` decimal(15,4) NOT NULL DEFAULT 0.0000,
  `balance_after` decimal(15,4) NOT NULL DEFAULT 0.0000,
  `created_by` bigint(20) unsigned NOT NULL,
  `created_at` timestamp NULL DEFAULT NULL,
  `updated_at` timestamp NULL DEFAULT NULL,
  PRIMARY KEY (`id`),
  KEY `ledgers_client_id_foreign` (`client_id`),
  KEY `ledgers_created_by_foreign` (`created_by`),
  KEY `ledgers_currency_id_foreign` (`currency_id`)
) ENGINE=InnoDB AUTO_INCREMENT=15 DEFAULT CHARSET=utf8mb4 COLLATE=utf8mb4_unicode_ci;

--
-- Dumping data for table `malipo_ledgers`
--

/*!40000 ALTER TABLE `malipo_ledgers` DISABLE KEYS */;
INSERT INTO `malipo_ledgers` (`id`,`payment_id`,`client_id`,`client_paybill_id`,`notes`,`reference`,`type`,`status`,`transaction_date`,`currency_id`,`debit`,`credit`,`balance_before`,`balance_after`,`created_by`,`created_at`,`updated_at`) VALUES 
 (1,NULL,2,NULL,'Mobile Disbursment Single transaction','MOB-7','Single Mobile Disbursment','Completed','2020-08-03',1,'2.0000','0.0000','9.5000','7.5000',1,'2020-08-03 16:50:40',NULL),
 (2,NULL,2,NULL,'Mobile Disbursment Single transaction','MOB-8','Single Mobile Disbursment','Completed','2020-08-03',1,'1.0000','0.0000','7.5000','6.5000',1,'2020-08-03 16:50:43',NULL),
 (3,NULL,1,NULL,'Mobile Disbursment Single transaction','MOB-9','Single Mobile Disbursment','Completed','2020-08-04',1,'10.0000','0.0000','199227.9210','199217.9210',1,'2020-08-04 17:03:35',NULL),
 (4,NULL,1,NULL,'Airtime Disbursment Single transaction','AIR-1','Airtime Mobile Disbursment','Completed','2020-08-06',1,'10.0000','0.0000','10000.0000','9990.0000',1,'2020-08-06 09:18:13',NULL),
 (5,NULL,2,NULL,'Airtime Disbursment Single transaction','AIR-2','Airtime Mobile Disbursment','Completed','2020-08-06',1,'5.0000','0.0000','10000.0000','9995.0000',1,'2020-08-06 10:23:50',NULL),
 (6,NULL,2,NULL,'Mobile Disbursment Single transaction','MOB-10','Single Mobile Disbursment','Completed','2020-08-07',1,'5.0000','0.0000','9995.0000','9990.0000',1,'2020-08-07 05:34:04',NULL),
 (7,NULL,2,NULL,'Airtime Disbursment Single transaction','AIR-3','Airtime Mobile Disbursment','Completed','2020-08-07',1,'5.0000','0.0000','9990.0000','9985.0000',1,'2020-08-07 09:44:20',NULL),
 (8,NULL,2,NULL,'Mobile Disbursment Single transaction','MOB-11','Single Mobile Disbursment','Completed','2020-08-15',4,'10.0000','0.0000','9985.0000','9975.0000',1,'2020-08-15 16:52:07',NULL),
 (9,NULL,2,NULL,'Mobile Disbursment Single transaction','MOB-12','Single Mobile Disbursment','Completed','2020-08-17',1,'5.0000','0.0000','9975.0000','9970.0000',1,'2020-08-17 05:11:00',NULL),
 (10,NULL,2,NULL,'Airtime Disbursment Single transaction','AIR-4','Airtime Mobile Disbursment','Completed','2020-08-17',1,'10.0000','0.0000','9970.0000','9960.0000',1,'2020-08-17 05:51:36',NULL),
 (11,NULL,2,NULL,'Mobile Disbursment Single transaction','MOB-13','Single Mobile Disbursment','Completed','2020-08-25',1,'2.0000','0.0000','9960.0000','9958.0000',1,'2020-08-25 16:23:22',NULL),
 (12,NULL,2,NULL,'Favourite Bill Payment','BILL-1','Favourite Bill Payment','Completed','2020-08-30',1,'10.0000','0.0000','9958.0000','9948.0000',1,'2020-08-30 23:50:34',NULL),
 (13,NULL,2,NULL,'Favourite Bill Payment','BILL-2','Favourite Bill Payment','Completed','2020-08-30',1,'10.0000','0.0000','9948.0000','9938.0000',1,'2020-08-30 23:57:44',NULL),
 (14,NULL,2,NULL,'Favourite Bill Payment','BILL-3','Favourite Bill Payment','Completed','2020-08-31',1,'10.0000','0.0000','9938.0000','9928.0000',1,'2020-08-31 08:40:26',NULL);
/*!40000 ALTER TABLE `malipo_ledgers` ENABLE KEYS */;


--
-- Definition of table `malipo_payments`
--

DROP TABLE IF EXISTS `malipo_payments`;
CREATE TABLE `malipo_payments` (
  `id` bigint(20) unsigned NOT NULL AUTO_INCREMENT,
  `client_id` bigint(20) unsigned DEFAULT NULL,
  `telephoneNo` varchar(50) DEFAULT NULL,
  `client_paybill_id` bigint(20) DEFAULT NULL,
  `payment_method` varchar(255) CHARACTER SET utf8mb4 COLLATE utf8mb4_unicode_ci DEFAULT NULL,
  `account_number` varchar(255) CHARACTER SET utf8mb4 COLLATE utf8mb4_unicode_ci DEFAULT NULL,
  `reference_number` varchar(255) CHARACTER SET utf8mb4 COLLATE utf8mb4_unicode_ci DEFAULT NULL,
  `pf` varchar(255) CHARACTER SET utf8mb4 COLLATE utf8mb4_unicode_ci DEFAULT NULL,
  `currency_id` bigint(20) unsigned NOT NULL,
  `topup_amount` decimal(15,4) DEFAULT NULL,
  `tax` decimal(15,4) DEFAULT NULL,
  `status` varchar(255) CHARACTER SET utf8mb4 COLLATE utf8mb4_unicode_ci NOT NULL DEFAULT 'active',
  `narration` varchar(255) CHARACTER SET utf8mb4 COLLATE utf8mb4_unicode_ci DEFAULT NULL,
  `created_by` bigint(20) unsigned DEFAULT NULL,
  `transaction_time` timestamp NULL DEFAULT NULL,
  `created_at` timestamp NULL DEFAULT NULL,
  `updated_at` timestamp NULL DEFAULT NULL,
  `deleted_at` timestamp NULL DEFAULT NULL,
  PRIMARY KEY (`id`)
) ENGINE=InnoDB DEFAULT CHARSET=latin1;

--
-- Dumping data for table `malipo_payments`
--

/*!40000 ALTER TABLE `malipo_payments` DISABLE KEYS */;
/*!40000 ALTER TABLE `malipo_payments` ENABLE KEYS */;


--
-- Definition of table `merchants`
--

DROP TABLE IF EXISTS `merchants`;
CREATE TABLE `merchants` (
  `id` bigint(20) unsigned NOT NULL AUTO_INCREMENT,
  `name` varchar(255) COLLATE utf8mb4_unicode_ci NOT NULL,
  `paybill_number` varchar(255) COLLATE utf8mb4_unicode_ci NOT NULL,
  `status` varchar(255) COLLATE utf8mb4_unicode_ci NOT NULL DEFAULT 'active',
  `meta` longtext CHARACTER SET utf8mb4 COLLATE utf8mb4_bin DEFAULT NULL CHECK (json_valid(`meta`)),
  `created_by` int(11) NOT NULL,
  `created_at` timestamp NULL DEFAULT NULL,
  `updated_at` timestamp NULL DEFAULT NULL,
  PRIMARY KEY (`id`)
) ENGINE=InnoDB AUTO_INCREMENT=3 DEFAULT CHARSET=utf8mb4 COLLATE=utf8mb4_unicode_ci;

--
-- Dumping data for table `merchants`
--

/*!40000 ALTER TABLE `merchants` DISABLE KEYS */;
INSERT INTO `merchants` (`id`,`name`,`paybill_number`,`status`,`meta`,`created_by`,`created_at`,`updated_at`) VALUES 
 (1,'Kenya Power - Prepaid','888880','active',NULL,1,'2020-08-31 00:14:51','2020-08-31 00:14:51'),
 (2,'nmnm','23434','active',NULL,1,'2020-08-31 00:15:15','2020-08-31 00:15:15');
/*!40000 ALTER TABLE `merchants` ENABLE KEYS */;


--
-- Definition of table `message_templates`
--

DROP TABLE IF EXISTS `message_templates`;
CREATE TABLE `message_templates` (
  `id` int(11) NOT NULL AUTO_INCREMENT,
  `name` varchar(255) NOT NULL,
  `template` text NOT NULL,
  `client_id` bigint(20) NOT NULL,
  `created_at` timestamp NOT NULL DEFAULT current_timestamp(),
  `updated_at` timestamp NOT NULL DEFAULT current_timestamp(),
  PRIMARY KEY (`id`)
) ENGINE=InnoDB AUTO_INCREMENT=10 DEFAULT CHARSET=latin1;

--
-- Dumping data for table `message_templates`
--

/*!40000 ALTER TABLE `message_templates` DISABLE KEYS */;
INSERT INTO `message_templates` (`id`,`name`,`template`,`client_id`,`created_at`,`updated_at`) VALUES 
 (2,'My template','This is test template',10,'2020-06-29 16:28:58','2020-06-29 16:28:58'),
 (3,'My template 2','This is another template',4,'2020-07-01 17:14:11','2020-07-01 17:14:11'),
 (4,'Test template for rentals','Dear of please pay ',4,'2020-07-07 13:06:02','2020-07-07 13:06:02'),
 (5,'Template 14.07.2020-10:48','Dear , living in work as remaining balance',4,'2020-07-14 10:48:48','2020-07-14 10:48:48'),
 (6,'Test sample','Hello there',8,'2020-07-16 10:44:36','2020-07-16 10:44:36'),
 (9,'Public Holiday Messages ','Happy Jamuhuri Day',2,'2020-11-06 09:25:53','2020-11-06 09:25:53');
/*!40000 ALTER TABLE `message_templates` ENABLE KEYS */;


--
-- Definition of table `messagetemplates`
--

DROP TABLE IF EXISTS `messagetemplates`;
CREATE TABLE `messagetemplates` (
  `id` int(11) NOT NULL AUTO_INCREMENT,
  `templateName` varchar(60) NOT NULL,
  `userID` int(11) NOT NULL DEFAULT 0,
  `messageTemplate` text DEFAULT NULL,
  `dateCreated` datetime DEFAULT NULL,
  `dateModified` timestamp NOT NULL DEFAULT current_timestamp() ON UPDATE current_timestamp(),
  PRIMARY KEY (`id`)
) ENGINE=InnoDB DEFAULT CHARSET=latin1;

--
-- Dumping data for table `messagetemplates`
--

/*!40000 ALTER TABLE `messagetemplates` DISABLE KEYS */;
/*!40000 ALTER TABLE `messagetemplates` ENABLE KEYS */;


--
-- Definition of table `migration`
--

DROP TABLE IF EXISTS `migration`;
CREATE TABLE `migration` (
  `version` varchar(180) NOT NULL,
  `apply_time` int(11) DEFAULT NULL,
  PRIMARY KEY (`version`)
) ENGINE=InnoDB DEFAULT CHARSET=latin1;

--
-- Dumping data for table `migration`
--

/*!40000 ALTER TABLE `migration` DISABLE KEYS */;
/*!40000 ALTER TABLE `migration` ENABLE KEYS */;


--
-- Definition of table `migrations`
--

DROP TABLE IF EXISTS `migrations`;
CREATE TABLE `migrations` (
  `id` int(10) unsigned NOT NULL AUTO_INCREMENT,
  `migration` varchar(255) COLLATE utf8mb4_unicode_ci NOT NULL,
  `batch` int(11) NOT NULL,
  PRIMARY KEY (`id`)
) ENGINE=InnoDB DEFAULT CHARSET=utf8mb4 COLLATE=utf8mb4_unicode_ci;

--
-- Dumping data for table `migrations`
--

/*!40000 ALTER TABLE `migrations` DISABLE KEYS */;
/*!40000 ALTER TABLE `migrations` ENABLE KEYS */;


--
-- Definition of table `mtdata`
--

DROP TABLE IF EXISTS `mtdata`;
CREATE TABLE `mtdata` (
  `dataID` int(10) unsigned NOT NULL AUTO_INCREMENT,
  `sourceAddress` varchar(255) NOT NULL,
  `originator` varchar(255) NOT NULL,
  `shortcode` varchar(255) NOT NULL,
  `totalSent` int(10) unsigned NOT NULL,
  `creditUsed` int(10) unsigned NOT NULL,
  `dateSent` datetime NOT NULL,
  `status` int(10) unsigned NOT NULL,
  `createdBy` varchar(255) NOT NULL,
  `updatedBy` varchar(255) NOT NULL,
  `dateCreated` datetime NOT NULL,
  `dateModified` datetime NOT NULL,
  `networkID` int(10) unsigned NOT NULL,
  PRIMARY KEY (`dataID`)
) ENGINE=InnoDB DEFAULT CHARSET=latin1;

--
-- Dumping data for table `mtdata`
--

/*!40000 ALTER TABLE `mtdata` DISABLE KEYS */;
/*!40000 ALTER TABLE `mtdata` ENABLE KEYS */;


--
-- Definition of table `network_prefixes`
--

DROP TABLE IF EXISTS `network_prefixes`;
CREATE TABLE `network_prefixes` (
  `id` bigint(20) unsigned NOT NULL AUTO_INCREMENT,
  `prefix` varchar(255) COLLATE utf8mb4_unicode_ci NOT NULL,
  `network_id` bigint(20) unsigned NOT NULL,
  `prefix_length` int(11) NOT NULL,
  `number_length` int(11) NOT NULL,
  `status` varchar(255) COLLATE utf8mb4_unicode_ci NOT NULL DEFAULT 'active',
  `created_at` timestamp NULL DEFAULT NULL,
  `updated_at` timestamp NULL DEFAULT NULL,
  `deleted_at` timestamp NULL DEFAULT NULL,
  PRIMARY KEY (`id`),
  KEY `network_prefixes_network_id_foreign` (`network_id`),
  CONSTRAINT `network_prefixes_network_id_foreign` FOREIGN KEY (`network_id`) REFERENCES `networks` (`id`)
) ENGINE=InnoDB AUTO_INCREMENT=36 DEFAULT CHARSET=utf8mb4 COLLATE=utf8mb4_unicode_ci;

--
-- Dumping data for table `network_prefixes`
--

/*!40000 ALTER TABLE `network_prefixes` DISABLE KEYS */;
INSERT INTO `network_prefixes` (`id`,`prefix`,`network_id`,`prefix_length`,`number_length`,`status`,`created_at`,`updated_at`,`deleted_at`) VALUES 
 (6,'254111',1,6,12,'active','2020-07-10 17:52:18','2020-07-10 18:08:20',NULL),
 (7,'254110',1,6,12,'active','2020-07-10 17:53:12','2020-07-10 18:07:15',NULL),
 (8,'254769',1,6,12,'active','2020-07-10 17:53:38','2020-07-10 18:08:02',NULL),
 (9,'254768',1,6,12,'active','2020-07-10 17:54:35',NULL,NULL),
 (10,'254757',1,6,12,'active','2020-07-10 17:54:52','2020-07-10 18:06:36',NULL),
 (11,'254759',1,6,12,'active','2020-07-10 17:55:37','2020-07-10 18:05:02',NULL),
 (12,'254758',1,6,12,'active','2020-07-10 17:55:53',NULL,NULL),
 (13,'25474',1,5,12,'active','2020-07-10 17:56:08','2020-07-11 00:07:49',NULL),
 (14,'25470',1,5,12,'active','2020-07-10 17:56:24','2020-07-11 00:07:24',NULL),
 (15,'25471',1,5,12,'active','2020-07-10 17:56:42','2020-07-10 18:06:01',NULL),
 (16,'25479',1,5,12,'active','2020-07-10 17:57:13',NULL,NULL),
 (17,'25472',1,5,12,'active','2020-07-10 17:58:19',NULL,NULL),
 (18,'254762',2,6,12,'active','2020-07-10 18:12:49',NULL,NULL),
 (19,'254756',2,6,12,'active','2020-07-10 18:16:23',NULL,NULL),
 (20,'254754',2,6,12,'active','2020-07-10 18:16:39',NULL,NULL),
 (21,'254753',2,6,12,'active','2020-07-10 18:16:58',NULL,NULL),
 (22,'254752',2,6,12,'active','2020-07-10 18:17:14','2020-07-10 18:19:26',NULL),
 (23,'254751',2,6,12,'active','2020-07-10 18:17:38',NULL,NULL),
 (24,'254750',2,6,12,'active','2020-07-10 18:18:00',NULL,NULL),
 (25,'254755',2,6,12,'active','2020-07-10 18:18:17',NULL,NULL),
 (27,'25473',2,5,12,'active','2020-07-10 18:18:58',NULL,NULL),
 (28,'25402',4,5,12,'active','2020-07-10 18:25:56',NULL,NULL),
 (29,'25420',4,5,12,'active','2020-07-10 18:26:17',NULL,NULL),
 (30,'25477',4,5,12,'active','2020-07-10 18:26:31',NULL,NULL),
 (31,'254765',3,6,12,'active','2020-07-10 18:27:15',NULL,NULL),
 (32,'254764',3,6,12,'active','2020-07-10 18:27:30',NULL,NULL),
 (33,'254763',3,6,12,'active','2020-07-10 18:27:48',NULL,NULL),
 (34,'254101',2,6,12,'active','2020-07-10 21:43:39','2020-07-10 21:45:02',NULL),
 (35,'25478',2,5,12,'','2020-07-10 21:50:06',NULL,NULL);
/*!40000 ALTER TABLE `network_prefixes` ENABLE KEYS */;


--
-- Definition of table `networks`
--

DROP TABLE IF EXISTS `networks`;
CREATE TABLE `networks` (
  `id` bigint(20) unsigned NOT NULL AUTO_INCREMENT,
  `name` varchar(255) COLLATE utf8mb4_unicode_ci NOT NULL,
  `mcc` varchar(255) COLLATE utf8mb4_unicode_ci NOT NULL,
  `mnc` varchar(255) COLLATE utf8mb4_unicode_ci NOT NULL,
  `country_id` bigint(20) unsigned NOT NULL,
  `optout_text` varchar(255) COLLATE utf8mb4_unicode_ci DEFAULT NULL,
  `status` varchar(255) COLLATE utf8mb4_unicode_ci NOT NULL DEFAULT 'active',
  `created_at` timestamp NULL DEFAULT NULL,
  `updated_at` timestamp NULL DEFAULT NULL,
  `deleted_at` timestamp NULL DEFAULT NULL,
  PRIMARY KEY (`id`),
  KEY `networks_country_id_foreign` (`country_id`),
  CONSTRAINT `networks_country_id_foreign` FOREIGN KEY (`country_id`) REFERENCES `countries` (`id`)
) ENGINE=InnoDB AUTO_INCREMENT=6 DEFAULT CHARSET=utf8mb4 COLLATE=utf8mb4_unicode_ci;

--
-- Dumping data for table `networks`
--

/*!40000 ALTER TABLE `networks` DISABLE KEYS */;
INSERT INTO `networks` (`id`,`name`,`mcc`,`mnc`,`country_id`,`optout_text`,`status`,`created_at`,`updated_at`,`deleted_at`) VALUES 
 (1,'SAFARICOM','639','02',1,' Stop*456*9*5#','active','2020-06-24 11:57:54','2020-07-10 18:23:45',NULL),
 (2,'AIRTEL','639','03',1,NULL,'active','2020-06-24 11:58:11','2020-07-10 18:24:43',NULL),
 (3,'EQUITEL','639','03',1,NULL,'active','2020-06-24 11:58:29','2020-07-10 19:13:52',NULL),
 (4,'TELKOM','639','07',1,NULL,'active','2020-07-10 18:21:21','2020-07-10 18:21:48',NULL);
/*!40000 ALTER TABLE `networks` ENABLE KEYS */;


--
-- Definition of table `nic_survey_settings`
--

DROP TABLE IF EXISTS `nic_survey_settings`;
CREATE TABLE `nic_survey_settings` (
  `id` int(11) NOT NULL AUTO_INCREMENT,
  `transactionType` varchar(100) DEFAULT NULL,
  `branchCode` varchar(50) DEFAULT NULL,
  `surveyID` int(11) DEFAULT NULL,
  `frequency_in_days` int(11) DEFAULT NULL,
  `dateCreated` datetime DEFAULT NULL,
  `dateModified` timestamp NOT NULL DEFAULT current_timestamp() ON UPDATE current_timestamp(),
  PRIMARY KEY (`id`),
  UNIQUE KEY `transactionType` (`transactionType`,`branchCode`),
  UNIQUE KEY `transactionType_2` (`transactionType`,`branchCode`,`surveyID`)
) ENGINE=InnoDB AUTO_INCREMENT=5 DEFAULT CHARSET=latin1;

--
-- Dumping data for table `nic_survey_settings`
--

/*!40000 ALTER TABLE `nic_survey_settings` DISABLE KEYS */;
INSERT INTO `nic_survey_settings` (`id`,`transactionType`,`branchCode`,`surveyID`,`frequency_in_days`,`dateCreated`,`dateModified`) VALUES 
 (1,'FT','ALL',116,1,'2019-03-20 17:36:43','2019-03-22 16:45:50'),
 (2,'Cash Deposit','ALL',116,1,'2019-03-21 09:41:40','2019-03-22 16:45:50'),
 (3,'Cash Withdrawal','ALL',116,1,'2019-03-22 16:46:41','2019-03-22 16:46:41'),
 (4,'Cash Withdrawal LCY','ALL',116,1,'2019-03-22 17:36:16','2019-03-22 17:36:16');
/*!40000 ALTER TABLE `nic_survey_settings` ENABLE KEYS */;


--
-- Definition of table `outbound`
--

DROP TABLE IF EXISTS `outbound`;
CREATE TABLE `outbound` (
  `id` bigint(20) unsigned NOT NULL AUTO_INCREMENT,
  `sender` varchar(255) CHARACTER SET utf8mb4 COLLATE utf8mb4_unicode_ci NOT NULL,
  `recipient` varchar(255) CHARACTER SET utf8mb4 COLLATE utf8mb4_unicode_ci NOT NULL,
  `client_id` bigint(20) unsigned NOT NULL,
  `user_id` bigint(20) unsigned NOT NULL,
  `buying_price` decimal(15,4) DEFAULT NULL,
  `selling_price` decimal(15,4) DEFAULT NULL,
  `currency_code` varchar(255) CHARACTER SET utf8mb4 COLLATE utf8mb4_unicode_ci DEFAULT NULL,
  `route_used` varchar(255) CHARACTER SET utf8mb4 COLLATE utf8mb4_unicode_ci NOT NULL,
  `network` varchar(255) CHARACTER SET utf8mb4 COLLATE utf8mb4_unicode_ci DEFAULT NULL,
  `message` text CHARACTER SET utf8mb4 COLLATE utf8mb4_unicode_ci NOT NULL,
  `scheduled_id` int(200) DEFAULT NULL,
  `dlr_url` varchar(255) CHARACTER SET utf8mb4 COLLATE utf8mb4_unicode_ci DEFAULT NULL,
  `country` varchar(255) DEFAULT NULL,
  `priority` int(11) DEFAULT NULL,
  `route_quality` varchar(255) CHARACTER SET utf8mb4 COLLATE utf8mb4_unicode_ci DEFAULT NULL,
  `type` varchar(255) CHARACTER SET utf8mb4 COLLATE utf8mb4_unicode_ci NOT NULL DEFAULT 'sms',
  `status` varchar(50) CHARACTER SET utf8mb4 COLLATE utf8mb4_unicode_ci DEFAULT NULL,
  `first_send` timestamp NULL DEFAULT NULL,
  `next_send` timestamp NULL DEFAULT NULL,
  `last_send` timestamp NULL DEFAULT NULL,
  `expiry_date` datetime DEFAULT NULL,
  `deliver_time` datetime DEFAULT NULL,
  `resend` int(11) NOT NULL DEFAULT 1,
  `max_sends` int(11) NOT NULL DEFAULT 3,
  `correlator` varchar(60) DEFAULT NULL,
  `sdp_service_id` int(11) DEFAULT NULL,
  `resend_frequency` int(11) NOT NULL DEFAULT 1,
  `number_of_sends` int(11) NOT NULL DEFAULT 0,
  `description` varchar(220) CHARACTER SET utf8mb4 COLLATE utf8mb4_unicode_ci DEFAULT NULL,
  `message_id` varchar(255) CHARACTER SET utf8mb4 COLLATE utf8mb4_unicode_ci DEFAULT NULL,
  `schedule_id` bigint(20) DEFAULT NULL,
  `created_at` timestamp NULL DEFAULT NULL,
  `sent_at` timestamp NOT NULL DEFAULT '0000-00-00 00:00:00',
  `updated_at` timestamp NULL DEFAULT NULL,
  `delivered_at` timestamp NOT NULL DEFAULT '0000-00-00 00:00:00',
  `message_type` varchar(255) CHARACTER SET utf8mb4 COLLATE utf8mb4_unicode_ci DEFAULT NULL,
  `message_hash` varchar(200) DEFAULT NULL,
  `statusDescription` longtext CHARACTER SET utf8mb4 COLLATE utf8mb4_bin DEFAULT NULL CHECK (json_valid(`statusDescription`)),
  `encrypted` tinyint(3) NOT NULL DEFAULT 0,
  PRIMARY KEY (`id`),
  UNIQUE KEY `message_hash` (`message_hash`),
  KEY `outbound_client_id_foreign` (`client_id`),
  KEY `outbound_user_id_foreign` (`user_id`),
  KEY `message_id` (`message_id`),
  CONSTRAINT `outbound_client_id_foreign` FOREIGN KEY (`client_id`) REFERENCES `clients` (`id`),
  CONSTRAINT `outbound_user_id_foreign` FOREIGN KEY (`user_id`) REFERENCES `users` (`id`)
) ENGINE=InnoDB DEFAULT CHARSET=latin1;

--
-- Dumping data for table `outbound`
--

/*!40000 ALTER TABLE `outbound` DISABLE KEYS */;
/*!40000 ALTER TABLE `outbound` ENABLE KEYS */;


--
-- Definition of trigger `before_outbound_insert`
--

DROP TRIGGER /*!50030 IF EXISTS */ `before_outbound_insert`;

DELIMITER $$

CREATE DEFINER = `root`@`localhost` TRIGGER `before_outbound_insert` BEFORE INSERT ON `outbound` FOR EACH ROW begin

DECLARE v_route_name varChar(255) DEFAULT "";
DECLARE v_buying_price decimal(15,4)  DEFAULT 0;
DECLARE v_selling_price decimal(15,4)  DEFAULT 0;
DECLARE v_currency_code varchar(255)  DEFAULT "";
DECLARE v_currency_id bigint(20)  DEFAULT 0;
DECLARE v_route_info text default "";
DECLARE v_sender_id varchar(255) DEFAULT "";
DECLARE v_network_name varchar(255) DEFAULT "";
DECLARE v_country_name varChar(255) DEFAULT "";
DECLARE v_network_id bigint(20) unsigned DEFAULT 0;
DECLARE v_billing_resp longtext;
DECLARE v_billing_status longtext;
DECLARE v_billing_desc longtext;
DECLARE smsCost decimal(15,4) ;
DECLARE last_insert_id bigint(20) DEFAULT 0;
DECLARE v_dlr_url text;
DECLARE v_temp_no bigint(20);



SET v_temp_no=validateMobileNo(NEW.client_id,NEW.recipient);

IF v_temp_no=0 THEN

SET NEW.status='invalidNumber';
SET NEW.created_at=NOW();
SET NEW.description =JSON_OBJECT("Billing",'NOK',"Billing Status",'invalidNumber not billed','BillingResponse',0,'smsCost',0,'currency_code',0,'network_id',0);
ELSE

SET NEW.recipient=v_temp_no;




SELECT getRoute(NEW.client_id,NEW.recipient,NEW.sender) INTO v_route_info;

select JSON_UNQUOTE(JSON_EXTRACT(v_route_info,'$.sender_id')) INTO v_sender_id;
select JSON_UNQUOTE(JSON_EXTRACT(v_route_info,'$.route_name'))  INTO v_route_name ;
select JSON_UNQUOTE(JSON_EXTRACT(v_route_info,'$.buying_price')) INTO v_buying_price ;
select JSON_UNQUOTE(JSON_EXTRACT(v_route_info,'$.selling_price'))  INTO v_selling_price ;
select JSON_UNQUOTE(JSON_EXTRACT(v_route_info,'$.currency_code')) INTO v_currency_code ;
select JSON_UNQUOTE(JSON_EXTRACT(v_route_info,'$.currency_id')) INTO v_currency_id ;
select JSON_UNQUOTE(JSON_EXTRACT(v_route_info,'$.network_id')) INTO v_network_id ;
select JSON_UNQUOTE(JSON_EXTRACT(v_route_info,'$.network_name')) INTO v_network_name ;
select JSON_UNQUOTE(JSON_EXTRACT(v_route_info,'$.country_name')) INTO v_country_name ;

SET NEW.buying_price= v_buying_price;
SET NEW.selling_price=v_selling_price;

SET NEW.route_used=v_route_name;



SET smsCost=ceil(LENGTH(NEW.message)/160)*v_selling_price;


IF NEW.message_id is null or length(TRIM(NEW.message_id))=0 THEN
SET NEW.message_id=sha1(UUID_SHORT());
END IF;


 SET NEW.message_id=CONCAT("M",round(rand()*1000),"_",NEW.message_id);

SET v_dlr_url=CONCAT("http://172.16.1.15/servicePortalProd/backend/web/index.php?r=dlr%2Findex&message_id=",urlencode(NEW.message_id),"&status=%d&text=%b");



IF new.type in ('scheduled-sms','quick-sms') THEN

SET v_billing_resp = billClient(NEW.client_id,NEW.user_id,smsCost,v_currency_id,CONCAT("SMS to ",NEW.recipient));
select JSON_UNQUOTE(JSON_EXTRACT(v_billing_resp,'$.status')) INTO v_billing_status;
select JSON_UNQUOTE(JSON_EXTRACT(v_billing_resp,'$.description'))  INTO v_billing_desc ;

ELSE  

SET v_billing_status = "not_billed_at_ob_trigger_level";
SET v_billing_desc =  "not_billed_at_ob_trigger_level";
END IF;

if v_billing_status in ('successful','not_billed_at_ob_trigger_level') THEN 

insert into mtech.api_sqlbox_send_sms(momt,sender,receiver,msgdata,smsc_id,meta_data,time,account,priority,dlr_url,dlr_mask,sms_type,coding,boxc_id,service) values('mt',v_sender_id,NEW.recipient,urlencode(NEW.message),v_route_name,urlencode(JSON_OBJECT('rn',v_route_name,'bp',v_buying_price,'sp',v_selling_price,'mid',NEW.message_id)),UNIX_TIMESTAMP(),NEW.client_id,0,v_dlr_url,31,2,0,'sqlbox_api_remote_qa',v_network_id);

SELECT LAST_INSERT_ID() into last_insert_id;


IF last_insert_id > 0 THEN 
SET NEW.description =JSON_OBJECT("Billing",'OK',"Billing Status",v_billing_desc,"smsCost",smsCost,"Message Sent","OK","SQL_ID",last_insert_id,'network_id',v_network_id);
SET NEW.status="Accepted";
SET NEW.statusDescription=JSON_OBJECT("acceptedAt",NOW());

ELSE
SET NEW.description =JSON_OBJECT("Billing",'OK',"Billing Status",v_billing_desc,"smsCost",smsCost,"Message Sent","NOK","SQL_ID",last_insert_id,'network_id',v_network_id);

END IF;

ELSE 
SET NEW.status='billingFailed';
SET NEW.created_at=NOW();
SET NEW.statusDescription=JSON_OBJECT("billingFailedAt",NOW());
SET NEW.description =JSON_OBJECT("Billing",'NOK',"Billing Status",v_billing_status,'BillingResponse',v_billing_desc,'smsCost',smsCost,'currency_code',v_currency_code,'network_id',v_network_id);

END IF;

 END IF; 
END $$

DELIMITER ;

--
-- Definition of table `outbound_mails`
--

DROP TABLE IF EXISTS `outbound_mails`;
CREATE TABLE `outbound_mails` (
  `id` bigint(20) unsigned NOT NULL AUTO_INCREMENT,
  `sender` varchar(255) CHARACTER SET utf8mb4 COLLATE utf8mb4_unicode_ci NOT NULL,
  `subject` varchar(255) CHARACTER SET utf8mb4 COLLATE utf8mb4_unicode_ci NOT NULL,
  `recipient` varchar(255) CHARACTER SET utf8mb4 COLLATE utf8mb4_unicode_ci NOT NULL,
  `client_id` bigint(20) unsigned NOT NULL,
  `mail_route` varchar(255) DEFAULT NULL,
  `user_id` bigint(20) unsigned NOT NULL,
  `buying_price` decimal(15,4) DEFAULT NULL,
  `selling_price` decimal(15,4) DEFAULT NULL,
  `currency_code` varchar(255) CHARACTER SET utf8mb4 COLLATE utf8mb4_unicode_ci DEFAULT NULL,
  `message` text CHARACTER SET utf8mb4 COLLATE utf8mb4_unicode_ci NOT NULL,
  `scheduled_id` int(200) DEFAULT NULL,
  `priority` int(11) DEFAULT NULL,
  `status` varchar(50) CHARACTER SET utf8mb4 COLLATE utf8mb4_unicode_ci DEFAULT NULL,
  `description` varchar(220) CHARACTER SET utf8mb4 COLLATE utf8mb4_unicode_ci DEFAULT NULL,
  `message_id` varchar(255) CHARACTER SET utf8mb4 COLLATE utf8mb4_unicode_ci DEFAULT NULL,
  `created_at` timestamp NULL DEFAULT NULL,
  `sent_at` timestamp NULL DEFAULT NULL,
  `updated_at` timestamp NULL DEFAULT NULL,
  `delivered_at` timestamp NULL DEFAULT NULL,
  `statusDescription` longtext CHARACTER SET utf8mb4 COLLATE utf8mb4_bin DEFAULT NULL,
  PRIMARY KEY (`id`)
) ENGINE=InnoDB AUTO_INCREMENT=54 DEFAULT CHARSET=latin1;

--
-- Dumping data for table `outbound_mails`
--

/*!40000 ALTER TABLE `outbound_mails` DISABLE KEYS */;
INSERT INTO `outbound_mails` (`id`,`sender`,`subject`,`recipient`,`client_id`,`mail_route`,`user_id`,`buying_price`,`selling_price`,`currency_code`,`message`,`scheduled_id`,`priority`,`status`,`description`,`message_id`,`created_at`,`sent_at`,`updated_at`,`delivered_at`,`statusDescription`) VALUES 
 (27,'info@mtechcomm.co.ke','Scheduled Message FOUR','neokasp@yahoo.com',2,'mailer',4,NULL,NULL,'KES','<p>Hello,</p>\r\n\r\n<p>This is the schedule message four.</p>\r\n\r\n<p>Regards</p>\r\n',4,NULL,'sent',NULL,NULL,NULL,'2020-11-11 16:27:04',NULL,'2020-11-11 16:27:04',NULL),
 (28,'info@mtechcomm.co.ke','Scheduled Message FOUR','godfreykori@gmail.com',2,'mailer',4,NULL,NULL,'KES','<p>Hello,</p>\r\n\r\n<p>This is the schedule message four.</p>\r\n\r\n<p>Regards</p>\r\n',4,NULL,'sent',NULL,NULL,NULL,'2020-11-11 16:27:05',NULL,'2020-11-11 16:27:05',NULL),
 (29,'info@mtechcomm.co.ke','Scheduled Message FOUR','gmakori@mtechcomm.co.ke',2,'mailer',4,NULL,NULL,'KES','<p>Hello,</p>\r\n\r\n<p>This is the schedule message four.</p>\r\n\r\n<p>Regards</p>\r\n',4,NULL,'sent',NULL,NULL,NULL,'2020-11-11 16:27:06',NULL,'2020-11-11 16:27:06',NULL),
 (30,'info@mtechcomm.co.ke','Scheduled Message FOUR','test@example.com',2,'mailer',4,NULL,NULL,'KES','<p>Hello,</p>\r\n\r\n<p>This is the schedule message four.</p>\r\n\r\n<p>Regards</p>\r\n',4,NULL,'sent',NULL,NULL,NULL,'2020-11-11 16:27:08',NULL,'2020-11-11 16:27:08',NULL),
 (31,'info@mtechcomm.co.ke','Scheduled Message FOUR','hello@example.com',2,'mailer',4,NULL,NULL,'KES','<p>Hello,</p>\r\n\r\n<p>This is the schedule message four.</p>\r\n\r\n<p>Regards</p>\r\n',4,NULL,'sent',NULL,NULL,NULL,'2020-11-11 16:27:09',NULL,'2020-11-11 16:27:09',NULL),
 (32,'info@mtechcomm.co.ke','Test','gmakori@mtechcomm.co.ke',2,'mailer',8,'0.0000','0.0000','KES','<p>account</p>\r\n',NULL,1,'sent','',NULL,'2020-11-11 16:44:02','2020-11-11 16:45:03',NULL,'2020-11-11 16:45:03',NULL),
 (33,'info@mtechcomm.co.ke','Test','lmwangi@mtechcomm.co.ke',1,'mailer',5,'0.0000','0.0000','KES','<p>Luke Testing</p>\r\n\r\n<p>&nbsp;</p>\r\n\r\n<p>Thanks</p>\r\n',NULL,1,'sent','',NULL,'2020-11-12 07:13:55','2020-11-12 07:14:03',NULL,'2020-11-12 07:14:03',NULL),
 (34,'info@mtechcomm.co.ke','Test Email','lmwangi@mtechcomm.co.ke',1,'default',5,NULL,NULL,'KES','<p>Hello,</p>\r\n\r\n<p>This is a test emial. Please ignore</p>\r\n\r\n<p>&nbsp;</p>\r\n\r\n<p>&nbsp;</p>\r\n',5,NULL,'sent',NULL,NULL,NULL,'2020-11-12 07:26:02',NULL,'2020-11-12 07:26:02',NULL),
 (35,'info@mtechcomm.co.ke','Test Email','hbundi@mtechcomm.co.ke',1,'default',5,NULL,NULL,'KES','<p>Hello,</p>\r\n\r\n<p>This is a test emial. Please ignore</p>\r\n\r\n<p>&nbsp;</p>\r\n\r\n<p>&nbsp;</p>\r\n',5,NULL,'sent',NULL,NULL,NULL,'2020-11-12 07:26:02',NULL,'2020-11-12 07:26:02',NULL),
 (36,'info@mtechcomm.co.ke','Test Email','cmutuku@mtechcomm.co.ke',1,'default',5,NULL,NULL,'KES','<p>Hello,</p>\r\n\r\n<p>This is a test emial. Please ignore</p>\r\n\r\n<p>&nbsp;</p>\r\n\r\n<p>&nbsp;</p>\r\n',5,NULL,'sent',NULL,NULL,NULL,'2020-11-12 07:26:02',NULL,'2020-11-12 07:26:02',NULL),
 (37,'info@mtechcomm.co.ke','Test Email  12-11-2020 0734','lmwangi@mtechcomm.co.ke',1,'default',5,NULL,NULL,'KES','<p>Hello,</p>\r\n\r\n<p>&nbsp;</p>\r\n\r\n<p>This is a test email. Please ignore</p>\r\n\r\n<p>&nbsp;</p>\r\n\r\n<p>&nbsp;</p>\r\n',6,NULL,'sent',NULL,NULL,NULL,'2020-11-12 07:37:01',NULL,'2020-11-12 07:37:01',NULL),
 (38,'info@mtechcomm.co.ke','Test Email  12-11-2020 0734','hbundi@mtechcomm.co.ke',1,'default',5,NULL,NULL,'KES','<p>Hello,</p>\r\n\r\n<p>&nbsp;</p>\r\n\r\n<p>This is a test email. Please ignore</p>\r\n\r\n<p>&nbsp;</p>\r\n\r\n<p>&nbsp;</p>\r\n',6,NULL,'sent',NULL,NULL,NULL,'2020-11-12 07:37:01',NULL,'2020-11-12 07:37:01',NULL),
 (39,'info@mtechcomm.co.ke','Test Email  12-11-2020 0734','cmutuku@mtechcomm.co.ke',1,'default',5,NULL,NULL,'KES','<p>Hello,</p>\r\n\r\n<p>&nbsp;</p>\r\n\r\n<p>This is a test email. Please ignore</p>\r\n\r\n<p>&nbsp;</p>\r\n\r\n<p>&nbsp;</p>\r\n',6,NULL,'sent',NULL,NULL,NULL,'2020-11-12 07:37:01',NULL,'2020-11-12 07:37:01',NULL),
 (40,'info@mtechcomm.co.ke','Test Email  12-11-2020 0734','imutahi@mtechcomm.co.ke',1,'default',5,NULL,NULL,'KES','<p>Hello,</p>\r\n\r\n<p>&nbsp;</p>\r\n\r\n<p>This is a test email. Please ignore</p>\r\n\r\n<p>&nbsp;</p>\r\n\r\n<p>&nbsp;</p>\r\n',6,NULL,'sent',NULL,NULL,NULL,'2020-11-12 07:37:01',NULL,'2020-11-12 07:37:01',NULL),
 (41,'info@mtechcomm.co.ke','Test ScheduledTwo','kiethmuta2008@gmail.com',2,'mailer',4,NULL,NULL,'KES','<p>Hello,&nbsp;</p>\r\n\r\n<p>This is a scheduled email.&nbsp;</p>\r\n\r\n<p>Regards.</p>\r\n',7,NULL,'sent',NULL,NULL,NULL,'2020-11-12 07:48:03',NULL,'2020-11-12 07:48:03',NULL),
 (42,'info@mtechcomm.co.ke','Test ScheduledTwo','isaacwambugu7@gmail.com',2,'mailer',4,NULL,NULL,'KES','<p>Hello,&nbsp;</p>\r\n\r\n<p>This is a scheduled email.&nbsp;</p>\r\n\r\n<p>Regards.</p>\r\n',7,NULL,'sent',NULL,NULL,NULL,'2020-11-12 07:48:04',NULL,'2020-11-12 07:48:04',NULL),
 (43,'info@mtechcomm.co.ke','Test ScheduledTwo','imutahi@mtechcomm.co.ke',2,'mailer',4,NULL,NULL,'KES','<p>Hello,&nbsp;</p>\r\n\r\n<p>This is a scheduled email.&nbsp;</p>\r\n\r\n<p>Regards.</p>\r\n',7,NULL,'sent',NULL,NULL,NULL,'2020-11-12 07:48:05',NULL,'2020-11-12 07:48:05',NULL),
 (44,'info@mtechcomm.co.ke','Test Email','gertrude',2,'mailer',4,'0.0000','0.0000','KES','<p>Hello Gertrude,&nbsp;</p>\r\n\r\n<p>This is a test email.&nbsp;</p>\r\n\r\n<p>Regards</p>\r\n',NULL,1,'sent','',NULL,'2020-11-12 09:04:00','2020-11-12 09:04:01',NULL,'2020-11-12 09:04:01',NULL),
 (45,'info@mtechcomm.co.ke','Test Email','bandari@ncbagroup.com',2,'mailer',4,'0.0000','0.0000','KES','<p>Hello Gertrude,&nbsp;</p>\r\n\r\n<p>This is a test email.&nbsp;</p>\r\n\r\n<p>Regards</p>\r\n',NULL,1,'sent','',NULL,'2020-11-12 09:04:00','2020-11-12 09:04:04',NULL,'2020-11-12 09:04:04',NULL),
 (46,'info@mtechcomm.co.ke','Test Email','gertrude.bandari@ncbagroup.com',2,'mailer',4,'0.0000','0.0000','KES','<p>Hello Gertrude,&nbsp;</p>\r\n\r\n<p>This is a test email.&nbsp;</p>\r\n\r\n<p>Regards</p>\r\n',NULL,1,'sent','',NULL,'2020-11-12 09:05:27','2020-11-12 09:06:03',NULL,'2020-11-12 09:06:03',NULL),
 (47,'info@mtechcomm.co.ke','Test','gmakori@mtechcomm.co.ke',2,'mailer',8,'0.0000','0.0000','KES','<p><strong>Test Message</strong></p>\r\n\r\n<p>&nbsp;</p>\r\n\r\n<table border=\"1\" cellpadding=\"1\" cellspacing=\"1\" style=\"width:500px\">\r\n	<tbody>\r\n		<tr>\r\n			<td><strong>Sample</strong></td>\r\n			<td><strong>Table</strong></td>\r\n		</tr>\r\n		<tr>\r\n			<td>&nbsp;</td>\r\n			<td>&nbsp;</td>\r\n		</tr>\r\n		<tr>\r\n			<td>&nbsp;</td>\r\n			<td>&nbsp;</td>\r\n		</tr>\r\n	</tbody>\r\n</table>\r\n\r\n<p>&nbsp;</p>\r\n',NULL,1,'sent','',NULL,'2020-11-12 09:05:38','2020-11-12 09:06:04',NULL,'2020-11-12 09:06:04',NULL),
 (48,'info@mtechcomm.co.ke','test','neokasp@yahoo.com',2,'mailer',8,NULL,NULL,'KES','<p><strong>Hello&nbsp;</strong></p>\r\n\r\n<p>&nbsp;</p>\r\n',8,NULL,'sent',NULL,NULL,NULL,'2020-11-12 09:08:03',NULL,'2020-11-12 09:08:03',NULL),
 (49,'info@mtechcomm.co.ke','test','godfreykori@gmail.com',2,'mailer',8,NULL,NULL,'KES','<p><strong>Hello&nbsp;</strong></p>\r\n\r\n<p>&nbsp;</p>\r\n',8,NULL,'sent',NULL,NULL,NULL,'2020-11-12 09:08:04',NULL,'2020-11-12 09:08:04',NULL),
 (50,'info@mtechcomm.co.ke','test','gmakori@mtechcomm.co.ke',2,'mailer',8,NULL,NULL,'KES','<p><strong>Hello&nbsp;</strong></p>\r\n\r\n<p>&nbsp;</p>\r\n',8,NULL,'sent',NULL,NULL,NULL,'2020-11-12 09:08:05',NULL,'2020-11-12 09:08:05',NULL),
 (51,'info@mtechcomm.co.ke','test','test@example.com',2,'mailer',8,NULL,NULL,'KES','<p><strong>Hello&nbsp;</strong></p>\r\n\r\n<p>&nbsp;</p>\r\n',8,NULL,'sent',NULL,NULL,NULL,'2020-11-12 09:08:06',NULL,'2020-11-12 09:08:06',NULL),
 (52,'info@mtechcomm.co.ke','test','hello@example.com',2,'mailer',8,NULL,NULL,'KES','<p><strong>Hello&nbsp;</strong></p>\r\n\r\n<p>&nbsp;</p>\r\n',8,NULL,'sent',NULL,NULL,NULL,'2020-11-12 09:08:08',NULL,'2020-11-12 09:08:08',NULL),
 (53,'info@mtechcomm.co.ke','TEST EMAIL','Getrude.Bandari@ncbagroup.com',2,'mailer',4,'0.0000','0.0000','KES','<p>Hello Gertrude,&nbsp;</p>\r\n\r\n<p>This is a test email</p>\r\n\r\n<p>Regards</p>\r\n',NULL,1,'sent','',NULL,'2020-11-12 09:14:15','2020-11-12 09:15:03',NULL,'2020-11-12 09:15:03',NULL);
/*!40000 ALTER TABLE `outbound_mails` ENABLE KEYS */;


--
-- Definition of table `outgoing_airtime`
--

DROP TABLE IF EXISTS `outgoing_airtime`;
CREATE TABLE `outgoing_airtime` (
  `id` bigint(20) unsigned NOT NULL AUTO_INCREMENT,
  `network` varchar(50) COLLATE utf8mb4_unicode_ci DEFAULT NULL,
  `reference` varchar(255) COLLATE utf8mb4_unicode_ci NOT NULL,
  `tr_id` varchar(255) COLLATE utf8mb4_unicode_ci DEFAULT NULL COMMENT 'from third-party service',
  `amount` decimal(15,4) NOT NULL,
  `client_id` int(11) NOT NULL,
  `status` varchar(255) COLLATE utf8mb4_unicode_ci NOT NULL DEFAULT 'pending',
  `recipient` varchar(255) COLLATE utf8mb4_unicode_ci NOT NULL,
  `completed_at` timestamp NULL DEFAULT NULL,
  `meta` longtext CHARACTER SET utf8mb4 COLLATE utf8mb4_bin DEFAULT NULL COMMENT 'holds extra transaction details' CHECK (json_valid(`meta`)),
  `created_at` timestamp NULL DEFAULT NULL,
  `updated_at` timestamp NULL DEFAULT NULL,
  `network_id` bigint(20) DEFAULT NULL,
  PRIMARY KEY (`id`)
) ENGINE=InnoDB AUTO_INCREMENT=5 DEFAULT CHARSET=utf8mb4 COLLATE=utf8mb4_unicode_ci;

--
-- Dumping data for table `outgoing_airtime`
--

/*!40000 ALTER TABLE `outgoing_airtime` DISABLE KEYS */;
INSERT INTO `outgoing_airtime` (`id`,`network`,`reference`,`tr_id`,`amount`,`client_id`,`status`,`recipient`,`completed_at`,`meta`,`created_at`,`updated_at`,`network_id`) VALUES 
 (1,'Safaricom','-',NULL,'10.0000',1,'pending','254725391340',NULL,NULL,'2020-08-06 06:18:13',NULL,NULL),
 (2,'Safaricom','-',NULL,'5.0000',2,'pending','254712723648',NULL,NULL,'2020-08-06 07:23:50',NULL,NULL),
 (3,'Safaricom','-',NULL,'5.0000',2,'pending','254712723648',NULL,NULL,'2020-08-07 06:44:20',NULL,NULL),
 (4,'Safaricom','-',NULL,'10.0000',2,'pending','254712723648',NULL,NULL,'2020-08-17 02:51:36',NULL,NULL);
/*!40000 ALTER TABLE `outgoing_airtime` ENABLE KEYS */;


--
-- Definition of table `outgoing_bill_payments`
--

DROP TABLE IF EXISTS `outgoing_bill_payments`;
CREATE TABLE `outgoing_bill_payments` (
  `id` int(50) NOT NULL AUTO_INCREMENT,
  `Status` varchar(255) CHARACTER SET utf8mb4 COLLATE utf8mb4_unicode_ci NOT NULL DEFAULT 'Pending',
  `client_id` int(11) NOT NULL,
  `MSISDN` varchar(100) DEFAULT NULL,
  `SourceCorporateNo` varchar(50) DEFAULT NULL,
  `CorporateNo` int(10) DEFAULT NULL,
  `created_at` timestamp NULL DEFAULT NULL,
  `SESSION_ID` varchar(50) DEFAULT NULL,
  `BATCHID` varchar(50) DEFAULT NULL,
  `Transaction_type` varchar(50) DEFAULT NULL,
  `Amount` decimal(18,2) DEFAULT NULL,
  `PRIMARYPARTY` varchar(50) DEFAULT NULL,
  `RECEIVERPARTY` varchar(50) DEFAULT NULL,
  `COMMAND_ID` varchar(100) DEFAULT NULL,
  `ACCOUNT_REFERENCE` varchar(100) DEFAULT NULL,
  `ACCOUNT_NAME` varchar(100) DEFAULT NULL,
  `Network` varchar(20) DEFAULT NULL,
  `Source` varchar(100) DEFAULT NULL,
  `Broker_RespCode` varchar(100) DEFAULT NULL,
  `Broker_RespDesc` varchar(100) DEFAULT NULL,
  `Broker_ConvID` varchar(50) DEFAULT NULL,
  `Broker_OrigConvID` varchar(50) DEFAULT NULL,
  `Broker_ServiceStatus` varchar(50) DEFAULT NULL,
  `MPESA_ResultType` varchar(50) DEFAULT NULL,
  `MPESA_ResultCode` varchar(50) DEFAULT NULL,
  `MPESA_ResultDesc` varchar(50) DEFAULT NULL,
  `MPESA_ReceiptNo` varchar(50) DEFAULT NULL,
  `MPESA_ConvID` varchar(200) DEFAULT NULL,
  `MPESA_DateTime` datetime DEFAULT NULL,
  `MPESA_FloatAmount` decimal(18,2) DEFAULT NULL,
  `DebitPartyCharges` decimal(10,2) DEFAULT NULL,
  `ReceiverPartyPublicName` varchar(200) DEFAULT NULL,
  `DebitAccountCurrentBalance` decimal(18,2) DEFAULT NULL,
  `InitiatorAccountCurrentBalance` decimal(18,2) DEFAULT NULL,
  `AccountBalance` decimal(10,2) DEFAULT NULL,
  `Charges` int(10) DEFAULT NULL,
  `RequestRemarks` varchar(1000) DEFAULT NULL,
  `updated_at` timestamp NULL DEFAULT NULL,
  `meta` longtext CHARACTER SET utf8mb4 COLLATE utf8mb4_bin DEFAULT NULL COMMENT 'holds extra transaction details',
  PRIMARY KEY (`id`)
) ENGINE=InnoDB AUTO_INCREMENT=4 DEFAULT CHARSET=latin1;

--
-- Dumping data for table `outgoing_bill_payments`
--

/*!40000 ALTER TABLE `outgoing_bill_payments` DISABLE KEYS */;
INSERT INTO `outgoing_bill_payments` (`id`,`Status`,`client_id`,`MSISDN`,`SourceCorporateNo`,`CorporateNo`,`created_at`,`SESSION_ID`,`BATCHID`,`Transaction_type`,`Amount`,`PRIMARYPARTY`,`RECEIVERPARTY`,`COMMAND_ID`,`ACCOUNT_REFERENCE`,`ACCOUNT_NAME`,`Network`,`Source`,`Broker_RespCode`,`Broker_RespDesc`,`Broker_ConvID`,`Broker_OrigConvID`,`Broker_ServiceStatus`,`MPESA_ResultType`,`MPESA_ResultCode`,`MPESA_ResultDesc`,`MPESA_ReceiptNo`,`MPESA_ConvID`,`MPESA_DateTime`,`MPESA_FloatAmount`,`DebitPartyCharges`,`ReceiverPartyPublicName`,`DebitAccountCurrentBalance`,`InitiatorAccountCurrentBalance`,`AccountBalance`,`Charges`,`RequestRemarks`,`updated_at`,`meta`) VALUES 
 (1,'Pending',2,NULL,'817050',817050,'2020-08-30 20:50:34',NULL,NULL,'TILL-BILL','10.00','896830','45555','FSItoMerchant','817050',NULL,'SAFARICOM',NULL,NULL,NULL,NULL,NULL,NULL,NULL,NULL,NULL,NULL,NULL,NULL,NULL,NULL,NULL,NULL,NULL,NULL,NULL,'Till Payment of 10 to 45555',NULL,NULL),
 (2,'Pending',2,NULL,'817050',817050,'2020-08-30 20:57:44',NULL,NULL,'OTHER-BILL','10.00','896830','45555','FSItoPayBill','DFFSSvvfA',NULL,'SAFARICOM',NULL,NULL,NULL,NULL,NULL,NULL,NULL,NULL,NULL,NULL,NULL,NULL,NULL,NULL,NULL,NULL,NULL,NULL,NULL,'Merchant paid 45555 amount 10',NULL,NULL),
 (3,'Pending',2,NULL,'817050',817050,'2020-08-31 05:40:26',NULL,NULL,'FAVOURITE-BILL','10.00','896830','888880','FSItoPayBill','DRG46r56nnm',NULL,'SAFARICOM',NULL,NULL,NULL,NULL,NULL,NULL,NULL,NULL,NULL,NULL,NULL,NULL,NULL,NULL,NULL,NULL,NULL,NULL,NULL,'Pay 10 to kenya power',NULL,NULL);
/*!40000 ALTER TABLE `outgoing_bill_payments` ENABLE KEYS */;


--
-- Definition of table `outgoing_payments`
--

DROP TABLE IF EXISTS `outgoing_payments`;
CREATE TABLE `outgoing_payments` (
  `id` bigint(20) unsigned NOT NULL AUTO_INCREMENT,
  `merchant_id` int(11) NOT NULL,
  `reference` varchar(255) COLLATE utf8mb4_unicode_ci NOT NULL,
  `tr_id` varchar(255) COLLATE utf8mb4_unicode_ci DEFAULT NULL COMMENT 'from third-party service',
  `amount` decimal(15,4) NOT NULL,
  `client_id` int(11) NOT NULL,
  `network` varchar(50) COLLATE utf8mb4_unicode_ci DEFAULT NULL,
  `status` varchar(255) COLLATE utf8mb4_unicode_ci NOT NULL DEFAULT 'pending',
  `recipient` varchar(255) COLLATE utf8mb4_unicode_ci NOT NULL,
  `completed_at` timestamp NULL DEFAULT NULL,
  `meta` longtext CHARACTER SET utf8mb4 COLLATE utf8mb4_bin DEFAULT NULL COMMENT 'holds extra transaction details' CHECK (json_valid(`meta`)),
  `created_at` timestamp NULL DEFAULT NULL,
  `updated_at` timestamp NULL DEFAULT NULL,
  PRIMARY KEY (`id`)
) ENGINE=InnoDB AUTO_INCREMENT=14 DEFAULT CHARSET=utf8mb4 COLLATE=utf8mb4_unicode_ci;

--
-- Dumping data for table `outgoing_payments`
--

/*!40000 ALTER TABLE `outgoing_payments` DISABLE KEYS */;
INSERT INTO `outgoing_payments` (`id`,`merchant_id`,`reference`,`tr_id`,`amount`,`client_id`,`network`,`status`,`recipient`,`completed_at`,`meta`,`created_at`,`updated_at`) VALUES 
 (1,0,'-',NULL,'2.0000',2,NULL,'pending','254712723648',NULL,NULL,'2020-08-03 12:45:02',NULL),
 (2,0,'-',NULL,'5.0000',2,NULL,'pending','254712723648',NULL,NULL,'2020-08-03 12:50:51',NULL),
 (3,0,'-',NULL,'2.0000',2,NULL,'pending','254712723648',NULL,NULL,'2020-08-03 12:52:46',NULL),
 (4,0,'-',NULL,'4.0000',2,NULL,'pending','254712723648',NULL,NULL,'2020-08-03 13:00:48',NULL),
 (5,0,'-',NULL,'1.0000',2,NULL,'pending','254705595011',NULL,NULL,'2020-08-03 13:09:25',NULL),
 (6,0,'-',NULL,'2.0000',2,NULL,'pending','254712723648',NULL,NULL,'2020-08-03 13:49:13',NULL),
 (7,0,'-',NULL,'2.0000',2,NULL,'pending','254712723648',NULL,NULL,'2020-08-03 13:50:40',NULL),
 (8,0,'-',NULL,'1.0000',2,NULL,'pending','254705595011',NULL,NULL,'2020-08-03 13:50:43',NULL),
 (9,0,'-',NULL,'10.0000',1,NULL,'pending','254725391340',NULL,NULL,'2020-08-04 14:03:35',NULL),
 (10,0,'-',NULL,'5.0000',2,'Safaricom','pending','254712723648',NULL,NULL,'2020-08-07 02:34:04',NULL),
 (11,0,'-',NULL,'10.0000',2,'Safaricom','pending','254712723648',NULL,NULL,'2020-08-15 13:52:07',NULL),
 (12,0,'-',NULL,'5.0000',2,'Safaricom','pending','254712723648',NULL,NULL,'2020-08-17 02:11:00',NULL),
 (13,0,'-',NULL,'2.0000',2,'Safaricom','pending','254718265731',NULL,NULL,'2020-08-25 13:23:22',NULL);
/*!40000 ALTER TABLE `outgoing_payments` ENABLE KEYS */;


--
-- Definition of table `outmessages`
--

DROP TABLE IF EXISTS `outmessages`;
CREATE TABLE `outmessages` (
  `messageID` int(11) NOT NULL AUTO_INCREMENT,
  `messageContent` text NOT NULL,
  `messageLength` int(11) NOT NULL,
  `messagePages` int(11) NOT NULL,
  `status` int(11) NOT NULL,
  `replyID` int(11) DEFAULT NULL,
  `dateCreated` datetime NOT NULL,
  `dateModified` timestamp NOT NULL DEFAULT current_timestamp() ON UPDATE current_timestamp(),
  `createdBy` int(11) NOT NULL,
  `updatedBy` int(11) NOT NULL,
  PRIMARY KEY (`messageID`)
) ENGINE=InnoDB AUTO_INCREMENT=77 DEFAULT CHARSET=latin1;

--
-- Dumping data for table `outmessages`
--

/*!40000 ALTER TABLE `outmessages` DISABLE KEYS */;
INSERT INTO `outmessages` (`messageID`,`messageContent`,`messageLength`,`messagePages`,`status`,`replyID`,`dateCreated`,`dateModified`,`createdBy`,`updatedBy`) VALUES 
 (21,'Kindly  share your views on the tree planting exercise.\n\nHave you participated in the #ChangeTheStory ?\nA.YES\nB.NO',114,1,1,NULL,'2021-03-16 14:06:05','2021-03-16 14:06:05',31,31),
 (22,'Kindly  share your views on the tree planting exercise.\n\nHave you participated in the #ChangeTheStory ?\nA.YES\nB.NO',114,1,1,NULL,'2021-03-16 14:07:20','2021-03-16 14:07:20',31,31),
 (23,'Good afternoon welcome to NIC Ventures.\n\nHave ever heard of NIC Ventures?',73,1,1,NULL,'2021-03-16 14:14:52','2021-03-16 14:14:52',31,31),
 (24,'Good afternoon welcome to NIC Ventures.\n\nHave ever heard of NIC Ventures?',73,1,1,NULL,'2021-03-16 16:58:47','2021-03-16 16:58:47',31,31),
 (25,'Happy Mother\'s Day.\n\nHave you heard about our credit card discounts at Amara Spa?\nA.Yes\nB.No',92,1,1,NULL,'2021-03-17 00:04:59','2021-03-17 00:04:59',31,31),
 (26,'Kindly  share your views on the tree planting exercise.\n\nHave you participated in the #ChangeTheStory ?\nA.YES\nB.NO',114,1,1,NULL,'2021-03-17 08:37:06','2021-03-17 08:37:06',31,31),
 (27,'Kindly  share your views on the tree planting exercise.\n\nHave you participated in the #ChangeTheStory ?\nA.YES\nB.NO',114,1,1,NULL,'2021-03-17 08:55:43','2021-03-17 08:55:43',31,31),
 (28,'Kindly  share your views on the tree planting exercise.\n\nHave you participated in the #ChangeTheStory ?\nA.YES\nB.NO',114,1,1,NULL,'2021-03-17 09:02:33','2021-03-17 09:02:33',31,31),
 (29,'Kindly  share your views on the tree planting exercise.\n\nHave you participated in the #ChangeTheStory ?\nA.YES\nB.NO',114,1,1,NULL,'2021-03-18 10:28:27','2021-03-18 10:28:27',31,31),
 (30,'Kindly  share your views on the tree planting exercise.\n\nHave you participated in the #ChangeTheStory ?\nA.YES\nB.NO',114,1,1,NULL,'2021-03-22 05:17:02','2021-03-22 05:17:02',1,1),
 (31,'invited.\n\nquestion',18,1,1,NULL,'2021-03-26 06:42:07','2021-03-26 06:42:07',18,18),
 (32,'Kindly  share your views on the tree planting exercise.\n\nHave you participated in the #ChangeTheStory ?\nA.YES\nB.NO',114,1,1,NULL,'2021-03-26 07:09:34','2021-03-26 07:09:34',18,18),
 (33,'Kindly  share your views on the tree planting exercise.\n\nHave you participated in the #ChangeTheStory ?\nA.YES\nB.NO',114,1,1,NULL,'2021-03-26 07:30:46','2021-03-26 07:30:46',18,18),
 (52,'invited.\n\nquestion',18,1,1,NULL,'2021-03-26 08:57:33','2021-03-26 08:57:33',31,31),
 (53,'invited.\n\nquestion',18,1,1,NULL,'2021-03-26 09:17:10','2021-03-26 09:17:10',31,31),
 (63,'Kindly  share your views on the tree planting exercise.\n\nHave you participated in the #ChangeTheStory ?\nA.YES\nB.NO',114,1,1,NULL,'2021-03-28 23:09:33','2021-03-28 23:09:33',31,31),
 (64,'Kindly  share your views on the tree planting exercise.\n\nHave you participated in the #ChangeTheStory ?\nA.YES\nB.NO',114,1,1,NULL,'2021-03-28 23:13:44','2021-03-28 23:13:44',31,31),
 (65,'Kindly  share your views on the tree planting exercise.\n\nHave you participated in the #ChangeTheStory ?\nA.YES\nB.NO',114,1,1,NULL,'2021-03-28 23:51:04','2021-03-28 23:51:04',31,31),
 (66,'Kindly  share your views on the tree planting exercise.\n\nHave you participated in the #ChangeTheStory ?\nA.YES\nB.NO',114,1,1,NULL,'2021-03-28 23:51:48','2021-03-28 23:51:48',31,31),
 (67,'Kindly  share your views on the tree planting exercise.\n\nHave you participated in the #ChangeTheStory ?\nA.YES\nB.NO',114,1,1,NULL,'2021-03-28 23:53:00','2021-03-28 23:53:00',31,31),
 (69,'Kindly  share your views on the tree planting exercise.\n\nHave you participated in the #ChangeTheStory ?\nA.YES\nB.NO',114,1,1,NULL,'2021-03-28 23:57:28','2021-03-28 23:57:28',31,31),
 (70,'Kindly  share your views on the tree planting exercise.\n\nHave you participated in the #ChangeTheStory ?\nA.YES\nB.NO',114,1,1,NULL,'2021-03-29 00:00:46','2021-03-29 00:00:46',31,31),
 (71,'Kindly  share your views on the tree planting exercise.\n\nHave you participated in the #ChangeTheStory ?\nA.YES\nB.NO',114,1,1,NULL,'2021-03-29 00:01:30','2021-03-29 00:01:30',31,31);
/*!40000 ALTER TABLE `outmessages` ENABLE KEYS */;


--
-- Definition of table `password_resets`
--

DROP TABLE IF EXISTS `password_resets`;
CREATE TABLE `password_resets` (
  `email` varchar(255) COLLATE utf8mb4_unicode_ci NOT NULL,
  `token` varchar(255) COLLATE utf8mb4_unicode_ci NOT NULL,
  `created_at` timestamp NULL DEFAULT NULL,
  KEY `password_resets_email_index` (`email`)
) ENGINE=InnoDB DEFAULT CHARSET=utf8mb4 COLLATE=utf8mb4_unicode_ci;

--
-- Dumping data for table `password_resets`
--

/*!40000 ALTER TABLE `password_resets` DISABLE KEYS */;
/*!40000 ALTER TABLE `password_resets` ENABLE KEYS */;


--
-- Definition of table `payment_reversals`
--

DROP TABLE IF EXISTS `payment_reversals`;
CREATE TABLE `payment_reversals` (
  `id` bigint(20) unsigned NOT NULL AUTO_INCREMENT,
  `outgoing_payment_id` int(11) NOT NULL,
  `created_by` int(11) NOT NULL,
  `stage` varchar(255) COLLATE utf8mb4_unicode_ci NOT NULL DEFAULT 'review',
  `status` varchar(255) COLLATE utf8mb4_unicode_ci NOT NULL DEFAULT 'active',
  `narration` text COLLATE utf8mb4_unicode_ci DEFAULT NULL,
  `modified_by` int(11) DEFAULT NULL,
  `created_at` timestamp NULL DEFAULT NULL,
  `updated_at` timestamp NULL DEFAULT NULL,
  PRIMARY KEY (`id`)
) ENGINE=InnoDB DEFAULT CHARSET=utf8mb4 COLLATE=utf8mb4_unicode_ci;

--
-- Dumping data for table `payment_reversals`
--

/*!40000 ALTER TABLE `payment_reversals` DISABLE KEYS */;
/*!40000 ALTER TABLE `payment_reversals` ENABLE KEYS */;


--
-- Definition of table `payments`
--

DROP TABLE IF EXISTS `payments`;
CREATE TABLE `payments` (
  `id` bigint(20) unsigned NOT NULL AUTO_INCREMENT,
  `client_id` bigint(20) unsigned DEFAULT NULL,
  `payment_method` varchar(255) CHARACTER SET utf8mb4 COLLATE utf8mb4_unicode_ci DEFAULT NULL,
  `account_number` varchar(255) CHARACTER SET utf8mb4 COLLATE utf8mb4_unicode_ci DEFAULT NULL,
  `reference_number` varchar(255) CHARACTER SET utf8mb4 COLLATE utf8mb4_unicode_ci DEFAULT NULL,
  `pf` varchar(255) CHARACTER SET utf8mb4 COLLATE utf8mb4_unicode_ci DEFAULT NULL,
  `currency_id` bigint(20) unsigned NOT NULL,
  `topup_amount` decimal(15,4) DEFAULT NULL,
  `tax` decimal(15,4) DEFAULT NULL,
  `status` varchar(255) CHARACTER SET utf8mb4 COLLATE utf8mb4_unicode_ci NOT NULL DEFAULT 'active',
  `narration` varchar(255) CHARACTER SET utf8mb4 COLLATE utf8mb4_unicode_ci DEFAULT NULL,
  `lpo_status` varchar(100) DEFAULT 'Pending',
  `created_by` bigint(20) unsigned DEFAULT NULL,
  `transaction_time` timestamp NULL DEFAULT NULL,
  `created_at` timestamp NULL DEFAULT NULL,
  `updated_at` timestamp NULL DEFAULT NULL,
  `deleted_at` timestamp NULL DEFAULT NULL,
  PRIMARY KEY (`id`)
) ENGINE=InnoDB AUTO_INCREMENT=64 DEFAULT CHARSET=latin1;

--
-- Dumping data for table `payments`
--

/*!40000 ALTER TABLE `payments` DISABLE KEYS */;
INSERT INTO `payments` (`id`,`client_id`,`payment_method`,`account_number`,`reference_number`,`pf`,`currency_id`,`topup_amount`,`tax`,`status`,`narration`,`lpo_status`,`created_by`,`transaction_time`,`created_at`,`updated_at`,`deleted_at`) VALUES 
 (1,1,'M-PESA','ACC-0001','OFO67PP25C',NULL,1,'10.0000',NULL,'Approved','M-PESA Deposit from -LUKE MWANGI','Pending',NULL,NULL,'2020-06-24 16:17:14',NULL,NULL),
 (2,0,'M-PESA','St Lukes','OFP48CZVCG',NULL,0,'2000.0000',NULL,'Processing','M-PESA Deposit from 254722886718 - GIBSON NGARI MUTHANGATO','Pending',NULL,NULL,'2020-06-25 11:35:16',NULL,NULL),
 (3,1,'M-PESA','ACC-0001','OFP38GP5QD',NULL,1,'100.0000',NULL,'Approved','M-PESA Deposit from -LUKE MWANGI','Pending',NULL,NULL,'2020-06-25 13:27:44',NULL,NULL),
 (4,2,'M-PESA','ACC-0002','BULK#1593088952#2',NULL,1,'10.0000',NULL,'Failed','Request cancelled by user','Pending',NULL,NULL,'2020-06-25 15:42:32',NULL,NULL),
 (5,2,'M-PESA','ACC-0002','OFP18L8J73',NULL,1,'5.0000',NULL,'Approved','M-PESA Deposit from -ISAAC WAMBUGU MUTAHI','Pending',NULL,NULL,'2020-06-25 15:43:05',NULL,NULL),
 (6,2,'M-PESA','ACC-0002','OFQ399OVUZ',NULL,1,'5.0000',NULL,'Approved','M-PESA Deposit from 254712723648 - ISAAC WAMBUGU MUTAHI','Pending',NULL,NULL,'2020-06-26 11:15:16',NULL,NULL),
 (7,0,'M-PESA','mwito airtime','OFQ69E6UCA',NULL,0,'70000.0000',NULL,'Processing','M-PESA Deposit from 254721485524 - Timothy Chepkwony Robert','Pending',NULL,NULL,'2020-06-26 13:30:15',NULL,NULL),
 (8,0,'M-PESA','Mwito utility','OFQ29EH0ZC',NULL,0,'70000.0000',NULL,'Processing','M-PESA Deposit from 254721485524 - Timothy Chepkwony Robert','Pending',NULL,NULL,'2020-06-26 13:39:12',NULL,NULL),
 (9,0,'M-PESA','CYFRAS TECHNOLOGIES','OFR2AV3LO8',NULL,0,'2000.0000',NULL,'Processing','M-PESA Deposit from 254748126395 - FRANCISCA NDITI WAMBUA','Pending',NULL,NULL,'2020-06-27 20:29:19',NULL,NULL),
 (10,2,'Mpesa','ACC-0002','DD443AS','20200629112401_DD443AS.png',1,'5.0000',NULL,'active','Ksh 5 paid','Pending',NULL,'2020-06-29 11:25:01','2020-06-29 11:24:01',NULL,NULL),
 (11,2,'Mpesa','ACC-0002','DF4054A','20200629112728_DF4054A.png',1,'5.0000',NULL,'rejected','Ksh 5 paid via mpesa','Pending',NULL,'2020-06-29 11:25:26','2020-06-29 11:27:28',NULL,NULL),
 (12,0,'M-PESA','5starmusic','OFT9C6LPOV',NULL,0,'1500.0000',NULL,'Processing','M-PESA Deposit from 254722279104 - ERICK munene MUNENE KIRIMI','Pending',NULL,NULL,'2020-06-29 14:03:12',NULL,NULL),
 (13,2,'M-PESA','ACC-0002','OFU6D78MFQ',NULL,1,'5.0000',NULL,'Approved','M-PESA Deposit from -ISAAC WAMBUGU MUTAHI','Pending',NULL,NULL,'2020-06-30 15:24:19',NULL,NULL),
 (14,2,'MPESA','ACC-0002','FGFDG3453!','20200701105742_FGFDG3453!.png',1,'5.0000',NULL,'Pending','','Pending',NULL,'2020-07-01 10:55:42','2020-07-01 10:57:42',NULL,NULL),
 (15,0,'M-PESA','CYFRAS TECHNOLOGIES','OG19EPTT7Z',NULL,0,'2000.0000',NULL,'Processing','M-PESA Deposit from 254748126395 - FRANCISCA NDITI WAMBUA','Pending',NULL,NULL,'2020-07-01 23:32:15',NULL,NULL),
 (16,0,'M-PESA','Coretec','OG28FEKBHG',NULL,0,'9800.0000',NULL,'Processing','M-PESA Deposit from 254720334604 - ANTHONY OMONDI OGANGO','Pending',NULL,NULL,'2020-07-02 18:18:15',NULL,NULL),
 (17,0,'M-PESA','St Lukes','OG32FYVJE4',NULL,0,'2000.0000',NULL,'Processing','M-PESA Deposit from 254722886718 - GIBSON NGARI MUTHANGATO','Pending',NULL,NULL,'2020-07-03 12:04:12',NULL,NULL),
 (18,0,'M-PESA','CYFRAS TECHNOLOGIES','OG43H1YW8V',NULL,0,'5800.0000',NULL,'Processing','M-PESA Deposit from 254748126395 - FRANCISCA NDITI WAMBUA','Pending',NULL,NULL,'2020-07-04 13:16:17',NULL,NULL),
 (19,0,'M-PESA','millenia technologies','OG43H48XRJ',NULL,0,'2000.0000',NULL,'Processing','M-PESA Deposit from 254702990831 - JULIUS MUTHWII WAMBUA','Pending',NULL,NULL,'2020-07-04 14:15:18',NULL,NULL),
 (20,0,'M-PESA','Mobitech Water','OG48HD3UPK',NULL,0,'5001.0000',NULL,'Processing','M-PESA Deposit from 254717860834 - KELVIN GACHERU MBUTHIA','Pending',NULL,NULL,'2020-07-04 17:42:14',NULL,NULL),
 (21,2,'M-PESA','ACC-0002','OG71JY58CD',NULL,1,'10.0000',NULL,'Approved','M-PESA Deposit from -SUSAN WARINGA KINGORI','Pending',NULL,NULL,'2020-07-07 13:22:05',NULL,NULL),
 (22,2,'M-PESA','ACC-0002','OG77JYCPS9',NULL,1,'10.0000',NULL,'Approved','M-PESA Deposit from 254721736732 - SUSAN WARINGA KINGORI','Pending',NULL,NULL,'2020-07-07 13:28:14',NULL,NULL),
 (23,2,'Cheque','ACC-0002','DFGG86965F','20200707140034_DFGG86965F.png',1,'100.0000',NULL,'Approved','narration 1 ','Pending',1,'2020-07-07 14:26:23','2020-07-07 14:00:34','2020-07-07 14:26:23',NULL),
 (24,0,'M-PESA','golden palm','OG99LPBB79',NULL,0,'5000.0000',NULL,'Processing','M-PESA Deposit from 254722232753 - Kenneth Kamau','Pending',NULL,NULL,'2020-07-09 09:27:16',NULL,NULL),
 (25,0,'M-PESA','Cyfras Technologies','OG95LPUZMR',NULL,0,'3000.0000',NULL,'Processing','M-PESA Deposit from 254748126395 - FRANCISCA NDITI WAMBUA','Pending',NULL,NULL,'2020-07-09 09:44:14',NULL,NULL),
 (26,0,'M-PESA','St Lukes','OG96M9WI8M',NULL,0,'2000.0000',NULL,'Processing','M-PESA Deposit from 254722886718 - GIBSON NGARI MUTHANGATO','Pending',NULL,NULL,'2020-07-09 18:37:21',NULL,NULL),
 (27,1,'M-PESA','ACC-0001','TESTUNITS',NULL,1,'10000.0000',NULL,'active','','Pending',NULL,'2020-07-10 20:40:48','2020-07-10 20:46:05',NULL,NULL),
 (28,0,'M-PESA','ROSKY CREDIT','OGB6NPBGW4',NULL,0,'10000.0000',NULL,'Processing','M-PESA Deposit from 254722288638 - ISAAC OTIENO OIYE','Pending',NULL,NULL,'2020-07-11 10:33:17',NULL,NULL),
 (29,0,'M-PESA','Milenia  Technology','OGB3NV3R4F',NULL,0,'2000.0000',NULL,'Processing','M-PESA Deposit from 254702632768 - Evelyne Waruguru Kagema','Pending',NULL,NULL,'2020-07-11 13:15:17',NULL,NULL),
 (30,0,'M-PESA','Cafedeli','OGB9NVG8AV',NULL,0,'2900.0000',NULL,'Processing','M-PESA Deposit from 254727872612 - GODWILL OKOMBA','Pending',NULL,NULL,'2020-07-11 13:25:16',NULL,NULL),
 (31,2,'M-PESA','ACC-0002','BULK#1594717063#2',NULL,1,'5.0000',NULL,'Failed','Request cancelled by user','Pending',NULL,NULL,'2020-07-14 11:57:44',NULL,NULL),
 (32,2,'M-PESA','ACC-0002','OGE0QJMYMC',NULL,1,'5.0000',NULL,'Approved','M-PESA Deposit from -ISAAC WAMBUGU MUTAHI','Pending',NULL,NULL,'2020-07-14 11:59:33',NULL,NULL),
 (33,3,'M-PESA','ACC-0003','OGE6QPEK24',NULL,1,'5.0000',NULL,'Approved','M-PESA Deposit from -ISAAC WAMBUGU MUTAHI','Pending',NULL,NULL,'2020-07-14 14:50:48',NULL,NULL),
 (34,4,'test','ACC-0004','test',NULL,1,'10.0000',NULL,'active','test','Pending',NULL,'2020-07-15 12:15:16','2020-07-15 12:16:50',NULL,NULL),
 (35,0,'M-PESA','GOLDEN PALM','OGF7RQLN4V',NULL,0,'1200.0000',NULL,'Processing','M-PESA Deposit from 254740279989 - LONGSIGHT ENTERPRISES','Pending',NULL,NULL,'2020-07-15 16:00:15',NULL,NULL),
 (36,1,'CHEQUE','ACC-0001','Inv#4363',NULL,1,'210000.0000',NULL,'active','','Pending',NULL,'2020-07-15 16:15:06','2020-07-15 16:18:54',NULL,NULL),
 (37,0,'M-PESA','PISAFA','OGG3SCOI7J',NULL,0,'3000.0000',NULL,'Processing','M-PESA Deposit from 254721728618 - SALOME WAMBUI MWANGI','Pending',NULL,NULL,'2020-07-16 09:43:14',NULL,NULL),
 (38,2,'M-PESA','ACC-0002','BULK#1594886178#2',NULL,1,'500.0000',NULL,'Failed','The initiator information is invalid.','Pending',NULL,NULL,'2020-07-16 10:56:18',NULL,NULL),
 (39,0,'M-PESA','Swiss packaging ltd','OGG4SVFZZK',NULL,0,'20000.0000',NULL,'Processing','M-PESA Deposit from 254727334926 - STEPHEN MWANGI WAIKINYI','Pending',NULL,NULL,'2020-07-16 18:16:18',NULL,NULL),
 (40,0,'M-PESA','CYFRAS TECHNOLOGIES','OGI8U9TW1C',NULL,0,'1100.0000',NULL,'Processing','M-PESA Deposit from 254748126395 - FRANCISCA NDITI WAMBUA','Pending',NULL,NULL,'2020-07-18 10:02:16',NULL,NULL),
 (41,0,'M-PESA','St Lukes','OGI5UEKVRN',NULL,0,'2000.0000',NULL,'Processing','M-PESA Deposit from 254722886718 - GIBSON NGARI MUTHANGATO','Pending',NULL,NULL,'2020-07-18 12:25:19',NULL,NULL),
 (42,2,'M-PESA','ACC-0002','BULK#1596766491#2',NULL,1,'5.0000',NULL,'Pending','M-PESA STK PUSH via 254712723648::BULK#1596766491#2','Pending',NULL,NULL,'2020-08-07 02:14:52',NULL,NULL),
 (43,2,'Cash','ACC-0002','DDF4646',NULL,1,'200.0000',NULL,'active','Testing top up.','Pending',NULL,'2020-08-26 08:10:53','2020-08-26 05:14:51',NULL,NULL),
 (44,2,'Cash','ACC-0002','mdsjksd',NULL,1,'100.0000',NULL,'Pending','Testing purposes','Pending',NULL,'2020-08-28 11:00:58','2020-08-28 08:01:03',NULL,NULL),
 (45,1,'Cheque','ACC-0001','11111',NULL,1,'3000.0000',NULL,'active','','Pending',1,'2020-10-16 08:30:50','2020-10-16 05:34:51',NULL,NULL),
 (46,1,'LPO','ACC-0001','99999',NULL,1,'1000000.0000',NULL,'active','','settled',1,'2020-10-16 09:15:30','2020-10-16 06:17:56',NULL,NULL),
 (47,1,'LPO','ACC-0001','666676',NULL,1,'1000000.0000',NULL,'active','','settled',1,'2020-10-16 11:45:06','2020-10-16 09:01:21',NULL,NULL),
 (48,1,'LPO','ACC-0001','444444444',NULL,1,'1000000.0000',NULL,'active','','settled',1,'2020-10-16 12:20:59','2020-10-16 09:25:23',NULL,NULL),
 (49,1,'LPO','ACC-0001','555667777',NULL,1,'29400.0000',NULL,'active','','settled',1,'2020-10-16 12:25:50','2020-10-16 09:33:56',NULL,NULL),
 (50,5,'LPO','ACC-0005','900000566',NULL,1,'100000.0000',NULL,'active','Ok','Pending',1,'2020-10-19 13:50:27','2020-10-19 10:52:08',NULL,NULL),
 (51,1,'LPO','ACC-0001','0010',NULL,1,'10.0000',NULL,'active','bulk','Pending',1,'2020-10-19 15:20:20','2020-10-19 12:21:55',NULL,NULL),
 (52,1,'LPO','ACC-0001','t63627723737',NULL,1,'3999999.0000',NULL,'active','','Pending',1,'2020-10-21 12:10:11','2020-10-21 09:10:42',NULL,NULL),
 (53,2,'Cheque','ACC-0002','ABCD1234',NULL,1,'1000.0000',NULL,'Pending','Testing','Pending',1,'2020-10-22 15:10:08','2020-10-22 12:17:12',NULL,NULL),
 (54,2,'LPO','ACC-0002','CFGGD5675','20201022121930_CFGGD5675.png',1,'200.0000',NULL,'Pending','Testing','Pending',1,'2020-10-22 15:15:16','2020-10-22 12:19:30',NULL,NULL),
 (55,2,'Cash','ACC-0002','ABCD45Q',NULL,1,'100.0000',NULL,'active','','Pending',1,'2020-10-23 12:25:20','2020-10-23 09:24:18',NULL,NULL),
 (56,2,'LPO','ACC-0002','ZXCVV321A',NULL,1,'200.0000',NULL,'active','Test payment 2 with LPO','Pending',1,'2020-10-23 12:20:22','2020-10-23 09:32:38',NULL,NULL),
 (57,2,'LPO','ACC-0002','SDFGGGGH','20201023093352_SDFGGGGH.png',1,'300.0000',NULL,'active','Payment of Funds with LPO','Pending',1,'2020-10-23 12:30:42','2020-10-23 09:33:52',NULL,NULL),
 (58,2,'M-PESA','ACC-0002','BULK#1604648533#2',NULL,1,'1.0000',NULL,'Pending','M-PESA STK PUSH via 254718265731::BULK#1604648533#2','Pending',NULL,NULL,'2020-11-06 07:42:21',NULL,NULL),
 (59,2,'M-PESA','ACC-0002','BULK#1604648605#2',NULL,1,'1.0000',NULL,'Pending','M-PESA STK PUSH via 254718265731::BULK#1604648605#2','Pending',NULL,NULL,'2020-11-06 07:43:25',NULL,NULL),
 (60,5,'Cash','ACC-0005','ref12345',NULL,1,'10.0000',NULL,'active','narration','Pending',4,'2021-02-25 14:55:25','2021-02-25 13:58:09',NULL,NULL),
 (61,5,'Mpesa','ACC-0005','ref12345',NULL,1,'10.0000',NULL,'active','narration','Pending',6,'2021-02-26 16:35:36','2021-02-26 14:40:09',NULL,NULL),
 (62,5,'Mpesa','ACC-0005','ref123456',NULL,1,'10.0000',NULL,'active','narration','Pending',1,'2021-03-08 03:15:00','2021-03-08 07:18:04',NULL,NULL),
 (63,5,'Mpesa','ACC-0005','ref12345444',NULL,2,'10.0000',NULL,'active','narration','Pending',6,'2021-03-11 10:50:26','2021-03-11 14:35:58',NULL,NULL);
/*!40000 ALTER TABLE `payments` ENABLE KEYS */;


--
-- Definition of table `permissions`
--

DROP TABLE IF EXISTS `permissions`;
CREATE TABLE `permissions` (
  `id` bigint(20) unsigned NOT NULL AUTO_INCREMENT,
  `name` varchar(255) COLLATE utf8mb4_unicode_ci NOT NULL,
  `guard_name` varchar(255) COLLATE utf8mb4_unicode_ci NOT NULL DEFAULT 'web',
  `created_at` timestamp NULL DEFAULT NULL,
  `updated_at` timestamp NULL DEFAULT NULL,
  PRIMARY KEY (`id`)
) ENGINE=InnoDB AUTO_INCREMENT=12 DEFAULT CHARSET=utf8mb4 COLLATE=utf8mb4_unicode_ci;

--
-- Dumping data for table `permissions`
--

/*!40000 ALTER TABLE `permissions` DISABLE KEYS */;
INSERT INTO `permissions` (`id`,`name`,`guard_name`,`created_at`,`updated_at`) VALUES 
 (1,'view_currencies','backend','2020-06-24 11:51:25','2020-06-24 11:51:25'),
 (2,'view_networks','backend','2020-06-24 11:51:25','2020-06-24 11:51:25'),
 (3,'manage_networks','backend','2020-06-24 11:51:25','2020-06-24 11:51:25'),
 (4,'manage_currencies','backend','2020-06-24 11:51:25','2020-06-24 11:51:25'),
 (5,'approve_route_mapping','backend','2020-06-24 11:51:25','2020-06-24 11:51:25'),
 (6,'approve_sender_ids','backend','2020-07-01 09:43:47','2020-07-01 09:43:47'),
 (7,'approve_shortcode','backend','2020-07-01 09:44:21','2020-07-01 09:44:21'),
 (8,'approve_post_paid_client','backend','2020-07-01 09:44:51','2020-07-01 09:44:51'),
 (9,'approve_credit_allocated','backend','2020-07-01 09:45:32','2020-07-01 09:45:32'),
 (10,'can_approve_route_mapping','backend','2020-07-15 14:53:47','2020-07-15 14:53:47'),
 (11,'can_approve_schedule-sms','frontend','2020-07-15 14:53:47','2020-07-15 14:53:47');
/*!40000 ALTER TABLE `permissions` ENABLE KEYS */;


--
-- Definition of table `ported_numbers`
--

DROP TABLE IF EXISTS `ported_numbers`;
CREATE TABLE `ported_numbers` (
  `id` bigint(20) unsigned NOT NULL AUTO_INCREMENT,
  `phone_number` varchar(255) COLLATE utf8mb4_unicode_ci NOT NULL,
  `network_id` bigint(20) unsigned NOT NULL,
  `created_at` timestamp NULL DEFAULT NULL,
  `updated_at` timestamp NULL DEFAULT NULL,
  `deleted_at` timestamp NULL DEFAULT NULL,
  PRIMARY KEY (`id`)
) ENGINE=InnoDB DEFAULT CHARSET=utf8mb4 COLLATE=utf8mb4_unicode_ci;

--
-- Dumping data for table `ported_numbers`
--

/*!40000 ALTER TABLE `ported_numbers` DISABLE KEYS */;
/*!40000 ALTER TABLE `ported_numbers` ENABLE KEYS */;


--
-- Definition of table `providers`
--

DROP TABLE IF EXISTS `providers`;
CREATE TABLE `providers` (
  `id` bigint(20) unsigned NOT NULL AUTO_INCREMENT,
  `name` varchar(255) COLLATE utf8mb4_unicode_ci NOT NULL,
  `description` text COLLATE utf8mb4_unicode_ci NOT NULL,
  `status` varchar(255) COLLATE utf8mb4_unicode_ci NOT NULL DEFAULT 'active',
  `created_at` timestamp NULL DEFAULT NULL,
  `updated_at` timestamp NULL DEFAULT NULL,
  `deleted_at` timestamp NULL DEFAULT NULL,
  PRIMARY KEY (`id`)
) ENGINE=InnoDB AUTO_INCREMENT=5 DEFAULT CHARSET=utf8mb4 COLLATE=utf8mb4_unicode_ci;

--
-- Dumping data for table `providers`
--

/*!40000 ALTER TABLE `providers` DISABLE KEYS */;
INSERT INTO `providers` (`id`,`name`,`description`,`status`,`created_at`,`updated_at`,`deleted_at`) VALUES 
 (1,'SAFARICOM','SAFARICOM','active','2020-06-24 11:58:53',NULL,NULL),
 (2,'AIRTEL  KENYA','AIRTEL  KENYA','active','2020-06-24 11:59:08',NULL,NULL),
 (3,'EQUITEL','EQUITEL','active','2020-06-24 11:59:23','2020-07-10 18:42:58',NULL),
 (4,'TELKOM','telco','active','2020-07-10 18:32:43',NULL,NULL);
/*!40000 ALTER TABLE `providers` ENABLE KEYS */;


--
-- Definition of table `registrations`
--

DROP TABLE IF EXISTS `registrations`;
CREATE TABLE `registrations` (
  `id` bigint(20) unsigned NOT NULL AUTO_INCREMENT,
  `email_address` varchar(255) COLLATE utf8mb4_unicode_ci NOT NULL,
  `phone_number` varchar(255) COLLATE utf8mb4_unicode_ci NOT NULL,
  `name` varchar(255) COLLATE utf8mb4_unicode_ci NOT NULL,
  `purpose_of_till` varchar(255) COLLATE utf8mb4_unicode_ci NOT NULL,
  `has_own_paybill` tinyint(1) NOT NULL DEFAULT 0,
  `paybill_no` varchar(255) COLLATE utf8mb4_unicode_ci DEFAULT NULL,
  `attachments` longtext CHARACTER SET utf8mb4 COLLATE utf8mb4_bin DEFAULT NULL CHECK (json_valid(`attachments`)),
  `created_at` timestamp NULL DEFAULT NULL,
  `updated_at` timestamp NULL DEFAULT NULL,
  `modified_by` int(11) DEFAULT NULL,
  `status` varchar(255) COLLATE utf8mb4_unicode_ci NOT NULL DEFAULT 'pending',
  PRIMARY KEY (`id`)
) ENGINE=InnoDB DEFAULT CHARSET=utf8mb4 COLLATE=utf8mb4_unicode_ci;

--
-- Dumping data for table `registrations`
--

/*!40000 ALTER TABLE `registrations` DISABLE KEYS */;
/*!40000 ALTER TABLE `registrations` ENABLE KEYS */;


--
-- Definition of table `reports`
--

DROP TABLE IF EXISTS `reports`;
CREATE TABLE `reports` (
  `id` bigint(20) unsigned NOT NULL AUTO_INCREMENT,
  `name` varchar(255) COLLATE utf8mb4_unicode_ci NOT NULL,
  `label` varchar(255) COLLATE utf8mb4_unicode_ci DEFAULT NULL,
  `query` text COLLATE utf8mb4_unicode_ci NOT NULL,
  `output_columns` text COLLATE utf8mb4_unicode_ci NOT NULL,
  `report_type` varchar(255) COLLATE utf8mb4_unicode_ci NOT NULL DEFAULT 'client',
  `report_cat` varchar(10) COLLATE utf8mb4_unicode_ci NOT NULL DEFAULT 'sms',
  `client_id` int(11) DEFAULT NULL,
  `date_specific` varchar(255) COLLATE utf8mb4_unicode_ci NOT NULL DEFAULT 'No',
  `status` varchar(255) COLLATE utf8mb4_unicode_ci NOT NULL DEFAULT 'active',
  `created_by` bigint(20) unsigned DEFAULT NULL,
  `created_at` timestamp NULL DEFAULT NULL,
  `updated_at` timestamp NULL DEFAULT NULL,
  `deleted_at` timestamp NULL DEFAULT NULL,
  PRIMARY KEY (`id`)
) ENGINE=InnoDB AUTO_INCREMENT=9 DEFAULT CHARSET=utf8mb4 COLLATE=utf8mb4_unicode_ci;

--
-- Dumping data for table `reports`
--

/*!40000 ALTER TABLE `reports` DISABLE KEYS */;
INSERT INTO `reports` (`id`,`name`,`label`,`query`,`output_columns`,`report_type`,`report_cat`,`client_id`,`date_specific`,`status`,`created_by`,`created_at`,`updated_at`,`deleted_at`) VALUES 
 (1,'Sent Messages','MT Messages','select sender,recipient,message,created_at dateCreated,type,sent_at sentAt,status deliveryStatus,CASE WHEN delivered_at=\'0000-00-00 00:00:00\' THEN \'\' ELSE delivered_at END AS deliveryTime from  outbound where date(created_at) between ^DATEFROM^ AND ^DATETO^ AND client_id=^CLIENTID^ order by outbound.id desc',' sender,recipient,message,dateCreated,type,deliveryStatus,sentAt,deliveryTime','Client','sms',0,'Yes','Active',1,'2020-06-25 11:28:06','2020-06-25 11:55:57',NULL),
 (2,'Users Report','User Reports','select name,username,phone,email,status,created_at dateCreated from users where client_id=^CLIENTID^ ','name,username,phone,email,status,dateCreated','Client','sms',0,'No','Active',1,'2020-06-25 12:08:15',NULL,NULL),
 (3,'Credit Usage','Credit usage','select date(created_at) dateConsumed,count(*) totalMessages,sum(debit) creditUsed  from ledgers where debit > 0 and  client_id=^CLIENTID^ and  date(created_at) between ^DATEFROM^ AND ^DATETO^  group by dateConsumed  order by dateConsumed desc','dateConsumed,totalMessages,creditUsed','Client','sms',0,'Yes','Active',1,'2020-06-25 13:38:22',NULL,NULL),
 (4,'Sent Messages by Network','Sent Messages by Network','select sender,recipient,network,message,created_at dateCreated,type,sent_at sentAt,status deliveryStatus,CASE WHEN delivered_at=\'0000-00-00 00:00:00\' THEN \'\' ELSE delivered_at END AS deliveryTime from  outbound where date(created_at) between ^DATEFROM^ AND ^DATETO^ AND client_id=^CLIENTID^ order by outbound.id desc',' sender,recipient,network,message,dateCreated,type,deliveryStatus,sentAt,deliveryTime','Client','sms',0,'Yes','Active',1,'2020-06-25 14:21:33',NULL,NULL),
 (5,'Incoming Messages','Incoming Messages','select short_code,phone_number,message,created_at from inbound where date(created_at) between ^DATEFROM^ AND ^DATETO^ AND client_id=^CLIENTID^ order by id DESC','short_code,phone_number,message,created_at','Client','sms',0,'Yes','Active',1,'2020-06-25 14:26:06',NULL,NULL),
 (6,'Opt Out Numbers','DND Number ','select name,phone_number,dnd.created_at from dnd join client_sender_ids using(sender_id) join sender_ids on (dnd.sender_id=sender_ids.id) where client_sender_ids.client_id=^CLIENTID^','name,phone_number,dnd.created_at','Client','sms',0,'No','Active',1,'2020-06-25 14:34:21',NULL,NULL),
 (7,'Messages Consumed per messageType per network','Messages Consumed per messageType per network',' select date(created_at) dateConsumed,count(*) TotalMessages,SUM(CEIL(length(message)/160)) as smsCount,SUM(selling_price) as Cost,sender,type,network,status  from outbound where created_at  between ^DATEFROM^ AND ^DATETO^ AND client_id=^CLIENTID^   group by type,status,date(created_at),sender,network order by date(created_at) DESC ','dateConsumed ,TotalMessages,smsCount,Cost,sender,type,network,status','Admin','sms',0,'Yes','Active',1,'2020-07-17 10:04:26','2020-07-17 10:26:07',NULL),
 (8,'summary report','Summary report per network per client','select clients.name clientName,date(outbound.created_at) dateConsumed,count(*) TotalMessages,SUM(CEIL(length(message)/160)) as smsCount,SUM(selling_price) as cost,sender,type,network,outbound.status,route_used  from outbound  join clients on (clients.id=outbound.client_id)  where outbound.created_at between ^DATEFROM^ AND ^DATETO^ AND client_id=^CLIENTID^ group by client_id,sender,network  order by date(outbound.created_at) desc','clientName,dateConsumed,TotalMessages,smsCount ,cost ,sender,type ,network,status,route_used','Admin','sms',0,'Yes','Active',1,'2020-07-17 10:42:39',NULL,NULL);
/*!40000 ALTER TABLE `reports` ENABLE KEYS */;


--
-- Definition of table `role_permissions`
--

DROP TABLE IF EXISTS `role_permissions`;
CREATE TABLE `role_permissions` (
  `permission_id` bigint(20) unsigned NOT NULL,
  `role_id` bigint(20) unsigned NOT NULL,
  PRIMARY KEY (`permission_id`,`role_id`),
  KEY `role_permissions_role_id_foreign` (`role_id`),
  CONSTRAINT `role_permissions_permission_id_foreign` FOREIGN KEY (`permission_id`) REFERENCES `permissions` (`id`) ON DELETE CASCADE,
  CONSTRAINT `role_permissions_role_id_foreign` FOREIGN KEY (`role_id`) REFERENCES `roles` (`id`) ON DELETE CASCADE
) ENGINE=InnoDB DEFAULT CHARSET=utf8mb4 COLLATE=utf8mb4_unicode_ci;

--
-- Dumping data for table `role_permissions`
--

/*!40000 ALTER TABLE `role_permissions` DISABLE KEYS */;
INSERT INTO `role_permissions` (`permission_id`,`role_id`) VALUES 
 (1,1),
 (2,1),
 (3,1),
 (4,1),
 (5,1);
/*!40000 ALTER TABLE `role_permissions` ENABLE KEYS */;


--
-- Definition of table `roles`
--

DROP TABLE IF EXISTS `roles`;
CREATE TABLE `roles` (
  `id` bigint(20) unsigned NOT NULL AUTO_INCREMENT,
  `name` varchar(255) COLLATE utf8mb4_unicode_ci NOT NULL,
  `guard_name` varchar(255) COLLATE utf8mb4_unicode_ci NOT NULL DEFAULT 'web',
  `created_at` timestamp NULL DEFAULT NULL,
  `updated_at` timestamp NULL DEFAULT NULL,
  PRIMARY KEY (`id`)
) ENGINE=InnoDB AUTO_INCREMENT=3 DEFAULT CHARSET=utf8mb4 COLLATE=utf8mb4_unicode_ci;

--
-- Dumping data for table `roles`
--

/*!40000 ALTER TABLE `roles` DISABLE KEYS */;
INSERT INTO `roles` (`id`,`name`,`guard_name`,`created_at`,`updated_at`) VALUES 
 (1,'mtech','backend','2020-06-24 11:51:24','2020-06-24 11:51:24'),
 (2,'hbundi','frontend','2020-06-24 11:51:24','2020-06-24 11:51:24');
/*!40000 ALTER TABLE `roles` ENABLE KEYS */;


--
-- Definition of table `route_mapping`
--

DROP TABLE IF EXISTS `route_mapping`;
CREATE TABLE `route_mapping` (
  `id` bigint(20) unsigned NOT NULL AUTO_INCREMENT,
  `client_id` bigint(20) unsigned DEFAULT NULL,
  `sender_id` bigint(20) unsigned DEFAULT NULL,
  `route_id` bigint(20) unsigned NOT NULL,
  `network_id` bigint(20) unsigned NOT NULL,
  `currency_id` bigint(20) unsigned NOT NULL,
  `overide_sender_id` bigint(20) unsigned DEFAULT NULL,
  `priority` int(11) NOT NULL DEFAULT 1,
  `buying_price` decimal(15,4) DEFAULT NULL,
  `selling_price` decimal(15,4) DEFAULT NULL,
  `tag` varchar(255) COLLATE utf8mb4_unicode_ci DEFAULT NULL,
  `type` varchar(255) COLLATE utf8mb4_unicode_ci NOT NULL DEFAULT 'Default',
  `status` varchar(255) COLLATE utf8mb4_unicode_ci NOT NULL DEFAULT 'active',
  `created_at` timestamp NULL DEFAULT NULL,
  `updated_at` timestamp NULL DEFAULT NULL,
  `deleted_at` timestamp NULL DEFAULT NULL,
  `created_by` bigint(20) unsigned NOT NULL,
  PRIMARY KEY (`id`),
  KEY `route_mapping_network_id_foreign` (`network_id`),
  KEY `route_mapping_route_id_foreign` (`route_id`),
  KEY `route_mapping_currency_id_foreign` (`currency_id`),
  CONSTRAINT `route_mapping_currency_id_foreign` FOREIGN KEY (`currency_id`) REFERENCES `currencies` (`id`),
  CONSTRAINT `route_mapping_network_id_foreign` FOREIGN KEY (`network_id`) REFERENCES `networks` (`id`),
  CONSTRAINT `route_mapping_route_id_foreign` FOREIGN KEY (`route_id`) REFERENCES `routes` (`id`)
) ENGINE=InnoDB AUTO_INCREMENT=23 DEFAULT CHARSET=utf8mb4 COLLATE=utf8mb4_unicode_ci;

--
-- Dumping data for table `route_mapping`
--

/*!40000 ALTER TABLE `route_mapping` DISABLE KEYS */;
INSERT INTO `route_mapping` (`id`,`client_id`,`sender_id`,`route_id`,`network_id`,`currency_id`,`overide_sender_id`,`priority`,`buying_price`,`selling_price`,`tag`,`type`,`status`,`created_at`,`updated_at`,`deleted_at`,`created_by`) VALUES 
 (1,NULL,NULL,1,1,1,NULL,1,'0.1000','0.3500','','Default','active','2020-06-24 12:07:31','2020-07-11 00:26:00',NULL,0),
 (2,NULL,NULL,3,2,1,NULL,1,'0.3000','0.3500','','Default','active','2020-06-26 12:41:23','2020-07-11 00:36:59',NULL,0),
 (4,2,2,1,1,1,0,1,'0.1000','1.5000','','ClientSpecific','active','2020-07-09 12:13:18','2020-07-15 15:44:20',NULL,0),
 (5,NULL,NULL,3,3,1,NULL,1,'0.3000','0.3500','','Default','active','2020-07-10 18:44:29','2020-07-11 01:39:18',NULL,0),
 (6,NULL,NULL,6,4,1,NULL,1,'0.1000','0.3500','','Default','active','2020-07-10 18:44:58','2020-07-11 00:41:19',NULL,0),
 (9,1,1,1,1,1,1,1,'0.1000','0.3990','','ClientSpecific','active','2020-07-10 19:05:36','2020-07-16 10:09:53',NULL,0),
 (10,1,1,3,3,1,1,1,'0.3000','0.3990','','ClientSpecific','active','2020-07-10 19:06:50','2020-07-16 10:25:17',NULL,0),
 (11,1,1,3,2,1,1,1,'0.3000','0.3990','','ClientSpecific','active','2020-07-10 19:07:47','2020-07-16 10:31:31',NULL,0),
 (12,1,1,6,4,1,1,1,'0.1000','0.3990','','ClientSpecific','active','2020-07-10 19:09:08','2020-07-16 10:31:54',NULL,0),
 (14,2,2,3,2,1,0,1,'0.3000','1.0000','active','ClientSpecific','active','2020-07-14 11:25:52',NULL,NULL,0),
 (16,4,4,1,1,1,0,1,'0.1000','0.5800','','ClientSpecific','active','2020-07-15 12:28:57',NULL,NULL,0),
 (17,4,4,3,2,1,0,1,'0.3000','0.5800','','ClientSpecific','active','2020-07-15 12:30:23',NULL,NULL,0),
 (18,4,4,6,4,1,0,1,'0.1000','0.5800','','ClientSpecific','active','2020-07-15 12:31:11',NULL,NULL,0),
 (19,4,4,7,3,1,0,1,'0.3000','0.5800','','ClientSpecific','active','2020-07-15 12:36:47',NULL,NULL,0),
 (20,5,5,1,1,1,0,0,'0.1000','0.6000','','ClientSpecific','active','2020-07-16 11:12:00','2020-07-16 11:22:08',NULL,0),
 (21,2,2,3,2,1,2,1,'0.3000','5.0000','','ClientSpecific','active','2020-07-23 04:29:41',NULL,NULL,0),
 (22,2,2,1,1,1,2,1,'0.1000','0.5000','','ClientSpecific','active','2020-08-27 05:17:06',NULL,NULL,0);
/*!40000 ALTER TABLE `route_mapping` ENABLE KEYS */;


--
-- Definition of table `routes`
--

DROP TABLE IF EXISTS `routes`;
CREATE TABLE `routes` (
  `id` bigint(20) unsigned NOT NULL AUTO_INCREMENT,
  `name` varchar(255) COLLATE utf8mb4_unicode_ci NOT NULL,
  `description` text COLLATE utf8mb4_unicode_ci DEFAULT NULL,
  `provider_id` bigint(20) unsigned NOT NULL,
  `quality` varchar(255) COLLATE utf8mb4_unicode_ci DEFAULT NULL,
  `status` varchar(255) COLLATE utf8mb4_unicode_ci NOT NULL DEFAULT 'active',
  `created_at` timestamp NULL DEFAULT NULL,
  `updated_at` timestamp NULL DEFAULT NULL,
  `deleted_at` timestamp NULL DEFAULT NULL,
  PRIMARY KEY (`id`),
  KEY `routes_provider_id_foreign` (`provider_id`),
  CONSTRAINT `routes_provider_id_foreign` FOREIGN KEY (`provider_id`) REFERENCES `providers` (`id`)
) ENGINE=InnoDB AUTO_INCREMENT=14 DEFAULT CHARSET=utf8mb4 COLLATE=utf8mb4_unicode_ci;

--
-- Dumping data for table `routes`
--

/*!40000 ALTER TABLE `routes` DISABLE KEYS */;
INSERT INTO `routes` (`id`,`name`,`description`,`provider_id`,`quality`,`status`,`created_at`,`updated_at`,`deleted_at`) VALUES 
 (1,'HTTP_SMSC_SAFARICOM_V2_LOCAL','Ok',1,'High','active','2020-06-24 12:00:20',NULL,NULL),
 (2,'HTTP_SMSC_SAFARICOM_V2_INTER','Ok',1,'High','active','2020-06-24 12:00:59',NULL,NULL),
 (3,'AIRTELKE_ECP_TRANSACTIONAL_HTTP','Ok',2,'High','active','2020-06-24 12:01:44','2020-08-28 10:43:41',NULL),
 (4,'AIRTELKE_ECP_MOMT_2018','Ok',2,'High','active','2020-06-24 12:02:24',NULL,NULL),
 (5,'EQUITEL_HTTP','Ok',3,'High','active','2020-06-24 12:03:09',NULL,NULL),
 (6,'TELKOM_TRX','Ok',4,'High','active','2020-07-10 18:33:38','2020-07-10 18:33:55',NULL),
 (7,'EQUITEL_LIVE','equitel',3,'High','active','2020-07-11 00:45:54',NULL,NULL),
 (8,'BONGO_LIVE','fsf',1,'High','active','2021-02-24 13:07:07',NULL,NULL),
 (9,'Bongo_live_test','test bongo live',1,'High','active','2021-02-24 14:23:51',NULL,NULL),
 (10,'Bongo_live_test2','test `bongo live 2',1,'High','active','2021-02-24 14:25:38',NULL,NULL),
 (11,'Bongo_live_test3','test',1,'High','active','2021-02-24 14:36:19',NULL,NULL),
 (12,'Bongo_live_test4','test ',1,'High','active','2021-02-24 14:37:40',NULL,NULL),
 (13,'Bongo_live_test45','new route to test approval',2,'Normal','active','2021-03-03 08:37:45',NULL,NULL);
/*!40000 ALTER TABLE `routes` ENABLE KEYS */;


--
-- Definition of table `scheduled_airtime`
--

DROP TABLE IF EXISTS `scheduled_airtime`;
CREATE TABLE `scheduled_airtime` (
  `id` bigint(20) unsigned NOT NULL AUTO_INCREMENT,
  `contact_group_id` int(11) NOT NULL,
  `client_id` int(11) NOT NULL,
  `scheduled_at` timestamp NOT NULL DEFAULT current_timestamp() ON UPDATE current_timestamp(),
  `uuid` varchar(255) COLLATE utf8mb4_unicode_ci NOT NULL,
  `created_by` int(11) NOT NULL,
  `created_at` timestamp NULL DEFAULT NULL,
  `updated_at` timestamp NULL DEFAULT NULL,
  `completed_at` timestamp NULL DEFAULT NULL,
  `status` varchar(255) COLLATE utf8mb4_unicode_ci NOT NULL DEFAULT 'scheduled',
  PRIMARY KEY (`id`)
) ENGINE=InnoDB DEFAULT CHARSET=utf8mb4 COLLATE=utf8mb4_unicode_ci;

--
-- Dumping data for table `scheduled_airtime`
--

/*!40000 ALTER TABLE `scheduled_airtime` DISABLE KEYS */;
/*!40000 ALTER TABLE `scheduled_airtime` ENABLE KEYS */;


--
-- Definition of table `scheduled_mails`
--

DROP TABLE IF EXISTS `scheduled_mails`;
CREATE TABLE `scheduled_mails` (
  `id` bigint(20) unsigned NOT NULL AUTO_INCREMENT,
  `subject` varchar(255) CHARACTER SET utf8mb4 COLLATE utf8mb4_unicode_ci NOT NULL,
  `email_contact_group_id` varchar(255) CHARACTER SET utf8mb4 COLLATE utf8mb4_unicode_ci NOT NULL,
  `sender` varchar(255) NOT NULL,
  `message` text CHARACTER SET utf8mb4 COLLATE utf8mb4_unicode_ci NOT NULL,
  `scheduled_at` timestamp NOT NULL DEFAULT current_timestamp(),
  `status` varchar(50) CHARACTER SET utf8mb4 COLLATE utf8mb4_unicode_ci DEFAULT 'scheduled',
  `client_id` bigint(20) unsigned NOT NULL,
  `user_id` int(11) NOT NULL DEFAULT 0,
  `created_at` timestamp NULL DEFAULT NULL,
  `updated_at` timestamp NULL DEFAULT NULL,
  `deleted_at` timestamp NULL DEFAULT NULL,
  PRIMARY KEY (`id`)
) ENGINE=InnoDB AUTO_INCREMENT=9 DEFAULT CHARSET=latin1;

--
-- Dumping data for table `scheduled_mails`
--

/*!40000 ALTER TABLE `scheduled_mails` DISABLE KEYS */;
INSERT INTO `scheduled_mails` (`id`,`subject`,`email_contact_group_id`,`sender`,`message`,`scheduled_at`,`status`,`client_id`,`user_id`,`created_at`,`updated_at`,`deleted_at`) VALUES 
 (1,'Tested ','2','info@mtechcomm.co.ke','<p><s>Okay</s></p>\r\n','2020-11-11 09:25:00','dispatched',2,8,'2020-11-11 10:27:02',NULL,NULL),
 (2,'Scheduled Test','2','info@mtechcomm.co.ke','<p>Public Holiday Message</p>\r\n','2020-11-11 10:35:00','dispatched',2,8,'2020-11-11 10:35:01',NULL,NULL),
 (3,'TEST SCHEDULE ONE','2','info@mtechcomm.co.ke','<p>Hello,&nbsp;</p>\r\n\r\n<p>This is a schedule message.&nbsp;</p>\r\n\r\n<p>Regards</p>\r\n','2020-11-11 16:10:00','dispatched',2,4,'2020-11-11 16:14:01',NULL,NULL),
 (4,'Scheduled Message FOUR','2','info@mtechcomm.co.ke','<p>Hello,</p>\r\n\r\n<p>This is the schedule message four.</p>\r\n\r\n<p>Regards</p>\r\n','2020-11-11 16:20:00','dispatched',2,4,'2020-11-11 16:26:01',NULL,NULL),
 (5,'Test Email','3','info@mtechcomm.co.ke','<p>Hello,</p>\r\n\r\n<p>This is a test emial. Please ignore</p>\r\n\r\n<p>&nbsp;</p>\r\n\r\n<p>&nbsp;</p>\r\n','2020-11-12 07:25:00','dispatched',1,5,'2020-11-12 07:25:01',NULL,NULL),
 (6,'Test Email  12-11-2020 0734','3','info@mtechcomm.co.ke','<p>Hello,</p>\r\n\r\n<p>&nbsp;</p>\r\n\r\n<p>This is a test email. Please ignore</p>\r\n\r\n<p>&nbsp;</p>\r\n\r\n<p>&nbsp;</p>\r\n','2020-11-12 07:30:00','dispatched',1,5,'2020-11-12 07:36:02',NULL,NULL),
 (7,'Test ScheduledTwo','4','info@mtechcomm.co.ke','<p>Hello,&nbsp;</p>\r\n\r\n<p>This is a scheduled email.&nbsp;</p>\r\n\r\n<p>Regards.</p>\r\n','2020-11-12 07:45:00','dispatched',2,4,'2020-11-12 07:47:02',NULL,NULL),
 (8,'test','2','info@mtechcomm.co.ke','<p><strong>Hello&nbsp;</strong></p>\r\n\r\n<p>&nbsp;</p>\r\n','2020-11-12 09:05:00','dispatched',2,8,'2020-11-12 09:08:01',NULL,NULL);
/*!40000 ALTER TABLE `scheduled_mails` ENABLE KEYS */;


--
-- Definition of table `scheduled_messages`
--

DROP TABLE IF EXISTS `scheduled_messages`;
CREATE TABLE `scheduled_messages` (
  `id` bigint(20) unsigned NOT NULL AUTO_INCREMENT,
  `group_ids` varchar(255) COLLATE utf8mb4_unicode_ci NOT NULL,
  `sender_id` bigint(20) unsigned NOT NULL,
  `message` text COLLATE utf8mb4_unicode_ci NOT NULL,
  `scheduled_at` timestamp NOT NULL DEFAULT current_timestamp(),
  `status` varchar(255) COLLATE utf8mb4_unicode_ci NOT NULL DEFAULT 'active',
  `client_id` bigint(20) unsigned NOT NULL,
  `splitter_status` bigint(50) DEFAULT NULL,
  `user_id` int(11) NOT NULL DEFAULT 0,
  `created_at` timestamp NULL DEFAULT NULL,
  `total_sent` int(11) NOT NULL DEFAULT 0,
  `completion_time` timestamp NULL DEFAULT NULL,
  `updated_at` timestamp NULL DEFAULT NULL,
  `deleted_at` timestamp NULL DEFAULT NULL,
  PRIMARY KEY (`id`),
  KEY `scheduled_messages_client_id_foreign` (`client_id`),
  KEY `scheduled_messages_sender_id_foreign` (`sender_id`),
  CONSTRAINT `scheduled_messages_client_id_foreign` FOREIGN KEY (`client_id`) REFERENCES `clients` (`id`),
  CONSTRAINT `scheduled_messages_sender_id_foreign` FOREIGN KEY (`sender_id`) REFERENCES `sender_ids` (`id`)
) ENGINE=InnoDB AUTO_INCREMENT=45 DEFAULT CHARSET=utf8mb4 COLLATE=utf8mb4_unicode_ci;

--
-- Dumping data for table `scheduled_messages`
--

/*!40000 ALTER TABLE `scheduled_messages` DISABLE KEYS */;
INSERT INTO `scheduled_messages` (`id`,`group_ids`,`sender_id`,`message`,`scheduled_at`,`status`,`client_id`,`splitter_status`,`user_id`,`created_at`,`total_sent`,`completion_time`,`updated_at`,`deleted_at`) VALUES 
 (1,'13',2,'This is another template','2020-07-01 17:20:00','scheduled',2,NULL,4,'2020-07-01 17:18:12',0,NULL,NULL,NULL),
 (2,'13',2,'Messages scheduled at 17:24 01.07.2020','2020-07-01 17:30:00','scheduled',2,NULL,4,'2020-07-01 17:24:41',0,NULL,NULL,NULL),
 (3,'13',2,'Location:<LOCATION> position:<POSITION> id: <ID> balance: <BALANCE> name: <NAME>','2020-07-02 10:45:00','scheduled',2,NULL,4,'2020-07-02 10:40:46',0,NULL,NULL,NULL),
 (4,'13',2,'Testing 10:41 02.07.2020','2020-07-02 10:40:00','scheduled',2,NULL,4,'2020-07-02 10:42:14',0,NULL,NULL,NULL),
 (5,'13',2,'Testing 10:43','2020-07-02 07:45:00','scheduled',2,NULL,4,'2020-07-02 10:43:32',0,NULL,NULL,NULL),
 (6,'17',2,'location: <LOCATION> Position <POSITION><ID> id: <ID> balance: <BALANCE> name: <NAME>','2020-07-06 07:55:00','scheduled',2,NULL,4,'2020-07-06 07:52:37',0,NULL,NULL,NULL),
 (7,'17',2,'Dear <NAME>, of <LOCATION> please pay <BALANCE>','2020-07-07 13:55:00','scheduled',2,NULL,4,'2020-07-07 13:07:33',0,NULL,NULL,NULL),
 (8,'17',2,'Dear <NAME> of please pay: <BALANCE>','2020-07-09 09:40:00','scheduled',2,NULL,4,'2020-07-09 09:45:36',0,NULL,NULL,NULL),
 (9,'27',2,'Dear <NAME>, id <ID> living in <LOCATION> work as <POSITION>remaining balance<BALANCE>','2020-07-14 11:05:00','scheduled',2,NULL,4,'2020-07-14 11:01:53',0,NULL,NULL,NULL),
 (10,'27',2,'Dear of please pay <POSITION><ID><BALANCE><NAME>','2020-07-23 14:45:00','scheduled',2,NULL,4,'2020-07-22 14:51:50',0,NULL,NULL,NULL),
 (11,'78',2,'Happy Jamuhuri Day','2020-11-12 08:10:00','scheduled',2,NULL,4,'2020-11-12 08:16:18',0,NULL,NULL,NULL),
 (12,'78',2,'Dear <NAME>, <BALANCE>, <ID>, <POSITION>, <LOCATION>','2020-11-18 12:00:00','scheduled',2,NULL,4,'2020-11-18 12:04:54',0,NULL,NULL,NULL),
 (15,'none',31,'Kindly  share your views on the tree planting exercise.\n\nHave you participated in the #ChangeTheStory ?\nA.YES\nB.NO','2021-03-16 16:05:37','active',31,NULL,31,'2021-03-16 14:06:05',31,NULL,'2021-03-16 14:06:05',NULL),
 (16,'none',31,'Kindly  share your views on the tree planting exercise.\n\nHave you participated in the #ChangeTheStory ?\nA.YES\nB.NO','2021-03-16 16:05:47','active',31,NULL,31,'2021-03-16 14:07:20',31,NULL,'2021-03-16 14:07:20',NULL),
 (17,'none',31,'Good afternoon welcome to NIC Ventures.\n\nHave ever heard of NIC Ventures?','2021-03-16 16:10:26','scheduled',31,NULL,31,'2021-03-16 14:14:52',0,NULL,'2021-03-16 14:14:52',NULL),
 (18,'none',31,'Good afternoon welcome to NIC Ventures.\n\nHave ever heard of NIC Ventures?','2021-03-16 18:55:23','scheduled',31,NULL,31,'2021-03-16 16:58:47',0,NULL,'2021-03-16 16:58:47',NULL),
 (19,'none',31,'Happy Mother\'s Day.\n\nHave you heard about our credit card discounts at Amara Spa?\nA.Yes\nB.No','2021-03-17 02:00:27','scheduled',31,NULL,31,'2021-03-17 00:04:59',0,NULL,'2021-03-17 00:04:59',NULL),
 (20,'none',31,'Kindly  share your views on the tree planting exercise.\n\nHave you participated in the #ChangeTheStory ?\nA.YES\nB.NO','2021-03-17 10:35:33','scheduled',31,NULL,31,'2021-03-17 08:37:06',0,NULL,'2021-03-17 08:37:06',NULL),
 (21,'none',31,'Kindly  share your views on the tree planting exercise.\n\nHave you participated in the #ChangeTheStory ?\nA.YES\nB.NO','2021-03-17 10:50:44','scheduled',31,NULL,31,'2021-03-17 08:55:43',0,NULL,'2021-03-17 08:55:43',NULL),
 (22,'none',31,'Kindly  share your views on the tree planting exercise.\n\nHave you participated in the #ChangeTheStory ?\nA.YES\nB.NO','2021-03-17 11:00:08','scheduled',31,NULL,31,'2021-03-17 09:02:33',0,NULL,'2021-03-17 09:02:33',NULL),
 (23,'none',31,'Kindly  share your views on the tree planting exercise.\n\nHave you participated in the #ChangeTheStory ?\nA.YES\nB.NO','2021-03-18 12:15:15','scheduled',31,NULL,31,'2021-03-18 10:28:27',0,NULL,'2021-03-18 10:28:27',NULL),
 (24,'none',31,'Kindly  share your views on the tree planting exercise.\n\nHave you participated in the #ChangeTheStory ?\nA.YES\nB.NO','2021-03-22 07:15:21','scheduled',1,NULL,1,'2021-03-22 05:17:02',0,NULL,'2021-03-22 05:17:02',NULL),
 (34,'none',31,'invited.\n\nquestion','2021-03-26 10:55:15','scheduled',31,NULL,31,'2021-03-26 08:57:33',0,NULL,'2021-03-26 08:57:33',NULL),
 (35,'none',31,'invited.\n\nquestion','2021-03-26 11:15:42','scheduled',31,NULL,31,'2021-03-26 09:17:10',0,NULL,'2021-03-26 09:17:10',NULL),
 (42,'2',31,'Kindly  share your views on the tree planting exercise.\n\nHave you participated in the #ChangeTheStory ?\nA.YES\nB.NO','2021-03-29 00:55:08','scheduled',31,NULL,31,'2021-03-28 23:57:28',0,NULL,'2021-03-28 23:57:28',NULL),
 (43,'2',31,'Kindly  share your views on the tree planting exercise.\n\nHave you participated in the #ChangeTheStory ?\nA.YES\nB.NO','2021-03-29 01:00:30','scheduled',31,NULL,31,'2021-03-29 00:00:46',0,NULL,'2021-03-29 00:00:46',NULL),
 (44,'2',31,'Kindly  share your views on the tree planting exercise.\n\nHave you participated in the #ChangeTheStory ?\nA.YES\nB.NO','2021-03-29 01:00:15','scheduled',31,NULL,31,'2021-03-29 00:01:30',0,NULL,'2021-03-29 00:01:30',NULL);
/*!40000 ALTER TABLE `scheduled_messages` ENABLE KEYS */;


--
-- Definition of table `scheduled_msg_billing_calculator`
--

DROP TABLE IF EXISTS `scheduled_msg_billing_calculator`;
CREATE TABLE `scheduled_msg_billing_calculator` (
  `id` bigint(20) unsigned NOT NULL AUTO_INCREMENT,
  `contact_group_ids` varchar(255) NOT NULL,
  `max_message_count` double(30,4) NOT NULL,
  `sender_id` varchar(255) DEFAULT NULL,
  `message_content` text DEFAULT NULL,
  `calculated_bill_amount` double(30,4) NOT NULL,
  `client_id` int(11) NOT NULL,
  `created_by` int(11) NOT NULL,
  `created_at` timestamp NULL DEFAULT NULL,
  `updated_at` timestamp NULL DEFAULT NULL,
  `status` varchar(255) CHARACTER SET utf8mb4 COLLATE utf8mb4_unicode_ci NOT NULL DEFAULT 'pending',
  `run_id` int(11) NOT NULL DEFAULT 0,
  `description` text DEFAULT NULL,
  PRIMARY KEY (`id`)
) ENGINE=InnoDB AUTO_INCREMENT=22 DEFAULT CHARSET=latin1;

--
-- Dumping data for table `scheduled_msg_billing_calculator`
--

/*!40000 ALTER TABLE `scheduled_msg_billing_calculator` DISABLE KEYS */;
INSERT INTO `scheduled_msg_billing_calculator` (`id`,`contact_group_ids`,`max_message_count`,`sender_id`,`message_content`,`calculated_bill_amount`,`client_id`,`created_by`,`created_at`,`updated_at`,`status`,`run_id`,`description`) VALUES 
 (1,'13',2.0000,'MTECH',NULL,0.0000,2,8,'2020-11-06 14:30:01','2020-11-06 14:38:21','billingCalculationFailed',0,'contact group id \'13\' did not have valid meta data summary'),
 (2,'13',20.0000,'MTECH','Happy Jamuhuddri Day',0.0000,2,8,'2020-11-06 14:36:36','2020-11-06 14:38:21','billingCalculationFailed',0,'contact group id \'13\' did not have valid meta data summary'),
 (3,'73',38.0000,'MTECH','Hello <FIELD1>, your second name is <FIELD2>',3.0000,2,7,'2020-11-06 15:00:18','2020-11-06 17:16:16','processed',0,'{\"1\":{\"pages\":1,\"count\":2,\"bill\":3,\"average_message_length\":38,\"sp\":1.5,\"n_name\":\"SAFARICOM\"}}'),
 (4,'76',5.0000,'MTECH','Test',0.0000,2,37,'2020-11-09 15:04:18','2020-11-09 15:04:18','billingCalculationFailed',0,'contact group id \'76\' did not have valid meta data summary'),
 (5,'76',5.0000,'MTECH','Test',0.0000,2,37,'2020-11-09 15:05:38','2020-11-09 15:05:38','billingCalculationFailed',0,'contact group id \'76\' did not have valid meta data summary'),
 (6,'76',5.0000,'MTECH','Test',0.0000,2,37,'2020-11-09 15:16:56','2020-11-09 15:16:56','billingCalculationFailed',0,'contact group id \'76\' did not have valid meta data summary'),
 (7,'76',5.0000,'MTECH','Test',0.0000,2,37,'2020-11-09 15:17:10','2020-11-09 15:17:10','billingCalculationFailed',0,'contact group id \'76\' did not have valid meta data summary'),
 (8,'76',5.0000,'MTECH','Test',0.0000,2,37,'2020-11-09 15:17:17','2020-11-09 15:17:17','billingCalculationFailed',0,'contact group id \'76\' did not have valid meta data summary'),
 (9,'76',4.0000,'MTECH','test<NAME><BALANCE><NAME>',0.0000,2,37,'2020-11-09 15:18:19','2020-11-09 15:18:19','billingCalculationFailed',0,'contact group id \'76\' did not have valid meta data summary'),
 (10,'76',22.0000,'MTECH','Hey , <NAME> your balance is<BALANCE>',0.0000,2,37,'2020-11-09 15:23:35','2020-11-09 15:23:35','billingCalculationFailed',0,'contact group id \'76\' did not have valid meta data summary'),
 (11,'76',22.0000,'MTECH','Hey , <NAME> your balance is<BALANCE>',0.0000,2,37,'2020-11-09 15:24:16','2020-11-09 15:24:16','billingCalculationFailed',0,'contact group id \'76\' did not have valid meta data summary'),
 (12,'76',22.0000,'MTECH','Hey , <NAME> your balance is<BALANCE>',0.0000,2,37,'2020-11-09 15:25:02','2020-11-09 15:25:02','billingCalculationFailed',0,'contact group id \'76\' did not have valid meta data summary'),
 (13,'76',10.0000,'MTECH','Hey there!',0.0000,2,37,'2020-11-09 15:26:11','2020-11-09 15:26:11','billingCalculationFailed',0,'contact group id \'76\' did not have valid meta data summary'),
 (14,'76',9.0000,'MTECH','Hey <NAME> test<BALANCE>',0.0000,2,37,'2020-11-10 10:22:33','2020-11-10 10:22:33','billingCalculationFailed',0,'contact group id \'76\' did not have valid meta data summary'),
 (15,'76',9.0000,'MTECH','Hey <NAME> test<BALANCE>',0.0000,2,37,'2020-11-10 10:22:40','2020-11-10 10:22:40','billingCalculationFailed',0,'contact group id \'76\' did not have valid meta data summary'),
 (16,'78',18.0000,'MTECH','Happy Jamuhuri Day',3.0000,2,4,'2020-11-12 08:16:07','2020-11-12 08:16:07','scheduled',0,'{\"1\":{\"pages\":1,\"count\":2,\"bill\":3,\"average_message_length\":18,\"sp\":1.5,\"n_name\":\"SAFARICOM\"}}'),
 (17,'27',49.6700,'MTECH','Dear <NAME>, <BALANCE>, <ID>, <POSITION>,<LOCATION>',0.0000,2,4,'2020-11-18 09:43:10','2020-11-18 11:56:28','billingCalculationFailed',0,'contact group id \'27\' did not have valid meta data summary'),
 (18,'27',49.6700,'MTECH','Dear <NAME>, <BALANCE>, <ID>,<POSITION>, <LOCATION>',0.0000,2,4,'2020-11-18 11:52:36','2020-11-18 11:56:28','billingCalculationFailed',0,'contact group id \'27\' did not have valid meta data summary'),
 (19,'27',49.6700,'MTECH','Dear<NAME>, <BALANCE>, <ID>, <POSITION>, <LOCATION>',0.0000,2,4,'2020-11-18 11:58:57','2020-11-18 11:58:57','billingCalculationFailed',0,'contact group id \'27\' did not have valid meta data summary'),
 (20,'78',47.0000,'MTECH','Dear <NAME>, <BALANCE>, <ID>, <POSITION>, <LOCATION>',3.0000,2,4,'2020-11-18 12:04:46','2020-11-18 12:04:46','scheduled',0,'{\"1\":{\"pages\":1,\"count\":2,\"bill\":3,\"average_message_length\":47,\"sp\":1.5,\"n_name\":\"SAFARICOM\"}}'),
 (21,'42',8.0000,'MTECH','test sms',0.0000,3,18,'2021-03-17 01:16:46',NULL,'pending',0,NULL);
/*!40000 ALTER TABLE `scheduled_msg_billing_calculator` ENABLE KEYS */;


--
-- Definition of table `scheduled_payments`
--

DROP TABLE IF EXISTS `scheduled_payments`;
CREATE TABLE `scheduled_payments` (
  `id` bigint(20) unsigned NOT NULL AUTO_INCREMENT,
  `contact_group_id` int(11) NOT NULL,
  `scheduled_at` timestamp NOT NULL DEFAULT current_timestamp() ON UPDATE current_timestamp(),
  `uuid` varchar(255) COLLATE utf8mb4_unicode_ci NOT NULL,
  `client_id` int(11) NOT NULL,
  `created_by` int(11) NOT NULL,
  `created_at` timestamp NULL DEFAULT NULL,
  `updated_at` timestamp NULL DEFAULT NULL,
  `completed_at` timestamp NULL DEFAULT NULL,
  `status` varchar(255) COLLATE utf8mb4_unicode_ci NOT NULL DEFAULT 'scheduled',
  PRIMARY KEY (`id`)
) ENGINE=InnoDB DEFAULT CHARSET=utf8mb4 COLLATE=utf8mb4_unicode_ci;

--
-- Dumping data for table `scheduled_payments`
--

/*!40000 ALTER TABLE `scheduled_payments` DISABLE KEYS */;
/*!40000 ALTER TABLE `scheduled_payments` ENABLE KEYS */;


--
-- Definition of table `scheduled_pesalink`
--

DROP TABLE IF EXISTS `scheduled_pesalink`;
CREATE TABLE `scheduled_pesalink` (
  `id` bigint(20) unsigned NOT NULL AUTO_INCREMENT,
  `contact_group_id` int(11) NOT NULL,
  `scheduled_at` timestamp NOT NULL DEFAULT current_timestamp() ON UPDATE current_timestamp(),
  `uuid` varchar(255) CHARACTER SET utf8mb4 COLLATE utf8mb4_unicode_ci NOT NULL,
  `client_id` int(11) NOT NULL,
  `created_by` int(11) NOT NULL,
  `created_at` timestamp NULL DEFAULT NULL,
  `updated_at` timestamp NULL DEFAULT NULL,
  `completed_at` timestamp NULL DEFAULT NULL,
  `status` varchar(255) CHARACTER SET utf8mb4 COLLATE utf8mb4_unicode_ci NOT NULL DEFAULT 'scheduled',
  PRIMARY KEY (`id`)
) ENGINE=InnoDB DEFAULT CHARSET=latin1;

--
-- Dumping data for table `scheduled_pesalink`
--

/*!40000 ALTER TABLE `scheduled_pesalink` DISABLE KEYS */;
/*!40000 ALTER TABLE `scheduled_pesalink` ENABLE KEYS */;


--
-- Definition of table `sender_ids`
--

DROP TABLE IF EXISTS `sender_ids`;
CREATE TABLE `sender_ids` (
  `id` bigint(20) unsigned NOT NULL AUTO_INCREMENT,
  `name` varchar(255) COLLATE utf8mb4_unicode_ci NOT NULL,
  `outgoing_sender_id` bigint(20) unsigned DEFAULT NULL,
  `incoming_sender_id` bigint(20) unsigned DEFAULT NULL,
  `status` varchar(255) COLLATE utf8mb4_unicode_ci NOT NULL DEFAULT 'active',
  `created_at` timestamp NULL DEFAULT NULL,
  `updated_at` timestamp NULL DEFAULT NULL,
  `deleted_at` timestamp NULL DEFAULT NULL,
  `can_optout` int(11) unsigned NOT NULL,
  PRIMARY KEY (`id`)
) ENGINE=InnoDB AUTO_INCREMENT=33 DEFAULT CHARSET=utf8mb4 COLLATE=utf8mb4_unicode_ci;

--
-- Dumping data for table `sender_ids`
--

/*!40000 ALTER TABLE `sender_ids` DISABLE KEYS */;
INSERT INTO `sender_ids` (`id`,`name`,`outgoing_sender_id`,`incoming_sender_id`,`status`,`created_at`,`updated_at`,`deleted_at`,`can_optout`) VALUES 
 (1,'PESALINK',NULL,NULL,'active','2020-06-24 12:08:24',NULL,NULL,0),
 (2,'MTECH',NULL,NULL,'active','2020-06-24 12:08:48',NULL,NULL,0),
 (3,'GoldenPalm',NULL,NULL,'active','2020-07-14 12:13:03',NULL,NULL,0),
 (4,'KenTrade',NULL,NULL,'active','2020-07-14 12:13:38',NULL,NULL,0),
 (5,'GoldenPalm',NULL,NULL,'active','2020-07-16 11:03:39',NULL,NULL,0),
 (6,'Mtech Test',NULL,NULL,'active','2020-10-23 12:00:26','2020-10-23 12:00:26',NULL,0),
 (7,'Captains',NULL,NULL,'active','2020-10-23 13:11:08','2020-10-23 13:11:08',NULL,0),
 (8,'Mtech',NULL,NULL,'active','2020-10-23 13:17:07','2020-10-23 13:17:07',NULL,0),
 (9,'MtechTest2',NULL,NULL,'active','2020-10-23 13:22:50','2021-03-03 10:35:06',NULL,0),
 (31,'TEST',NULL,NULL,'active','2021-02-15 11:09:31','2021-02-15 11:09:31',NULL,0);
/*!40000 ALTER TABLE `sender_ids` ENABLE KEYS */;


--
-- Definition of table `short_codes`
--

DROP TABLE IF EXISTS `short_codes`;
CREATE TABLE `short_codes` (
  `id` bigint(20) unsigned NOT NULL AUTO_INCREMENT,
  `shortcode` varchar(255) COLLATE utf8mb4_unicode_ci NOT NULL,
  `narration` text COLLATE utf8mb4_unicode_ci DEFAULT NULL,
  `network` varchar(255) COLLATE utf8mb4_unicode_ci DEFAULT NULL,
  `is_ondemand` tinyint(1) NOT NULL DEFAULT 0,
  `status` varchar(255) COLLATE utf8mb4_unicode_ci NOT NULL DEFAULT 'active',
  `created_at` timestamp NULL DEFAULT NULL,
  `updated_at` timestamp NULL DEFAULT NULL,
  `deleted_at` timestamp NULL DEFAULT NULL,
  PRIMARY KEY (`id`)
) ENGINE=InnoDB AUTO_INCREMENT=5 DEFAULT CHARSET=utf8mb4 COLLATE=utf8mb4_unicode_ci;

--
-- Dumping data for table `short_codes`
--

/*!40000 ALTER TABLE `short_codes` DISABLE KEYS */;
INSERT INTO `short_codes` (`id`,`shortcode`,`narration`,`network`,`is_ondemand`,`status`,`created_at`,`updated_at`,`deleted_at`) VALUES 
 (1,'29909','Opt out message','Safaricom',1,'active','2020-08-09 04:44:48',NULL,NULL),
 (2,'29929','Airtel test shortcode','Safaricom',1,'active','2020-10-23 12:19:31','2020-10-23 12:19:31',NULL),
 (3,'66666','Testing shortcode','Safaricom',1,'active','2020-10-23 13:32:00','2020-10-23 13:32:00',NULL),
 (4,'3333','narration','safaricom',1,'in-active','2021-02-25 15:40:45','2021-02-25 15:40:45',NULL);
/*!40000 ALTER TABLE `short_codes` ENABLE KEYS */;


--
-- Definition of table `surveyallowedparticipants`
--

DROP TABLE IF EXISTS `surveyallowedparticipants`;
CREATE TABLE `surveyallowedparticipants` (
  `participantID` int(11) NOT NULL AUTO_INCREMENT,
  `surveyID` int(11) NOT NULL,
  `MSISDN` bigint(14) DEFAULT NULL,
  `emailAddress` varchar(50) DEFAULT NULL,
  `status` int(11) NOT NULL,
  `inviteTime` datetime DEFAULT NULL,
  `createdBy` int(11) NOT NULL,
  `updatedBy` int(11) NOT NULL,
  `dateCreated` datetime NOT NULL,
  `dateModified` timestamp NOT NULL DEFAULT current_timestamp() ON UPDATE current_timestamp(),
  `resends` int(11) DEFAULT 0,
  `lastReminderDate` datetime DEFAULT NULL,
  `nextReminderDate` datetime DEFAULT NULL,
  `welcomeMessage` varchar(200) NOT NULL,
  `thankyouMessage` varchar(200) NOT NULL,
  PRIMARY KEY (`participantID`),
  KEY `surveyID` (`surveyID`),
  CONSTRAINT `surveyAllowedParticipants_ibfk_1` FOREIGN KEY (`surveyID`) REFERENCES `surveys` (`surveyID`) ON DELETE CASCADE
) ENGINE=InnoDB DEFAULT CHARSET=latin1;

--
-- Dumping data for table `surveyallowedparticipants`
--

/*!40000 ALTER TABLE `surveyallowedparticipants` DISABLE KEYS */;
/*!40000 ALTER TABLE `surveyallowedparticipants` ENABLE KEYS */;


--
-- Definition of table `surveyallowedparticipantsdeleted`
--

DROP TABLE IF EXISTS `surveyallowedparticipantsdeleted`;
CREATE TABLE `surveyallowedparticipantsdeleted` (
  `participantID` int(11) NOT NULL AUTO_INCREMENT,
  `surveyID` int(11) NOT NULL,
  `MSISDN` bigint(14) NOT NULL,
  `emailAddress` varchar(50) DEFAULT NULL,
  `status` int(11) NOT NULL,
  `inviteTime` datetime DEFAULT NULL,
  `createdBy` int(11) NOT NULL,
  `updatedBy` int(11) NOT NULL,
  `dateCreated` datetime NOT NULL,
  `dateModified` timestamp NOT NULL DEFAULT current_timestamp() ON UPDATE current_timestamp(),
  `resends` int(11) DEFAULT 0,
  `lastReminderDate` datetime DEFAULT NULL,
  `nextReminderDate` datetime DEFAULT NULL,
  PRIMARY KEY (`participantID`),
  KEY `surveyID` (`surveyID`)
) ENGINE=InnoDB AUTO_INCREMENT=258358 DEFAULT CHARSET=latin1;

--
-- Dumping data for table `surveyallowedparticipantsdeleted`
--

/*!40000 ALTER TABLE `surveyallowedparticipantsdeleted` DISABLE KEYS */;
INSERT INTO `surveyallowedparticipantsdeleted` (`participantID`,`surveyID`,`MSISDN`,`emailAddress`,`status`,`inviteTime`,`createdBy`,`updatedBy`,`dateCreated`,`dateModified`,`resends`,`lastReminderDate`,`nextReminderDate`) VALUES 
 (258069,168,254700483264,NULL,1,'2019-09-03 16:52:29',263,263,'2019-09-03 16:52:44','2019-09-03 16:52:44',0,'2019-09-03 16:52:29',NULL),
 (258070,168,254701001793,NULL,1,'2019-09-03 16:52:29',263,263,'2019-09-03 16:52:44','2019-09-03 16:52:44',0,'2019-09-03 16:52:29',NULL),
 (258071,168,254701682437,NULL,1,'2019-09-03 16:52:29',263,263,'2019-09-03 16:52:44','2019-09-03 16:52:44',0,'2019-09-03 16:52:29',NULL),
 (258072,168,254702319858,NULL,1,'2019-09-03 16:52:29',263,263,'2019-09-03 16:52:44','2019-09-03 16:52:44',0,'2019-09-03 16:52:29',NULL),
 (258073,168,254702875450,NULL,1,'2019-09-03 16:52:29',263,263,'2019-09-03 16:52:44','2019-09-03 16:52:44',0,'2019-09-03 16:52:29',NULL),
 (258074,168,254703257570,NULL,1,'2019-09-03 16:52:29',263,263,'2019-09-03 16:52:44','2019-09-03 16:52:44',0,'2019-09-03 16:52:29',NULL),
 (258075,168,254703699288,NULL,1,'2019-09-03 16:52:29',263,263,'2019-09-03 16:52:44','2019-09-03 16:52:44',0,'2019-09-03 16:52:29',NULL),
 (258076,168,254704362196,NULL,1,'2019-09-03 16:52:29',263,263,'2019-09-03 16:52:44','2019-09-03 16:52:44',0,'2019-09-03 16:52:29',NULL),
 (258077,168,254704522939,NULL,1,'2019-09-03 16:52:29',263,263,'2019-09-03 16:52:44','2019-09-03 16:52:44',0,'2019-09-03 16:52:29',NULL),
 (258078,168,254704952411,NULL,1,'2019-09-03 16:52:29',263,263,'2019-09-03 16:52:44','2019-09-03 16:52:44',0,'2019-09-03 16:52:29',NULL),
 (258079,168,254705012945,NULL,1,'2019-09-03 16:52:29',263,263,'2019-09-03 16:52:44','2019-09-03 16:52:44',0,'2019-09-03 16:52:29',NULL),
 (258080,168,254705173866,NULL,1,'2019-09-03 16:52:29',263,263,'2019-09-03 16:52:44','2019-09-03 16:52:44',0,'2019-09-03 16:52:29',NULL),
 (258081,168,254707083627,NULL,1,'2019-09-03 16:52:29',263,263,'2019-09-03 16:52:44','2019-09-03 16:52:44',0,'2019-09-03 16:52:29',NULL),
 (258082,168,254707564161,NULL,1,'2019-09-03 16:52:29',263,263,'2019-09-03 16:52:44','2019-09-03 16:52:44',0,'2019-09-03 16:52:29',NULL),
 (258083,168,254707613329,NULL,1,'2019-09-03 16:52:29',263,263,'2019-09-03 16:52:44','2019-09-03 16:52:44',0,'2019-09-03 16:52:29',NULL),
 (258084,168,254708513560,NULL,1,'2019-09-03 16:52:29',263,263,'2019-09-03 16:52:44','2019-09-03 16:52:44',0,'2019-09-03 16:52:29',NULL),
 (258085,168,254708666648,NULL,1,'2019-09-03 16:52:29',263,263,'2019-09-03 16:52:44','2019-09-03 16:52:44',0,'2019-09-03 16:52:29',NULL),
 (258086,168,254710316135,NULL,1,'2019-09-03 16:52:29',263,263,'2019-09-03 16:52:44','2019-09-03 16:52:44',0,'2019-09-03 16:52:29',NULL),
 (258087,168,254710629295,NULL,1,'2019-09-03 16:52:29',263,263,'2019-09-03 16:52:44','2019-09-03 16:52:44',0,'2019-09-03 16:52:29',NULL),
 (258088,168,254710800040,NULL,1,'2019-09-03 16:52:29',263,263,'2019-09-03 16:52:44','2019-09-03 16:52:44',0,'2019-09-03 16:52:29',NULL),
 (258089,168,254710839925,NULL,1,'2019-09-03 16:52:29',263,263,'2019-09-03 16:52:44','2019-09-03 16:52:44',0,'2019-09-03 16:52:29',NULL),
 (258090,168,254710938999,NULL,1,'2019-09-03 16:52:29',263,263,'2019-09-03 16:52:44','2019-09-03 16:52:44',0,'2019-09-03 16:52:29',NULL),
 (258091,168,254711366366,NULL,1,'2019-09-03 16:52:29',263,263,'2019-09-03 16:52:44','2019-09-03 16:52:44',0,'2019-09-03 16:52:29',NULL),
 (258092,168,254711465316,NULL,1,'2019-09-03 16:52:29',263,263,'2019-09-03 16:52:44','2019-09-03 16:52:44',0,'2019-09-03 16:52:29',NULL),
 (258093,168,254711571261,NULL,1,'2019-09-03 16:52:29',263,263,'2019-09-03 16:52:44','2019-09-03 16:52:44',0,'2019-09-03 16:52:29',NULL),
 (258094,168,254711690717,NULL,1,'2019-09-03 16:52:29',263,263,'2019-09-03 16:52:44','2019-09-03 16:52:44',0,'2019-09-03 16:52:29',NULL),
 (258095,168,254711695722,NULL,1,'2019-09-03 16:52:29',263,263,'2019-09-03 16:52:44','2019-09-03 16:52:44',0,'2019-09-03 16:52:29',NULL),
 (258096,168,254712119230,NULL,1,'2019-09-03 16:52:29',263,263,'2019-09-03 16:52:44','2019-09-03 16:52:44',0,'2019-09-03 16:52:29',NULL),
 (258097,168,254712248572,NULL,1,'2019-09-03 16:52:29',263,263,'2019-09-03 16:52:44','2019-09-03 16:52:44',0,'2019-09-03 16:52:29',NULL),
 (258098,168,254713320806,NULL,1,'2019-09-03 16:52:29',263,263,'2019-09-03 16:52:44','2019-09-03 16:52:44',0,'2019-09-03 16:52:29',NULL),
 (258099,168,254713434826,NULL,1,'2019-09-03 16:52:29',263,263,'2019-09-03 16:52:44','2019-09-03 16:52:44',0,'2019-09-03 16:52:29',NULL),
 (258100,168,254713757903,NULL,1,'2019-09-03 16:52:29',263,263,'2019-09-03 16:52:44','2019-09-03 16:52:44',0,'2019-09-03 16:52:29',NULL),
 (258101,168,254714033950,NULL,1,'2019-09-03 16:52:29',263,263,'2019-09-03 16:52:44','2019-09-03 16:52:44',0,'2019-09-03 16:52:29',NULL),
 (258102,168,254714221156,NULL,1,'2019-09-03 16:52:29',263,263,'2019-09-03 16:52:44','2019-09-03 16:52:44',0,'2019-09-03 16:52:29',NULL),
 (258103,168,254714660011,NULL,1,'2019-09-03 16:52:29',263,263,'2019-09-03 16:52:44','2019-09-03 16:52:44',0,'2019-09-03 16:52:29',NULL),
 (258104,168,254714803330,NULL,1,'2019-09-03 16:52:29',263,263,'2019-09-03 16:52:44','2019-09-03 16:52:44',0,'2019-09-03 16:52:29',NULL),
 (258105,168,254714808513,NULL,1,'2019-09-03 16:52:29',263,263,'2019-09-03 16:52:44','2019-09-03 16:52:44',0,'2019-09-03 16:52:29',NULL),
 (258106,168,254715291480,NULL,1,'2019-09-03 16:52:29',263,263,'2019-09-03 16:52:44','2019-09-03 16:52:44',0,'2019-09-03 16:52:29',NULL),
 (258107,168,254715641348,NULL,1,'2019-09-03 16:52:29',263,263,'2019-09-03 16:52:44','2019-09-03 16:52:44',0,'2019-09-03 16:52:29',NULL),
 (258108,168,254715832015,NULL,1,'2019-09-03 16:52:29',263,263,'2019-09-03 16:52:44','2019-09-03 16:52:44',0,'2019-09-03 16:52:29',NULL),
 (258109,168,254716208496,NULL,1,'2019-09-03 16:52:29',263,263,'2019-09-03 16:52:44','2019-09-03 16:52:44',0,'2019-09-03 16:52:29',NULL),
 (258110,168,254716466267,NULL,1,'2019-09-03 16:52:29',263,263,'2019-09-03 16:52:44','2019-09-03 16:52:44',0,'2019-09-03 16:52:29',NULL),
 (258111,168,254717054113,NULL,1,'2019-09-03 16:52:29',263,263,'2019-09-03 16:52:44','2019-09-03 16:52:44',0,'2019-09-03 16:52:29',NULL),
 (258112,168,254717249429,NULL,1,'2019-09-03 16:52:29',263,263,'2019-09-03 16:52:44','2019-09-03 16:52:44',0,'2019-09-03 16:52:29',NULL),
 (258113,168,254717331246,NULL,1,'2019-09-03 16:52:29',263,263,'2019-09-03 16:52:44','2019-09-03 16:52:44',0,'2019-09-03 16:52:29',NULL),
 (258114,168,254717718786,NULL,1,'2019-09-03 16:52:29',263,263,'2019-09-03 16:52:44','2019-09-03 16:52:44',0,'2019-09-03 16:52:29',NULL),
 (258115,168,254718286333,NULL,1,'2019-09-03 16:52:29',263,263,'2019-09-03 16:52:44','2019-09-03 16:52:44',0,'2019-09-03 16:52:29',NULL),
 (258116,168,254719570629,NULL,1,'2019-09-03 16:52:29',263,263,'2019-09-03 16:52:44','2019-09-03 16:52:44',0,'2019-09-03 16:52:29',NULL),
 (258117,168,254719670089,NULL,1,'2019-09-03 16:52:29',263,263,'2019-09-03 16:52:44','2019-09-03 16:52:44',0,'2019-09-03 16:52:29',NULL),
 (258118,168,254720029993,NULL,1,'2019-09-03 16:52:29',263,263,'2019-09-03 16:52:44','2019-09-03 16:52:44',0,'2019-09-03 16:52:29',NULL),
 (258119,168,254720042652,NULL,1,'2019-09-03 16:52:29',263,263,'2019-09-03 16:52:44','2019-09-03 16:52:44',0,'2019-09-03 16:52:29',NULL),
 (258120,168,254720206518,NULL,1,'2019-09-03 16:52:29',263,263,'2019-09-03 16:52:44','2019-09-03 16:52:44',0,'2019-09-03 16:52:29',NULL),
 (258121,168,254720233233,NULL,1,'2019-09-03 16:52:29',263,263,'2019-09-03 16:52:44','2019-09-03 16:52:44',0,'2019-09-03 16:52:29',NULL),
 (258122,168,254720266527,NULL,1,'2019-09-03 16:52:29',263,263,'2019-09-03 16:52:44','2019-09-03 16:52:44',0,'2019-09-03 16:52:29',NULL),
 (258123,168,254720289300,NULL,1,'2019-09-03 16:52:29',263,263,'2019-09-03 16:52:44','2019-09-03 16:52:44',0,'2019-09-03 16:52:29',NULL),
 (258124,168,254720309229,NULL,1,'2019-09-03 16:52:29',263,263,'2019-09-03 16:52:44','2019-09-03 16:52:44',0,'2019-09-03 16:52:29',NULL),
 (258125,168,254720316867,NULL,1,'2019-09-03 16:52:29',263,263,'2019-09-03 16:52:44','2019-09-03 16:52:44',0,'2019-09-03 16:52:29',NULL),
 (258126,168,254720371900,NULL,1,'2019-09-03 16:52:29',263,263,'2019-09-03 16:52:44','2019-09-03 16:52:44',0,'2019-09-03 16:52:29',NULL),
 (258127,168,254720438443,NULL,1,'2019-09-03 16:52:29',263,263,'2019-09-03 16:52:44','2019-09-03 16:52:44',0,'2019-09-03 16:52:29',NULL),
 (258128,168,254720464020,NULL,1,'2019-09-03 16:52:29',263,263,'2019-09-03 16:52:44','2019-09-03 16:52:44',0,'2019-09-03 16:52:29',NULL),
 (258129,168,254720472573,NULL,1,'2019-09-03 16:52:29',263,263,'2019-09-03 16:52:44','2019-09-03 16:52:44',0,'2019-09-03 16:52:29',NULL),
 (258130,168,254720482811,NULL,1,'2019-09-03 16:52:29',263,263,'2019-09-03 16:52:44','2019-09-03 16:52:44',0,'2019-09-03 16:52:29',NULL),
 (258131,168,254720515170,NULL,1,'2019-09-03 16:52:29',263,263,'2019-09-03 16:52:44','2019-09-03 16:52:44',0,'2019-09-03 16:52:29',NULL),
 (258132,168,254720537152,NULL,1,'2019-09-03 16:52:29',263,263,'2019-09-03 16:52:44','2019-09-03 16:52:44',0,'2019-09-03 16:52:29',NULL),
 (258133,168,254720552305,NULL,1,'2019-09-03 16:52:29',263,263,'2019-09-03 16:52:44','2019-09-03 16:52:44',0,'2019-09-03 16:52:29',NULL),
 (258134,168,254720586843,NULL,1,'2019-09-03 16:52:29',263,263,'2019-09-03 16:52:44','2019-09-03 16:52:44',0,'2019-09-03 16:52:29',NULL),
 (258135,168,254720657213,NULL,1,'2019-09-03 16:52:29',263,263,'2019-09-03 16:52:44','2019-09-03 16:52:44',0,'2019-09-03 16:52:29',NULL),
 (258136,168,254720776171,NULL,1,'2019-09-03 16:52:29',263,263,'2019-09-03 16:52:44','2019-09-03 16:52:44',0,'2019-09-03 16:52:29',NULL),
 (258137,168,254720806387,NULL,1,'2019-09-03 16:52:29',263,263,'2019-09-03 16:52:44','2019-09-03 16:52:44',0,'2019-09-03 16:52:29',NULL),
 (258138,168,254720814048,NULL,1,'2019-09-03 16:52:29',263,263,'2019-09-03 16:52:44','2019-09-03 16:52:44',0,'2019-09-03 16:52:29',NULL),
 (258139,168,254720823716,NULL,1,'2019-09-03 16:52:29',263,263,'2019-09-03 16:52:44','2019-09-03 16:52:44',0,'2019-09-03 16:52:29',NULL),
 (258140,168,254720828819,NULL,1,'2019-09-03 16:52:29',263,263,'2019-09-03 16:52:44','2019-09-03 16:52:44',0,'2019-09-03 16:52:29',NULL),
 (258141,168,254720866461,NULL,1,'2019-09-03 16:52:29',263,263,'2019-09-03 16:52:44','2019-09-03 16:52:44',0,'2019-09-03 16:52:29',NULL),
 (258142,168,254720969470,NULL,1,'2019-09-03 16:52:29',263,263,'2019-09-03 16:52:44','2019-09-03 16:52:44',0,'2019-09-03 16:52:29',NULL),
 (258143,168,254720984839,NULL,1,'2019-09-03 16:52:29',263,263,'2019-09-03 16:52:44','2019-09-03 16:52:44',0,'2019-09-03 16:52:29',NULL),
 (258144,168,254720990648,NULL,1,'2019-09-03 16:52:29',263,263,'2019-09-03 16:52:44','2019-09-03 16:52:44',0,'2019-09-03 16:52:29',NULL),
 (258145,168,254721118705,NULL,1,'2019-09-03 16:52:29',263,263,'2019-09-03 16:52:44','2019-09-03 16:52:44',0,'2019-09-03 16:52:29',NULL),
 (258146,168,254721150366,NULL,1,'2019-09-03 16:52:29',263,263,'2019-09-03 16:52:44','2019-09-03 16:52:44',0,'2019-09-03 16:52:29',NULL),
 (258147,168,254721201724,NULL,1,'2019-09-03 16:52:29',263,263,'2019-09-03 16:52:44','2019-09-03 16:52:44',0,'2019-09-03 16:52:29',NULL),
 (258148,168,254721219404,NULL,1,'2019-09-03 16:52:29',263,263,'2019-09-03 16:52:44','2019-09-03 16:52:44',0,'2019-09-03 16:52:29',NULL),
 (258149,168,254721247102,NULL,1,'2019-09-03 16:52:29',263,263,'2019-09-03 16:52:44','2019-09-03 16:52:44',0,'2019-09-03 16:52:29',NULL),
 (258150,168,254721329562,NULL,1,'2019-09-03 16:52:29',263,263,'2019-09-03 16:52:44','2019-09-03 16:52:44',0,'2019-09-03 16:52:29',NULL),
 (258151,168,254721335725,NULL,1,'2019-09-03 16:52:29',263,263,'2019-09-03 16:52:44','2019-09-03 16:52:44',0,'2019-09-03 16:52:29',NULL),
 (258152,168,254721338934,NULL,1,'2019-09-03 16:52:29',263,263,'2019-09-03 16:52:44','2019-09-03 16:52:44',0,'2019-09-03 16:52:29',NULL),
 (258153,168,254721341661,NULL,1,'2019-09-03 16:52:29',263,263,'2019-09-03 16:52:44','2019-09-03 16:52:44',0,'2019-09-03 16:52:29',NULL),
 (258154,168,254721349556,NULL,1,'2019-09-03 16:52:29',263,263,'2019-09-03 16:52:44','2019-09-03 16:52:44',0,'2019-09-03 16:52:29',NULL),
 (258155,168,254721349951,NULL,1,'2019-09-03 16:52:29',263,263,'2019-09-03 16:52:44','2019-09-03 16:52:44',0,'2019-09-03 16:52:29',NULL),
 (258156,168,254721358225,NULL,1,'2019-09-03 16:52:29',263,263,'2019-09-03 16:52:44','2019-09-03 16:52:44',0,'2019-09-03 16:52:29',NULL),
 (258157,168,254721409720,NULL,1,'2019-09-03 16:52:29',263,263,'2019-09-03 16:52:44','2019-09-03 16:52:44',0,'2019-09-03 16:52:29',NULL),
 (258158,168,254721417843,NULL,1,'2019-09-03 16:52:29',263,263,'2019-09-03 16:52:44','2019-09-03 16:52:44',0,'2019-09-03 16:52:29',NULL),
 (258159,168,254721458458,NULL,1,'2019-09-03 16:52:29',263,263,'2019-09-03 16:52:44','2019-09-03 16:52:44',0,'2019-09-03 16:52:29',NULL),
 (258160,168,254721494495,NULL,1,'2019-09-03 16:52:29',263,263,'2019-09-03 16:52:44','2019-09-03 16:52:44',0,'2019-09-03 16:52:29',NULL),
 (258161,168,254721496819,NULL,1,'2019-09-03 16:52:29',263,263,'2019-09-03 16:52:44','2019-09-03 16:52:44',0,'2019-09-03 16:52:29',NULL),
 (258162,168,254721511904,NULL,1,'2019-09-03 16:52:29',263,263,'2019-09-03 16:52:44','2019-09-03 16:52:44',0,'2019-09-03 16:52:29',NULL),
 (258163,168,254721520904,NULL,1,'2019-09-03 16:52:29',263,263,'2019-09-03 16:52:44','2019-09-03 16:52:44',0,'2019-09-03 16:52:29',NULL),
 (258164,168,254721520948,NULL,1,'2019-09-03 16:52:29',263,263,'2019-09-03 16:52:44','2019-09-03 16:52:44',0,'2019-09-03 16:52:29',NULL),
 (258165,168,254721526532,NULL,1,'2019-09-03 16:52:29',263,263,'2019-09-03 16:52:44','2019-09-03 16:52:44',0,'2019-09-03 16:52:29',NULL),
 (258166,168,254721537741,NULL,1,'2019-09-03 16:52:29',263,263,'2019-09-03 16:52:44','2019-09-03 16:52:44',0,'2019-09-03 16:52:29',NULL),
 (258167,168,254721553760,NULL,1,'2019-09-03 16:52:29',263,263,'2019-09-03 16:52:44','2019-09-03 16:52:44',0,'2019-09-03 16:52:29',NULL),
 (258168,168,254721563233,NULL,1,'2019-09-03 16:52:29',263,263,'2019-09-03 16:52:44','2019-09-03 16:52:44',0,'2019-09-03 16:52:29',NULL),
 (258169,168,254721577662,NULL,1,'2019-09-03 16:52:29',263,263,'2019-09-03 16:52:44','2019-09-03 16:52:44',0,'2019-09-03 16:52:29',NULL),
 (258170,168,254721596184,NULL,1,'2019-09-03 16:52:29',263,263,'2019-09-03 16:52:44','2019-09-03 16:52:44',0,'2019-09-03 16:52:29',NULL),
 (258171,168,254721620024,NULL,1,'2019-09-03 16:52:29',263,263,'2019-09-03 16:52:44','2019-09-03 16:52:44',0,'2019-09-03 16:52:29',NULL),
 (258172,168,254721620124,NULL,1,'2019-09-03 16:52:29',263,263,'2019-09-03 16:52:44','2019-09-03 16:52:44',0,'2019-09-03 16:52:29',NULL),
 (258173,168,254721695324,NULL,1,'2019-09-03 16:52:29',263,263,'2019-09-03 16:52:44','2019-09-03 16:52:44',0,'2019-09-03 16:52:29',NULL),
 (258174,168,254721708381,NULL,1,'2019-09-03 16:52:29',263,263,'2019-09-03 16:52:44','2019-09-03 16:52:44',0,'2019-09-03 16:52:29',NULL),
 (258175,168,254721714768,NULL,1,'2019-09-03 16:52:29',263,263,'2019-09-03 16:52:44','2019-09-03 16:52:44',0,'2019-09-03 16:52:29',NULL),
 (258176,168,254721779673,NULL,1,'2019-09-03 16:52:29',263,263,'2019-09-03 16:52:44','2019-09-03 16:52:44',0,'2019-09-03 16:52:29',NULL),
 (258177,168,254721789000,NULL,1,'2019-09-03 16:52:29',263,263,'2019-09-03 16:52:44','2019-09-03 16:52:44',0,'2019-09-03 16:52:29',NULL),
 (258178,168,254721806559,NULL,1,'2019-09-03 16:52:29',263,263,'2019-09-03 16:52:44','2019-09-03 16:52:44',0,'2019-09-03 16:52:29',NULL),
 (258179,168,254721837179,NULL,1,'2019-09-03 16:52:29',263,263,'2019-09-03 16:52:44','2019-09-03 16:52:44',0,'2019-09-03 16:52:29',NULL),
 (258180,168,254721862653,NULL,1,'2019-09-03 16:52:29',263,263,'2019-09-03 16:52:44','2019-09-03 16:52:44',0,'2019-09-03 16:52:29',NULL),
 (258181,168,254721888794,NULL,1,'2019-09-03 16:52:29',263,263,'2019-09-03 16:52:44','2019-09-03 16:52:44',0,'2019-09-03 16:52:29',NULL),
 (258182,168,254721950602,NULL,1,'2019-09-03 16:52:29',263,263,'2019-09-03 16:52:44','2019-09-03 16:52:44',0,'2019-09-03 16:52:29',NULL),
 (258183,168,254722124629,NULL,1,'2019-09-03 16:52:29',263,263,'2019-09-03 16:52:44','2019-09-03 16:52:44',0,'2019-09-03 16:52:29',NULL),
 (258184,168,254722170875,NULL,1,'2019-09-03 16:52:29',263,263,'2019-09-03 16:52:44','2019-09-03 16:52:44',0,'2019-09-03 16:52:29',NULL),
 (258185,168,254722222898,NULL,1,'2019-09-03 16:52:29',263,263,'2019-09-03 16:52:44','2019-09-03 16:52:44',0,'2019-09-03 16:52:29',NULL),
 (258186,168,254722225945,NULL,1,'2019-09-03 16:52:29',263,263,'2019-09-03 16:52:44','2019-09-03 16:52:44',0,'2019-09-03 16:52:29',NULL),
 (258187,168,254722226873,NULL,1,'2019-09-03 16:52:29',263,263,'2019-09-03 16:52:44','2019-09-03 16:52:44',0,'2019-09-03 16:52:29',NULL),
 (258188,168,254722263131,NULL,1,'2019-09-03 16:52:29',263,263,'2019-09-03 16:52:44','2019-09-03 16:52:44',0,'2019-09-03 16:52:29',NULL),
 (258189,168,254722278829,NULL,1,'2019-09-03 16:52:29',263,263,'2019-09-03 16:52:44','2019-09-03 16:52:44',0,'2019-09-03 16:52:29',NULL),
 (258190,168,254722305240,NULL,1,'2019-09-03 16:52:29',263,263,'2019-09-03 16:52:44','2019-09-03 16:52:44',0,'2019-09-03 16:52:29',NULL),
 (258191,168,254722313718,NULL,1,'2019-09-03 16:52:29',263,263,'2019-09-03 16:52:44','2019-09-03 16:52:44',0,'2019-09-03 16:52:29',NULL),
 (258192,168,254722327760,NULL,1,'2019-09-03 16:52:29',263,263,'2019-09-03 16:52:44','2019-09-03 16:52:44',0,'2019-09-03 16:52:29',NULL),
 (258193,168,254722345332,NULL,1,'2019-09-03 16:52:29',263,263,'2019-09-03 16:52:44','2019-09-03 16:52:44',0,'2019-09-03 16:52:29',NULL),
 (258194,168,254722375992,NULL,1,'2019-09-03 16:52:29',263,263,'2019-09-03 16:52:44','2019-09-03 16:52:44',0,'2019-09-03 16:52:29',NULL),
 (258195,168,254722382980,NULL,1,'2019-09-03 16:52:29',263,263,'2019-09-03 16:52:44','2019-09-03 16:52:44',0,'2019-09-03 16:52:29',NULL),
 (258196,168,254722387357,NULL,1,'2019-09-03 16:52:29',263,263,'2019-09-03 16:52:44','2019-09-03 16:52:44',0,'2019-09-03 16:52:29',NULL),
 (258197,168,254722389430,NULL,1,'2019-09-03 16:52:29',263,263,'2019-09-03 16:52:44','2019-09-03 16:52:44',0,'2019-09-03 16:52:29',NULL),
 (258198,168,254722402152,NULL,1,'2019-09-03 16:52:29',263,263,'2019-09-03 16:52:44','2019-09-03 16:52:44',0,'2019-09-03 16:52:29',NULL),
 (258199,168,254722431850,NULL,1,'2019-09-03 16:52:29',263,263,'2019-09-03 16:52:44','2019-09-03 16:52:44',0,'2019-09-03 16:52:29',NULL),
 (258200,168,254722432128,NULL,1,'2019-09-03 16:52:29',263,263,'2019-09-03 16:52:44','2019-09-03 16:52:44',0,'2019-09-03 16:52:29',NULL),
 (258201,168,254722433530,NULL,1,'2019-09-03 16:52:29',263,263,'2019-09-03 16:52:44','2019-09-03 16:52:44',0,'2019-09-03 16:52:29',NULL),
 (258202,168,254722486824,NULL,1,'2019-09-03 16:52:29',263,263,'2019-09-03 16:52:44','2019-09-03 16:52:44',0,'2019-09-03 16:52:29',NULL),
 (258203,168,254722501217,NULL,1,'2019-09-03 16:52:29',263,263,'2019-09-03 16:52:44','2019-09-03 16:52:44',0,'2019-09-03 16:52:29',NULL),
 (258204,168,254722524344,NULL,1,'2019-09-03 16:52:29',263,263,'2019-09-03 16:52:44','2019-09-03 16:52:44',0,'2019-09-03 16:52:29',NULL),
 (258205,168,254722527527,NULL,1,'2019-09-03 16:52:29',263,263,'2019-09-03 16:52:44','2019-09-03 16:52:44',0,'2019-09-03 16:52:29',NULL),
 (258206,168,254722575807,NULL,1,'2019-09-03 16:52:29',263,263,'2019-09-03 16:52:44','2019-09-03 16:52:44',0,'2019-09-03 16:52:29',NULL),
 (258207,168,254722606065,NULL,1,'2019-09-03 16:52:29',263,263,'2019-09-03 16:52:44','2019-09-03 16:52:44',0,'2019-09-03 16:52:29',NULL),
 (258208,168,254722612977,NULL,1,'2019-09-03 16:52:29',263,263,'2019-09-03 16:52:44','2019-09-03 16:52:44',0,'2019-09-03 16:52:29',NULL),
 (258209,168,254722656165,NULL,1,'2019-09-03 16:52:29',263,263,'2019-09-03 16:52:44','2019-09-03 16:52:44',0,'2019-09-03 16:52:29',NULL),
 (258210,168,254722669477,NULL,1,'2019-09-03 16:52:29',263,263,'2019-09-03 16:52:44','2019-09-03 16:52:44',0,'2019-09-03 16:52:29',NULL),
 (258211,168,254722713310,NULL,1,'2019-09-03 16:52:29',263,263,'2019-09-03 16:52:44','2019-09-03 16:52:44',0,'2019-09-03 16:52:29',NULL),
 (258212,168,254722721006,NULL,1,'2019-09-03 16:52:29',263,263,'2019-09-03 16:52:44','2019-09-03 16:52:44',0,'2019-09-03 16:52:29',NULL),
 (258213,168,254722761963,NULL,1,'2019-09-03 16:52:29',263,263,'2019-09-03 16:52:44','2019-09-03 16:52:44',0,'2019-09-03 16:52:29',NULL),
 (258214,168,254722767461,NULL,1,'2019-09-03 16:52:29',263,263,'2019-09-03 16:52:44','2019-09-03 16:52:44',0,'2019-09-03 16:52:29',NULL),
 (258215,168,254722770231,NULL,1,'2019-09-03 16:52:29',263,263,'2019-09-03 16:52:44','2019-09-03 16:52:44',0,'2019-09-03 16:52:29',NULL),
 (258216,168,254722784806,NULL,1,'2019-09-03 16:52:29',263,263,'2019-09-03 16:52:44','2019-09-03 16:52:44',0,'2019-09-03 16:52:29',NULL),
 (258217,168,254722816609,NULL,1,'2019-09-03 16:52:29',263,263,'2019-09-03 16:52:44','2019-09-03 16:52:44',0,'2019-09-03 16:52:29',NULL),
 (258218,168,254722847762,NULL,1,'2019-09-03 16:52:29',263,263,'2019-09-03 16:52:44','2019-09-03 16:52:44',0,'2019-09-03 16:52:29',NULL),
 (258219,168,254722896315,NULL,1,'2019-09-03 16:52:29',263,263,'2019-09-03 16:52:44','2019-09-03 16:52:44',0,'2019-09-03 16:52:29',NULL),
 (258220,168,254722901007,NULL,1,'2019-09-03 16:52:29',263,263,'2019-09-03 16:52:44','2019-09-03 16:52:44',0,'2019-09-03 16:52:29',NULL),
 (258221,168,254722916047,NULL,1,'2019-09-03 16:52:29',263,263,'2019-09-03 16:52:44','2019-09-03 16:52:44',0,'2019-09-03 16:52:29',NULL),
 (258222,168,254722955415,NULL,1,'2019-09-03 16:52:29',263,263,'2019-09-03 16:52:44','2019-09-03 16:52:44',0,'2019-09-03 16:52:29',NULL),
 (258223,168,254722980624,NULL,1,'2019-09-03 16:52:29',263,263,'2019-09-03 16:52:44','2019-09-03 16:52:44',0,'2019-09-03 16:52:29',NULL),
 (258224,168,254722988402,NULL,1,'2019-09-03 16:52:29',263,263,'2019-09-03 16:52:44','2019-09-03 16:52:44',0,'2019-09-03 16:52:29',NULL),
 (258225,168,254722992902,NULL,1,'2019-09-03 16:52:29',263,263,'2019-09-03 16:52:44','2019-09-03 16:52:44',0,'2019-09-03 16:52:29',NULL),
 (258226,168,254723000260,NULL,1,'2019-09-03 16:52:29',263,263,'2019-09-03 16:52:44','2019-09-03 16:52:44',0,'2019-09-03 16:52:29',NULL),
 (258227,168,254723034772,NULL,1,'2019-09-03 16:52:29',263,263,'2019-09-03 16:52:44','2019-09-03 16:52:44',0,'2019-09-03 16:52:29',NULL),
 (258228,168,254723042920,NULL,1,'2019-09-03 16:52:29',263,263,'2019-09-03 16:52:44','2019-09-03 16:52:44',0,'2019-09-03 16:52:29',NULL),
 (258229,168,254723101560,NULL,1,'2019-09-03 16:52:29',263,263,'2019-09-03 16:52:44','2019-09-03 16:52:44',0,'2019-09-03 16:52:29',NULL),
 (258230,168,254723127544,NULL,1,'2019-09-03 16:52:29',263,263,'2019-09-03 16:52:44','2019-09-03 16:52:44',0,'2019-09-03 16:52:29',NULL),
 (258231,168,254723149047,NULL,1,'2019-09-03 16:52:29',263,263,'2019-09-03 16:52:44','2019-09-03 16:52:44',0,'2019-09-03 16:52:29',NULL),
 (258232,168,254723167474,NULL,1,'2019-09-03 16:52:29',263,263,'2019-09-03 16:52:44','2019-09-03 16:52:44',0,'2019-09-03 16:52:29',NULL),
 (258233,168,254723214646,NULL,1,'2019-09-03 16:52:29',263,263,'2019-09-03 16:52:44','2019-09-03 16:52:44',0,'2019-09-03 16:52:29',NULL),
 (258234,168,254723324567,NULL,1,'2019-09-03 16:52:29',263,263,'2019-09-03 16:52:44','2019-09-03 16:52:44',0,'2019-09-03 16:52:29',NULL),
 (258235,168,254723328152,NULL,1,'2019-09-03 16:52:29',263,263,'2019-09-03 16:52:44','2019-09-03 16:52:44',0,'2019-09-03 16:52:29',NULL),
 (258236,168,254723399209,NULL,1,'2019-09-03 16:52:29',263,263,'2019-09-03 16:52:44','2019-09-03 16:52:44',0,'2019-09-03 16:52:29',NULL),
 (258237,168,254723449538,NULL,1,'2019-09-03 16:52:29',263,263,'2019-09-03 16:52:44','2019-09-03 16:52:44',0,'2019-09-03 16:52:29',NULL),
 (258238,168,254723451881,NULL,1,'2019-09-03 16:52:29',263,263,'2019-09-03 16:52:44','2019-09-03 16:52:44',0,'2019-09-03 16:52:29',NULL),
 (258239,168,254723454410,NULL,1,'2019-09-03 16:52:29',263,263,'2019-09-03 16:52:44','2019-09-03 16:52:44',0,'2019-09-03 16:52:29',NULL),
 (258240,168,254723598536,NULL,1,'2019-09-03 16:52:29',263,263,'2019-09-03 16:52:44','2019-09-03 16:52:44',0,'2019-09-03 16:52:29',NULL),
 (258241,168,254723647587,NULL,1,'2019-09-03 16:52:29',263,263,'2019-09-03 16:52:44','2019-09-03 16:52:44',0,'2019-09-03 16:52:29',NULL),
 (258242,168,254723680290,NULL,1,'2019-09-03 16:52:29',263,263,'2019-09-03 16:52:44','2019-09-03 16:52:44',0,'2019-09-03 16:52:29',NULL),
 (258243,168,254723708478,NULL,1,'2019-09-03 16:52:29',263,263,'2019-09-03 16:52:44','2019-09-03 16:52:44',0,'2019-09-03 16:52:29',NULL),
 (258244,168,254723717337,NULL,1,'2019-09-03 16:52:29',263,263,'2019-09-03 16:52:44','2019-09-03 16:52:44',0,'2019-09-03 16:52:29',NULL),
 (258245,168,254723717604,NULL,1,'2019-09-03 16:52:29',263,263,'2019-09-03 16:52:44','2019-09-03 16:52:44',0,'2019-09-03 16:52:29',NULL),
 (258246,168,254723743045,NULL,1,'2019-09-03 16:52:29',263,263,'2019-09-03 16:52:44','2019-09-03 16:52:44',0,'2019-09-03 16:52:29',NULL),
 (258247,168,254723761551,NULL,1,'2019-09-03 16:52:29',263,263,'2019-09-03 16:52:44','2019-09-03 16:52:44',0,'2019-09-03 16:52:29',NULL),
 (258248,168,254723782140,NULL,1,'2019-09-03 16:52:29',263,263,'2019-09-03 16:52:44','2019-09-03 16:52:44',0,'2019-09-03 16:52:29',NULL),
 (258249,168,254723788631,NULL,1,'2019-09-03 16:52:29',263,263,'2019-09-03 16:52:44','2019-09-03 16:52:44',0,'2019-09-03 16:52:29',NULL),
 (258250,168,254723794979,NULL,1,'2019-09-03 16:52:29',263,263,'2019-09-03 16:52:44','2019-09-03 16:52:44',0,'2019-09-03 16:52:29',NULL),
 (258251,168,254723854133,NULL,1,'2019-09-03 16:52:29',263,263,'2019-09-03 16:52:44','2019-09-03 16:52:44',0,'2019-09-03 16:52:29',NULL),
 (258252,168,254723891019,NULL,1,'2019-09-03 16:52:29',263,263,'2019-09-03 16:52:44','2019-09-03 16:52:44',0,'2019-09-03 16:52:29',NULL),
 (258253,168,254723926279,NULL,1,'2019-09-03 16:52:29',263,263,'2019-09-03 16:52:44','2019-09-03 16:52:44',0,'2019-09-03 16:52:29',NULL),
 (258254,168,254724009686,NULL,1,'2019-09-03 16:52:29',263,263,'2019-09-03 16:52:44','2019-09-03 16:52:44',0,'2019-09-03 16:52:29',NULL),
 (258255,168,254724032734,NULL,1,'2019-09-03 16:52:29',263,263,'2019-09-03 16:52:44','2019-09-03 16:52:44',0,'2019-09-03 16:52:29',NULL),
 (258256,168,254724220590,NULL,1,'2019-09-03 16:52:29',263,263,'2019-09-03 16:52:44','2019-09-03 16:52:44',0,'2019-09-03 16:52:29',NULL),
 (258257,168,254724243086,NULL,1,'2019-09-03 16:52:29',263,263,'2019-09-03 16:52:44','2019-09-03 16:52:44',0,'2019-09-03 16:52:29',NULL),
 (258258,168,254724279741,NULL,1,'2019-09-03 16:52:29',263,263,'2019-09-03 16:52:44','2019-09-03 16:52:44',0,'2019-09-03 16:52:29',NULL),
 (258259,168,254724327711,NULL,1,'2019-09-03 16:52:29',263,263,'2019-09-03 16:52:44','2019-09-03 16:52:44',0,'2019-09-03 16:52:29',NULL),
 (258260,168,254724350200,NULL,1,'2019-09-03 16:52:29',263,263,'2019-09-03 16:52:44','2019-09-03 16:52:44',0,'2019-09-03 16:52:29',NULL),
 (258261,168,254724385139,NULL,1,'2019-09-03 16:52:29',263,263,'2019-09-03 16:52:44','2019-09-03 16:52:44',0,'2019-09-03 16:52:29',NULL),
 (258262,168,254724450718,NULL,1,'2019-09-03 16:52:29',263,263,'2019-09-03 16:52:44','2019-09-03 16:52:44',0,'2019-09-03 16:52:29',NULL),
 (258263,168,254724468647,NULL,1,'2019-09-03 16:52:29',263,263,'2019-09-03 16:52:44','2019-09-03 16:52:44',0,'2019-09-03 16:52:29',NULL),
 (258264,168,254724475952,NULL,1,'2019-09-03 16:52:29',263,263,'2019-09-03 16:52:44','2019-09-03 16:52:44',0,'2019-09-03 16:52:29',NULL),
 (258265,168,254724511698,NULL,1,'2019-09-03 16:52:29',263,263,'2019-09-03 16:52:44','2019-09-03 16:52:44',0,'2019-09-03 16:52:29',NULL),
 (258266,168,254724646882,NULL,1,'2019-09-03 16:52:29',263,263,'2019-09-03 16:52:44','2019-09-03 16:52:44',0,'2019-09-03 16:52:29',NULL),
 (258267,168,254724705299,NULL,1,'2019-09-03 16:52:29',263,263,'2019-09-03 16:52:44','2019-09-03 16:52:44',0,'2019-09-03 16:52:29',NULL),
 (258268,168,254724874387,NULL,1,'2019-09-03 16:52:29',263,263,'2019-09-03 16:52:44','2019-09-03 16:52:44',0,'2019-09-03 16:52:29',NULL),
 (258269,168,254724895823,NULL,1,'2019-09-03 16:52:29',263,263,'2019-09-03 16:52:44','2019-09-03 16:52:44',0,'2019-09-03 16:52:29',NULL),
 (258270,168,254725017929,NULL,1,'2019-09-03 16:52:29',263,263,'2019-09-03 16:52:44','2019-09-03 16:52:44',0,'2019-09-03 16:52:29',NULL),
 (258271,168,254725041884,NULL,1,'2019-09-03 16:52:29',263,263,'2019-09-03 16:52:44','2019-09-03 16:52:44',0,'2019-09-03 16:52:29',NULL),
 (258272,168,254725166888,NULL,1,'2019-09-03 16:52:29',263,263,'2019-09-03 16:52:44','2019-09-03 16:52:44',0,'2019-09-03 16:52:29',NULL),
 (258273,168,254725176582,NULL,1,'2019-09-03 16:52:29',263,263,'2019-09-03 16:52:44','2019-09-03 16:52:44',0,'2019-09-03 16:52:29',NULL),
 (258274,168,254725211410,NULL,1,'2019-09-03 16:52:29',263,263,'2019-09-03 16:52:44','2019-09-03 16:52:44',0,'2019-09-03 16:52:29',NULL),
 (258275,168,254725266546,NULL,1,'2019-09-03 16:52:29',263,263,'2019-09-03 16:52:44','2019-09-03 16:52:44',0,'2019-09-03 16:52:29',NULL),
 (258276,168,254725295163,NULL,1,'2019-09-03 16:52:29',263,263,'2019-09-03 16:52:44','2019-09-03 16:52:44',0,'2019-09-03 16:52:29',NULL),
 (258277,168,254725303988,NULL,1,'2019-09-03 16:52:29',263,263,'2019-09-03 16:52:44','2019-09-03 16:52:44',0,'2019-09-03 16:52:29',NULL),
 (258278,168,254725434001,NULL,1,'2019-09-03 16:52:29',263,263,'2019-09-03 16:52:44','2019-09-03 16:52:44',0,'2019-09-03 16:52:29',NULL),
 (258279,168,254725446553,NULL,1,'2019-09-03 16:52:29',263,263,'2019-09-03 16:52:44','2019-09-03 16:52:44',0,'2019-09-03 16:52:29',NULL),
 (258280,168,254725469034,NULL,1,'2019-09-03 16:52:29',263,263,'2019-09-03 16:52:44','2019-09-03 16:52:44',0,'2019-09-03 16:52:29',NULL),
 (258281,168,254725811333,NULL,1,'2019-09-03 16:52:29',263,263,'2019-09-03 16:52:44','2019-09-03 16:52:44',0,'2019-09-03 16:52:29',NULL),
 (258282,168,254725960816,NULL,1,'2019-09-03 16:52:29',263,263,'2019-09-03 16:52:44','2019-09-03 16:52:44',0,'2019-09-03 16:52:29',NULL),
 (258283,168,254726121151,NULL,1,'2019-09-03 16:52:29',263,263,'2019-09-03 16:52:44','2019-09-03 16:52:44',0,'2019-09-03 16:52:29',NULL),
 (258284,168,254726122649,NULL,1,'2019-09-03 16:52:29',263,263,'2019-09-03 16:52:44','2019-09-03 16:52:44',0,'2019-09-03 16:52:29',NULL),
 (258285,168,254726200420,NULL,1,'2019-09-03 16:52:29',263,263,'2019-09-03 16:52:44','2019-09-03 16:52:44',0,'2019-09-03 16:52:29',NULL),
 (258286,168,254726387062,NULL,1,'2019-09-03 16:52:29',263,263,'2019-09-03 16:52:44','2019-09-03 16:52:44',0,'2019-09-03 16:52:29',NULL),
 (258287,168,254726437848,NULL,1,'2019-09-03 16:52:29',263,263,'2019-09-03 16:52:44','2019-09-03 16:52:44',0,'2019-09-03 16:52:29',NULL),
 (258288,168,254726440064,NULL,1,'2019-09-03 16:52:29',263,263,'2019-09-03 16:52:44','2019-09-03 16:52:44',0,'2019-09-03 16:52:29',NULL),
 (258289,168,254726527642,NULL,1,'2019-09-03 16:52:29',263,263,'2019-09-03 16:52:44','2019-09-03 16:52:44',0,'2019-09-03 16:52:29',NULL),
 (258290,168,254726553214,NULL,1,'2019-09-03 16:52:29',263,263,'2019-09-03 16:52:44','2019-09-03 16:52:44',0,'2019-09-03 16:52:29',NULL),
 (258291,168,254726610554,NULL,1,'2019-09-03 16:52:29',263,263,'2019-09-03 16:52:44','2019-09-03 16:52:44',0,'2019-09-03 16:52:29',NULL),
 (258292,168,254726714539,NULL,1,'2019-09-03 16:52:29',263,263,'2019-09-03 16:52:44','2019-09-03 16:52:44',0,'2019-09-03 16:52:29',NULL),
 (258293,168,254726717541,NULL,1,'2019-09-03 16:52:29',263,263,'2019-09-03 16:52:44','2019-09-03 16:52:44',0,'2019-09-03 16:52:29',NULL),
 (258294,168,254726848892,NULL,1,'2019-09-03 16:52:29',263,263,'2019-09-03 16:52:44','2019-09-03 16:52:44',0,'2019-09-03 16:52:29',NULL),
 (258295,168,254726895813,NULL,1,'2019-09-03 16:52:29',263,263,'2019-09-03 16:52:45','2019-09-03 16:52:45',0,'2019-09-03 16:52:29',NULL),
 (258296,168,254726908370,NULL,1,'2019-09-03 16:52:29',263,263,'2019-09-03 16:52:45','2019-09-03 16:52:45',0,'2019-09-03 16:52:29',NULL),
 (258297,168,254726931800,NULL,1,'2019-09-03 16:52:29',263,263,'2019-09-03 16:52:45','2019-09-03 16:52:45',0,'2019-09-03 16:52:29',NULL),
 (258298,168,254727046015,NULL,1,'2019-09-03 16:52:29',263,263,'2019-09-03 16:52:45','2019-09-03 16:52:45',0,'2019-09-03 16:52:29',NULL),
 (258299,168,254727066128,NULL,1,'2019-09-03 16:52:29',263,263,'2019-09-03 16:52:45','2019-09-03 16:52:45',0,'2019-09-03 16:52:29',NULL),
 (258300,168,254727135625,NULL,1,'2019-09-03 16:52:29',263,263,'2019-09-03 16:52:45','2019-09-03 16:52:45',0,'2019-09-03 16:52:29',NULL),
 (258301,168,254727309593,NULL,1,'2019-09-03 16:52:29',263,263,'2019-09-03 16:52:45','2019-09-03 16:52:45',0,'2019-09-03 16:52:29',NULL),
 (258302,168,254727509938,NULL,1,'2019-09-03 16:52:29',263,263,'2019-09-03 16:52:45','2019-09-03 16:52:45',0,'2019-09-03 16:52:29',NULL),
 (258303,168,254727578815,NULL,1,'2019-09-03 16:52:29',263,263,'2019-09-03 16:52:45','2019-09-03 16:52:45',0,'2019-09-03 16:52:29',NULL),
 (258304,168,254727672264,NULL,1,'2019-09-03 16:52:29',263,263,'2019-09-03 16:52:45','2019-09-03 16:52:45',0,'2019-09-03 16:52:29',NULL),
 (258305,168,254727690229,NULL,1,'2019-09-03 16:52:29',263,263,'2019-09-03 16:52:45','2019-09-03 16:52:45',0,'2019-09-03 16:52:29',NULL),
 (258306,168,254727722513,NULL,1,'2019-09-03 16:52:29',263,263,'2019-09-03 16:52:45','2019-09-03 16:52:45',0,'2019-09-03 16:52:29',NULL),
 (258307,168,254727792094,NULL,1,'2019-09-03 16:52:29',263,263,'2019-09-03 16:52:45','2019-09-03 16:52:45',0,'2019-09-03 16:52:29',NULL),
 (258308,168,254727836229,NULL,1,'2019-09-03 16:52:29',263,263,'2019-09-03 16:52:45','2019-09-03 16:52:45',0,'2019-09-03 16:52:29',NULL),
 (258309,168,254727855515,NULL,1,'2019-09-03 16:52:29',263,263,'2019-09-03 16:52:45','2019-09-03 16:52:45',0,'2019-09-03 16:52:29',NULL),
 (258310,168,254727863463,NULL,1,'2019-09-03 16:52:29',263,263,'2019-09-03 16:52:45','2019-09-03 16:52:45',0,'2019-09-03 16:52:29',NULL),
 (258311,168,254728230339,NULL,1,'2019-09-03 16:52:29',263,263,'2019-09-03 16:52:45','2019-09-03 16:52:45',0,'2019-09-03 16:52:29',NULL),
 (258312,168,254728422073,NULL,1,'2019-09-03 16:52:29',263,263,'2019-09-03 16:52:45','2019-09-03 16:52:45',0,'2019-09-03 16:52:29',NULL),
 (258313,168,254728496979,NULL,1,'2019-09-03 16:52:29',263,263,'2019-09-03 16:52:45','2019-09-03 16:52:45',0,'2019-09-03 16:52:29',NULL),
 (258314,168,254728705207,NULL,1,'2019-09-03 16:52:29',263,263,'2019-09-03 16:52:45','2019-09-03 16:52:45',0,'2019-09-03 16:52:29',NULL),
 (258315,168,254728764070,NULL,1,'2019-09-03 16:52:29',263,263,'2019-09-03 16:52:45','2019-09-03 16:52:45',0,'2019-09-03 16:52:29',NULL),
 (258316,168,254728928657,NULL,1,'2019-09-03 16:52:29',263,263,'2019-09-03 16:52:45','2019-09-03 16:52:45',0,'2019-09-03 16:52:29',NULL),
 (258317,168,254729160987,NULL,1,'2019-09-03 16:52:29',263,263,'2019-09-03 16:52:45','2019-09-03 16:52:45',0,'2019-09-03 16:52:29',NULL),
 (258318,168,254729210612,NULL,1,'2019-09-03 16:52:29',263,263,'2019-09-03 16:52:45','2019-09-03 16:52:45',0,'2019-09-03 16:52:29',NULL),
 (258319,168,254729415214,NULL,1,'2019-09-03 16:52:29',263,263,'2019-09-03 16:52:45','2019-09-03 16:52:45',0,'2019-09-03 16:52:29',NULL),
 (258320,168,254729553304,NULL,1,'2019-09-03 16:52:29',263,263,'2019-09-03 16:52:45','2019-09-03 16:52:45',0,'2019-09-03 16:52:29',NULL),
 (258321,168,254729655544,NULL,1,'2019-09-03 16:52:29',263,263,'2019-09-03 16:52:45','2019-09-03 16:52:45',0,'2019-09-03 16:52:29',NULL),
 (258322,168,254729811287,NULL,1,'2019-09-03 16:52:29',263,263,'2019-09-03 16:52:45','2019-09-03 16:52:45',0,'2019-09-03 16:52:29',NULL),
 (258323,168,254729817369,NULL,1,'2019-09-03 16:52:29',263,263,'2019-09-03 16:52:45','2019-09-03 16:52:45',0,'2019-09-03 16:52:29',NULL),
 (258324,168,254729889986,NULL,1,'2019-09-03 16:52:29',263,263,'2019-09-03 16:52:45','2019-09-03 16:52:45',0,'2019-09-03 16:52:29',NULL),
 (258325,168,254729910796,NULL,1,'2019-09-03 16:52:29',263,263,'2019-09-03 16:52:45','2019-09-03 16:52:45',0,'2019-09-03 16:52:29',NULL),
 (258326,168,254729983096,NULL,1,'2019-09-03 16:52:29',263,263,'2019-09-03 16:52:45','2019-09-03 16:52:45',0,'2019-09-03 16:52:29',NULL),
 (258327,168,254743867459,NULL,1,'2019-09-03 16:52:29',263,263,'2019-09-03 16:52:45','2019-09-03 16:52:45',0,'2019-09-03 16:52:29',NULL),
 (258328,168,254791580059,NULL,1,'2019-09-03 16:52:29',263,263,'2019-09-03 16:52:45','2019-09-03 16:52:45',0,'2019-09-03 16:52:29',NULL),
 (258329,168,254791665933,NULL,1,'2019-09-03 16:52:29',263,263,'2019-09-03 16:52:45','2019-09-03 16:52:45',0,'2019-09-03 16:52:29',NULL),
 (258330,168,254791982820,NULL,1,'2019-09-03 16:52:29',263,263,'2019-09-03 16:52:45','2019-09-03 16:52:45',0,'2019-09-03 16:52:29',NULL),
 (258331,170,254705980100,NULL,1,'2019-09-04 13:48:18',263,263,'2019-09-04 13:48:34','2019-09-04 13:48:34',0,'2019-09-04 13:48:18',NULL),
 (258332,170,254712107619,NULL,1,'2019-09-04 13:48:18',263,263,'2019-09-04 13:48:34','2019-09-04 13:48:34',0,'2019-09-04 13:48:18',NULL),
 (258333,170,254716918224,NULL,1,'2019-09-04 13:48:18',263,263,'2019-09-04 13:48:34','2019-09-04 13:48:34',0,'2019-09-04 13:48:18',NULL),
 (258334,170,254717622991,NULL,1,'2019-09-04 13:48:18',263,263,'2019-09-04 13:48:34','2019-09-04 13:48:34',0,'2019-09-04 13:48:18',NULL),
 (258335,170,254720430798,NULL,1,'2019-09-04 13:48:18',263,263,'2019-09-04 13:48:34','2019-09-04 13:48:34',0,'2019-09-04 13:48:18',NULL),
 (258336,170,254720804285,NULL,1,'2019-09-04 13:48:18',263,263,'2019-09-04 13:48:34','2019-09-04 13:48:34',0,'2019-09-04 13:48:18',NULL),
 (258337,170,254721717514,NULL,1,'2019-09-04 13:48:18',263,263,'2019-09-04 13:48:34','2019-09-04 13:48:34',0,'2019-09-04 13:48:18',NULL),
 (258338,170,254722313559,NULL,1,'2019-09-04 13:48:18',263,263,'2019-09-04 13:48:34','2019-09-04 13:48:34',0,'2019-09-04 13:48:18',NULL),
 (258339,170,254722458833,NULL,1,'2019-09-04 13:48:18',263,263,'2019-09-04 13:48:34','2019-09-04 13:48:34',0,'2019-09-04 13:48:18',NULL),
 (258340,170,254722472753,NULL,1,'2019-09-04 13:48:18',263,263,'2019-09-04 13:48:34','2019-09-04 13:48:34',0,'2019-09-04 13:48:18',NULL),
 (258341,170,254722511548,NULL,1,'2019-09-04 13:48:18',263,263,'2019-09-04 13:48:34','2019-09-04 13:48:34',0,'2019-09-04 13:48:18',NULL),
 (258342,170,254722519787,NULL,1,'2019-09-04 13:48:18',263,263,'2019-09-04 13:48:34','2019-09-04 13:48:34',0,'2019-09-04 13:48:18',NULL),
 (258343,170,254722522809,NULL,1,'2019-09-04 13:48:18',263,263,'2019-09-04 13:48:34','2019-09-04 13:48:34',0,'2019-09-04 13:48:18',NULL),
 (258344,170,254722603273,NULL,1,'2019-09-04 13:48:18',263,263,'2019-09-04 13:48:34','2019-09-04 13:48:34',0,'2019-09-04 13:48:18',NULL),
 (258345,170,254722659781,NULL,1,'2019-09-04 13:48:18',263,263,'2019-09-04 13:48:34','2019-09-04 13:48:34',0,'2019-09-04 13:48:18',NULL),
 (258346,170,254722718738,NULL,1,'2019-09-04 13:48:18',263,263,'2019-09-04 13:48:34','2019-09-04 13:48:34',0,'2019-09-04 13:48:18',NULL),
 (258347,170,254722760416,NULL,1,'2019-09-04 13:48:18',263,263,'2019-09-04 13:48:34','2019-09-04 13:48:34',0,'2019-09-04 13:48:18',NULL),
 (258348,170,254722791232,NULL,1,'2019-09-04 13:48:18',263,263,'2019-09-04 13:48:34','2019-09-04 13:48:34',0,'2019-09-04 13:48:18',NULL),
 (258349,170,254724040388,NULL,1,'2019-09-04 13:48:18',263,263,'2019-09-04 13:48:34','2019-09-04 13:48:34',0,'2019-09-04 13:48:18',NULL),
 (258350,170,254724255085,NULL,1,'2019-09-04 13:48:18',263,263,'2019-09-04 13:48:34','2019-09-04 13:48:34',0,'2019-09-04 13:48:18',NULL),
 (258351,170,254724888789,NULL,1,'2019-09-04 13:48:18',263,263,'2019-09-04 13:48:34','2019-09-04 13:48:34',0,'2019-09-04 13:48:18',NULL),
 (258352,170,254726477101,NULL,1,'2019-09-04 13:48:18',263,263,'2019-09-04 13:48:34','2019-09-04 13:48:34',0,'2019-09-04 13:48:18',NULL),
 (258353,170,254729067348,NULL,1,'2019-09-04 13:48:18',263,263,'2019-09-04 13:48:34','2019-09-04 13:48:34',0,'2019-09-04 13:48:18',NULL),
 (258354,170,254729842381,NULL,1,'2019-09-04 13:48:18',263,263,'2019-09-04 13:48:34','2019-09-04 13:48:34',0,'2019-09-04 13:48:18',NULL),
 (258355,170,254729971465,NULL,1,'2019-09-04 13:48:18',263,263,'2019-09-04 13:48:34','2019-09-04 13:48:34',0,'2019-09-04 13:48:18',NULL),
 (258356,170,254791339103,NULL,1,'2019-09-04 13:48:18',263,263,'2019-09-04 13:48:34','2019-09-04 13:48:34',0,'2019-09-04 13:48:18',NULL),
 (258357,170,254726789778,NULL,1,'2019-09-04 13:48:18',263,263,'2019-09-05 11:33:39','2019-09-05 11:33:39',0,'2019-09-05 11:33:39',NULL);
/*!40000 ALTER TABLE `surveyallowedparticipantsdeleted` ENABLE KEYS */;


--
-- Definition of table `surveyanswers`
--

DROP TABLE IF EXISTS `surveyanswers`;
CREATE TABLE `surveyanswers` (
  `answerID` int(11) NOT NULL AUTO_INCREMENT,
  `surveyID` int(11) NOT NULL,
  `questionID` int(11) NOT NULL,
  `nextQuestionID` int(11) DEFAULT NULL,
  `variantID` int(11) DEFAULT NULL,
  `inboxID` int(11) NOT NULL,
  `answer` text NOT NULL,
  `extra` text DEFAULT NULL,
  `status` int(11) NOT NULL,
  `createdBy` int(11) NOT NULL,
  `updatedBy` int(11) NOT NULL,
  `dateModified` timestamp NOT NULL DEFAULT current_timestamp() ON UPDATE current_timestamp(),
  `dateCreated` datetime NOT NULL,
  PRIMARY KEY (`answerID`),
  KEY `surveyID` (`surveyID`),
  KEY `FK_surveyanswers_2` (`questionID`),
  CONSTRAINT `FK_surveyanswers_1` FOREIGN KEY (`surveyID`) REFERENCES `surveys` (`surveyID`),
  CONSTRAINT `FK_surveyanswers_2` FOREIGN KEY (`questionID`) REFERENCES `surveyquestions` (`questionID`)
) ENGINE=InnoDB AUTO_INCREMENT=86456 DEFAULT CHARSET=latin1;

--
-- Dumping data for table `surveyanswers`
--

/*!40000 ALTER TABLE `surveyanswers` DISABLE KEYS */;
INSERT INTO `surveyanswers` (`answerID`,`surveyID`,`questionID`,`nextQuestionID`,`variantID`,`inboxID`,`answer`,`extra`,`status`,`createdBy`,`updatedBy`,`dateModified`,`dateCreated`) VALUES 
 (1,51,125,NULL,112,4,'A',NULL,1,1,1,'2018-06-26 09:26:34','2018-06-26 12:26:34'),
 (2,52,126,127,114,10,'A',NULL,1,1,1,'2018-06-27 13:34:57','2018-06-27 16:34:57'),
 (3,52,127,128,NULL,11,'10',NULL,1,1,1,'2018-06-27 13:35:36','2018-06-27 16:35:36'),
 (4,52,128,NULL,NULL,12,'Yes very fast experience',NULL,1,1,1,'2018-06-27 13:36:14','2018-06-27 16:36:14'),
 (5,54,132,133,118,17,'A',NULL,1,1,1,'2018-06-28 13:59:26','2018-06-28 16:59:26'),
 (6,54,132,133,119,18,'B',NULL,1,1,1,'2018-06-28 13:59:26','2018-06-28 16:59:26'),
 (7,54,132,133,119,19,'B',NULL,1,1,1,'2018-06-28 13:59:29','2018-06-28 16:59:29'),
 (8,54,132,133,118,20,'A',NULL,1,1,1,'2018-06-28 13:59:33','2018-06-28 16:59:33'),
 (9,54,132,133,118,21,'A',NULL,1,1,1,'2018-06-28 13:59:40','2018-06-28 16:59:40'),
 (10,54,132,133,118,22,'A',NULL,1,1,1,'2018-06-28 13:59:45','2018-06-28 16:59:45'),
 (11,54,133,134,NULL,24,'3',NULL,1,1,1,'2018-06-28 13:59:49','2018-06-28 16:59:49'),
 (12,54,132,133,118,25,'A',NULL,1,1,1,'2018-06-28 13:59:52','2018-06-28 16:59:52'),
 (13,54,132,133,118,26,'A',NULL,1,1,1,'2018-06-28 13:59:53','2018-06-28 16:59:53'),
 (14,54,133,134,NULL,27,'8',NULL,1,1,1,'2018-06-28 13:59:55','2018-06-28 16:59:55'),
 (15,54,132,133,119,28,'B',NULL,1,1,1,'2018-06-28 13:59:57','2018-06-28 16:59:57'),
 (16,54,132,133,118,30,'A',NULL,1,1,1,'2018-06-28 13:59:58','2018-06-28 16:59:58'),
 (17,54,132,133,119,31,'B',NULL,1,1,1,'2018-06-28 14:00:04','2018-06-28 17:00:04'),
 (18,54,132,133,118,32,'A',NULL,1,1,1,'2018-06-28 14:00:10','2018-06-28 17:00:10'),
 (19,54,132,133,119,33,'B',NULL,1,1,1,'2018-06-28 14:00:12','2018-06-28 17:00:12'),
 (20,54,134,NULL,NULL,34,'Good job',NULL,1,1,1,'2018-06-28 14:00:14','2018-06-28 17:00:14'),
 (21,54,133,134,NULL,37,'8',NULL,1,1,1,'2018-06-28 14:00:29','2018-06-28 17:00:29'),
 (22,54,132,133,118,38,'A',NULL,1,1,1,'2018-06-28 14:00:44','2018-06-28 17:00:44'),
 (23,54,133,134,NULL,39,'10',NULL,1,1,1,'2018-06-28 14:00:46','2018-06-28 17:00:46'),
 (24,54,133,134,NULL,41,'0',NULL,1,1,1,'2018-06-28 14:00:47','2018-06-28 17:00:47'),
 (25,54,132,133,118,43,'A',NULL,1,1,1,'2018-06-28 14:00:51','2018-06-28 17:00:51'),
 (26,54,133,134,NULL,45,'0',NULL,1,1,1,'2018-06-28 14:00:53','2018-06-28 17:00:53'),
 (27,54,134,NULL,NULL,46,'Very helpful. Excellent',NULL,1,1,1,'2018-06-28 14:00:55','2018-06-28 17:00:55'),
 (28,54,132,133,118,47,'A',NULL,1,1,1,'2018-06-28 14:00:59','2018-06-28 17:00:59'),
 (29,54,132,133,118,48,'A',NULL,1,1,1,'2018-06-28 14:01:07','2018-06-28 17:01:07'),
 (30,54,132,133,119,49,'B',NULL,1,1,1,'2018-06-28 14:01:11','2018-06-28 17:01:11'),
 (31,54,133,134,NULL,50,'10',NULL,1,1,1,'2018-06-28 14:01:13','2018-06-28 17:01:13'),
 (32,54,133,134,NULL,51,'5',NULL,1,1,1,'2018-06-28 14:01:13','2018-06-28 17:01:13'),
 (33,54,132,133,119,52,'B',NULL,1,1,1,'2018-06-28 14:01:21','2018-06-28 17:01:21'),
 (34,54,132,133,118,53,'A',NULL,1,1,1,'2018-06-28 14:01:28','2018-06-28 17:01:28'),
 (35,54,132,133,118,54,'A',NULL,1,1,1,'2018-06-28 14:01:28','2018-06-28 17:01:28'),
 (36,54,134,NULL,NULL,56,'Resolve my concerns immediately',NULL,1,1,1,'2018-06-28 14:01:31','2018-06-28 17:01:31'),
 (37,54,134,NULL,NULL,58,'Excellent Bank.',NULL,1,1,1,'2018-06-28 14:01:39','2018-06-28 17:01:39'),
 (38,54,132,133,118,59,'A',NULL,1,1,1,'2018-06-28 14:01:42','2018-06-28 17:01:42'),
 (39,54,132,133,118,60,'A',NULL,1,1,1,'2018-06-28 14:01:47','2018-06-28 17:01:47'),
 (40,54,133,134,NULL,61,'10',NULL,1,1,1,'2018-06-28 14:01:57','2018-06-28 17:01:57'),
 (41,54,134,NULL,NULL,62,'Keep innovating',NULL,1,1,1,'2018-06-28 14:01:58','2018-06-28 17:01:58'),
 (42,54,132,133,118,64,'A',NULL,1,1,1,'2018-06-28 14:02:00','2018-06-28 17:02:00'),
 (43,54,134,NULL,NULL,65,'Options for Q2 above are not clear',NULL,1,1,1,'2018-06-28 14:02:03','2018-06-28 17:02:03'),
 (44,54,134,NULL,NULL,67,'The bank rep should be well informed on all issues to assist customers better. My fraudulent card charge is still pending cancellation',NULL,1,1,1,'2018-06-28 14:02:07','2018-06-28 17:02:07'),
 (45,54,133,134,NULL,68,'10',NULL,1,1,1,'2018-06-28 14:02:14','2018-06-28 17:02:14'),
 (46,54,133,134,NULL,69,'0',NULL,1,1,1,'2018-06-28 14:02:22','2018-06-28 17:02:22'),
 (47,54,134,NULL,NULL,71,'Am great.\nThank you.',NULL,1,1,1,'2018-06-28 14:02:39','2018-06-28 17:02:39'),
 (48,54,133,134,NULL,72,'0',NULL,1,1,1,'2018-06-28 14:02:48','2018-06-28 17:02:48'),
 (49,54,133,134,NULL,73,'0',NULL,1,1,1,'2018-06-28 14:02:51','2018-06-28 17:02:51'),
 (50,54,133,134,NULL,74,'0',NULL,1,1,1,'2018-06-28 14:02:56','2018-06-28 17:02:56'),
 (51,54,133,134,NULL,75,'0',NULL,1,1,1,'2018-06-28 14:03:08','2018-06-28 17:03:08'),
 (52,54,134,NULL,NULL,77,'Am OK. I will let you know  if I have one',NULL,1,1,1,'2018-06-28 14:03:28','2018-06-28 17:03:28'),
 (53,54,132,133,119,78,'B',NULL,1,1,1,'2018-06-28 14:03:38','2018-06-28 17:03:38'),
 (54,54,132,133,118,81,'A',NULL,1,1,1,'2018-06-28 14:03:55','2018-06-28 17:03:55'),
 (55,54,134,NULL,NULL,82,' Good quality service',NULL,1,1,1,'2018-06-28 14:03:58','2018-06-28 17:03:58'),
 (56,54,133,134,NULL,83,'5',NULL,1,1,1,'2018-06-28 14:04:02','2018-06-28 17:04:02'),
 (57,54,134,NULL,NULL,85,'Most emails to NIC never go through; they bounce back!',NULL,1,1,1,'2018-06-28 14:04:06','2018-06-28 17:04:06'),
 (58,54,134,NULL,NULL,86,'Yes, favourable',NULL,1,1,1,'2018-06-28 14:04:12','2018-06-28 17:04:12'),
 (59,54,134,NULL,NULL,87,'Just fine thanks',NULL,1,1,1,'2018-06-28 14:04:41','2018-06-28 17:04:41'),
 (60,54,132,133,119,88,'B',NULL,1,1,1,'2018-06-28 14:05:42','2018-06-28 17:05:42'),
 (61,54,132,133,118,89,'A',NULL,1,1,1,'2018-06-28 14:05:49','2018-06-28 17:05:49'),
 (62,54,133,134,NULL,90,'2',NULL,1,1,1,'2018-06-28 14:05:58','2018-06-28 17:05:58'),
 (63,54,132,133,119,91,'B',NULL,1,1,1,'2018-06-28 14:06:01','2018-06-28 17:06:01'),
 (64,54,133,134,NULL,92,'7',NULL,1,1,1,'2018-06-28 14:06:23','2018-06-28 17:06:23'),
 (65,54,132,133,119,93,'B',NULL,1,1,1,'2018-06-28 14:06:39','2018-06-28 17:06:39'),
 (66,54,132,133,118,94,'A',NULL,1,1,1,'2018-06-28 14:06:44','2018-06-28 17:06:44'),
 (67,54,133,134,NULL,95,'3',NULL,1,1,1,'2018-06-28 14:06:52','2018-06-28 17:06:52'),
 (68,54,134,NULL,NULL,96,'Unfriendly lending services for loyal customers',NULL,1,1,1,'2018-06-28 14:07:11','2018-06-28 17:07:11'),
 (69,54,133,134,NULL,99,'10',NULL,1,1,1,'2018-06-28 14:07:25','2018-06-28 17:07:25'),
 (70,54,134,NULL,NULL,101,'My issue has not been sorted for one week after I called. You have not credited a transaction thAt was paid by Mpesa for my card below.\n\nMFO5588GXF Confirmed. Ksh10,000.00 sent to NIC Bank  for account 4132701010008411 on 24/6/18 at 8:14 AM New M-PESA balance is Ksh68,660.80. Transaction cost, Ksh110.00.\n',NULL,1,1,1,'2018-06-28 14:07:34','2018-06-28 17:07:34'),
 (71,54,132,133,119,103,'B',NULL,1,1,1,'2018-06-28 14:08:56','2018-06-28 17:08:56'),
 (72,54,132,133,119,104,'B',NULL,1,1,1,'2018-06-28 14:09:09','2018-06-28 17:09:09'),
 (73,54,133,134,NULL,105,'5',NULL,1,1,1,'2018-06-28 14:09:18','2018-06-28 17:09:18'),
 (74,54,132,133,118,107,'A',NULL,1,1,1,'2018-06-28 14:09:39','2018-06-28 17:09:39'),
 (75,54,132,133,118,108,'A',NULL,1,1,1,'2018-06-28 14:09:47','2018-06-28 17:09:47'),
 (76,54,133,134,NULL,110,'4',NULL,1,1,1,'2018-06-28 14:09:50','2018-06-28 17:09:50'),
 (77,54,134,NULL,NULL,111,'Call back customers a few times because they might miss the first call back.',NULL,1,1,1,'2018-06-28 14:10:29','2018-06-28 17:10:29'),
 (78,54,132,133,118,112,'A',NULL,1,1,1,'2018-06-28 14:10:32','2018-06-28 17:10:32'),
 (79,54,132,133,118,113,'A',NULL,1,1,1,'2018-06-28 14:10:38','2018-06-28 17:10:38'),
 (80,54,132,133,118,114,'A',NULL,1,1,1,'2018-06-28 14:10:41','2018-06-28 17:10:41'),
 (81,54,133,134,NULL,115,'8',NULL,1,1,1,'2018-06-28 14:10:46','2018-06-28 17:10:46'),
 (82,54,134,NULL,NULL,116,'No',NULL,1,1,1,'2018-06-28 14:11:04','2018-06-28 17:11:04'),
 (83,54,133,134,NULL,117,'10',NULL,1,1,1,'2018-06-28 14:11:16','2018-06-28 17:11:16'),
 (84,54,132,133,118,119,'A',NULL,1,1,1,'2018-06-28 14:12:01','2018-06-28 17:12:01'),
 (85,54,134,NULL,NULL,120,'no',NULL,1,1,1,'2018-06-28 14:12:06','2018-06-28 17:12:06'),
 (86,54,132,133,118,121,'A',NULL,1,1,1,'2018-06-28 14:12:10','2018-06-28 17:12:10'),
 (87,54,132,133,118,122,'A',NULL,1,1,1,'2018-06-28 14:12:14','2018-06-28 17:12:14'),
 (88,54,133,134,NULL,124,'10',NULL,1,1,1,'2018-06-28 14:12:23','2018-06-28 17:12:23'),
 (89,54,134,NULL,NULL,125,'Satisfaction',NULL,1,1,1,'2018-06-28 14:12:40','2018-06-28 17:12:40'),
 (90,54,132,133,118,126,'A',NULL,1,1,1,'2018-06-28 14:12:44','2018-06-28 17:12:44'),
 (91,54,134,NULL,NULL,127,'You are wrong pple to do business with',NULL,1,1,1,'2018-06-28 14:13:19','2018-06-28 17:13:19'),
 (92,54,132,133,118,128,'A',NULL,1,1,1,'2018-06-28 14:14:25','2018-06-28 17:14:25'),
 (93,54,132,133,119,129,'B',NULL,1,1,1,'2018-06-28 14:14:45','2018-06-28 17:14:45'),
 (94,54,133,134,NULL,130,'10',NULL,1,1,1,'2018-06-28 14:14:51','2018-06-28 17:14:51'),
 (95,54,133,134,NULL,131,'0',NULL,1,1,1,'2018-06-28 14:15:01','2018-06-28 17:15:01'),
 (96,54,132,133,118,132,'A',NULL,1,1,1,'2018-06-28 14:15:06','2018-06-28 17:15:06'),
 (97,54,134,NULL,NULL,134,'It good and satisfying',NULL,1,1,1,'2018-06-28 14:15:41','2018-06-28 17:15:41'),
 (98,54,134,NULL,NULL,135,'Inexperienced and arrogant customer care',NULL,1,1,1,'2018-06-28 14:15:46','2018-06-28 17:15:46'),
 (99,54,132,133,118,136,'A',NULL,1,1,1,'2018-06-28 14:17:20','2018-06-28 17:17:20'),
 (100,54,132,133,118,137,'A',NULL,1,1,1,'2018-06-28 14:18:45','2018-06-28 17:18:45'),
 (101,54,133,134,NULL,138,'10',NULL,1,1,1,'2018-06-28 14:19:01','2018-06-28 17:19:01'),
 (102,54,134,NULL,NULL,139,'No',NULL,1,1,1,'2018-06-28 14:19:21','2018-06-28 17:19:21'),
 (103,54,132,133,119,141,'B',NULL,1,1,1,'2018-06-28 14:21:12','2018-06-28 17:21:12'),
 (104,54,132,133,119,142,'B',NULL,1,1,1,'2018-06-28 14:22:01','2018-06-28 17:22:01'),
 (105,54,132,133,119,143,'B',NULL,1,1,1,'2018-06-28 14:23:23','2018-06-28 17:23:23'),
 (106,54,132,133,119,144,'B',NULL,1,1,1,'2018-06-28 14:26:21','2018-06-28 17:26:21'),
 (107,54,132,133,119,145,'B',NULL,1,1,1,'2018-06-28 14:26:43','2018-06-28 17:26:43'),
 (108,54,133,134,NULL,146,'0',NULL,1,1,1,'2018-06-28 14:27:22','2018-06-28 17:27:22'),
 (109,54,134,NULL,NULL,147,'Not considerate on customers situation.\nSlow to act on situation',NULL,1,1,1,'2018-06-28 14:28:34','2018-06-28 17:28:34'),
 (110,54,132,133,118,148,'A',NULL,1,1,1,'2018-06-28 14:29:29','2018-06-28 17:29:29'),
 (111,54,133,134,NULL,149,'10',NULL,1,1,1,'2018-06-28 14:29:56','2018-06-28 17:29:56'),
 (112,54,132,133,118,151,'A',NULL,1,1,1,'2018-06-28 14:33:09','2018-06-28 17:33:09'),
 (113,54,132,133,118,153,'A',NULL,1,1,1,'2018-06-28 14:35:16','2018-06-28 17:35:16'),
 (114,54,133,134,NULL,154,'8',NULL,1,1,1,'2018-06-28 14:35:55','2018-06-28 17:35:55'),
 (115,54,132,133,118,156,'A',NULL,1,1,1,'2018-06-28 14:36:31','2018-06-28 17:36:31'),
 (116,54,132,133,119,157,'B',NULL,1,1,1,'2018-06-28 14:38:52','2018-06-28 17:38:52'),
 (117,54,133,134,NULL,158,'5',NULL,1,1,1,'2018-06-28 14:40:12','2018-06-28 17:40:12'),
 (118,54,134,NULL,NULL,159,'When I am called and I miss the call and I call back ensure I am routed to the person who had called me. or at least information on who called and the reason  I was called for be available to all cc team.It is frustrating to be told we do not know who called you neither the reason we were calling you.',NULL,1,1,1,'2018-06-28 14:44:08','2018-06-28 17:44:08'),
 (119,54,132,133,118,160,'A',NULL,1,1,1,'2018-06-28 14:47:10','2018-06-28 17:47:10'),
 (120,54,132,133,118,161,'A',NULL,1,1,1,'2018-06-28 14:51:05','2018-06-28 17:51:05'),
 (121,54,133,134,NULL,162,'10',NULL,1,1,1,'2018-06-28 14:51:31','2018-06-28 17:51:31'),
 (122,54,132,133,118,163,'A',NULL,1,1,1,'2018-06-28 14:51:43','2018-06-28 17:51:43'),
 (123,54,133,134,NULL,164,'6',NULL,1,1,1,'2018-06-28 14:52:28','2018-06-28 17:52:28'),
 (124,54,134,NULL,NULL,165,'It took 2 calls and some waiting to get the response',NULL,1,1,1,'2018-06-28 14:54:16','2018-06-28 17:54:16'),
 (125,54,133,134,NULL,166,'9',NULL,1,1,1,'2018-06-28 15:11:50','2018-06-28 18:11:50'),
 (126,54,132,133,118,167,'A',NULL,1,1,1,'2018-06-28 15:12:07','2018-06-28 18:12:07'),
 (127,54,133,134,NULL,168,'10',NULL,1,1,1,'2018-06-28 15:13:27','2018-06-28 18:13:27'),
 (128,54,134,NULL,NULL,169,'Yes',NULL,1,1,1,'2018-06-28 15:18:39','2018-06-28 18:18:39'),
 (129,54,132,133,119,172,'B',NULL,1,1,1,'2018-06-28 16:44:55','2018-06-28 19:44:55'),
 (130,54,133,134,NULL,173,'7',NULL,1,1,1,'2018-06-28 16:45:32','2018-06-28 19:45:32'),
 (131,54,134,NULL,NULL,174,'We are waiting for further advice on the subject matter of the matter raised through the contact centre.',NULL,1,1,1,'2018-06-28 16:47:46','2018-06-28 19:47:46'),
 (132,54,132,133,119,175,'B',NULL,1,1,1,'2018-06-28 16:54:09','2018-06-28 19:54:09'),
 (133,54,133,134,NULL,176,'0',NULL,1,1,1,'2018-06-28 16:56:01','2018-06-28 19:56:01'),
 (134,54,134,NULL,NULL,177,'No',NULL,1,1,1,'2018-06-28 16:57:46','2018-06-28 19:57:46'),
 (135,54,132,133,118,179,'A',NULL,1,1,1,'2018-06-28 17:41:59','2018-06-28 20:41:59'),
 (136,54,132,133,118,180,'A',NULL,1,1,1,'2018-06-28 18:15:42','2018-06-28 21:15:42'),
 (137,54,133,134,NULL,181,'10',NULL,1,1,1,'2018-06-28 18:16:03','2018-06-28 21:16:03'),
 (138,54,134,NULL,NULL,182,'No, thank you.',NULL,1,1,1,'2018-06-28 18:16:22','2018-06-28 21:16:22'),
 (139,54,132,133,118,183,'A',NULL,1,1,1,'2018-06-28 18:48:48','2018-06-28 21:48:48'),
 (140,54,132,133,118,184,'A',NULL,1,1,1,'2018-06-28 18:58:41','2018-06-28 21:58:41'),
 (141,54,133,134,NULL,185,'8',NULL,1,1,1,'2018-06-28 18:59:22','2018-06-28 21:59:22'),
 (142,54,134,NULL,NULL,186,'Is it possible to introduce ATM cards for foreign accounts? If yes,  please expedite that.',NULL,1,1,1,'2018-06-28 19:00:42','2018-06-28 22:00:42'),
 (143,54,132,133,118,187,'A',NULL,1,1,1,'2018-06-28 19:17:06','2018-06-28 22:17:06'),
 (144,54,133,134,NULL,189,'10',NULL,1,1,1,'2018-06-28 19:20:51','2018-06-28 22:20:51'),
 (145,54,134,NULL,NULL,190,'no',NULL,1,1,1,'2018-06-28 19:21:18','2018-06-28 22:21:18'),
 (146,54,132,133,118,191,'A',NULL,1,1,1,'2018-06-28 19:45:50','2018-06-28 22:45:50'),
 (147,54,133,134,NULL,192,'0',NULL,1,1,1,'2018-06-28 19:46:32','2018-06-28 22:46:32'),
 (148,54,134,NULL,NULL,193,'Process of calling takes too long thus alot of airtime wasted.',NULL,1,1,1,'2018-06-28 19:48:06','2018-06-28 22:48:06'),
 (149,54,133,134,NULL,194,'0',NULL,1,1,1,'2018-06-28 20:11:43','2018-06-28 23:11:43'),
 (150,54,134,NULL,NULL,195,'Your mobile banking system is wanting.',NULL,1,1,1,'2018-06-28 20:12:13','2018-06-28 23:12:13'),
 (151,54,132,133,118,197,'A',NULL,1,1,1,'2018-06-29 02:23:15','2018-06-29 05:23:15'),
 (152,54,133,134,NULL,201,'0',NULL,1,1,1,'2018-06-29 05:02:50','2018-06-29 08:02:50'),
 (153,54,134,NULL,NULL,202,'Why do you involve auctioneers to harras your customers who have defaulted in less than 30 days.don\'t you think this is unlawfull?.can you create a fair debt collection team.a customer who is committed should not be harrassed.',NULL,1,1,1,'2018-06-29 05:06:53','2018-06-29 08:06:53'),
 (154,54,132,133,119,203,'B',NULL,1,1,1,'2018-06-29 06:20:23','2018-06-29 09:20:23'),
 (155,55,135,136,120,209,'A',NULL,1,1,1,'2018-06-29 14:45:37','2018-06-29 17:45:37'),
 (156,55,135,136,121,210,'B',NULL,1,1,1,'2018-06-29 14:45:40','2018-06-29 17:45:40'),
 (157,55,135,136,121,211,'B',NULL,1,1,1,'2018-06-29 14:45:40','2018-06-29 17:45:40'),
 (158,55,135,136,120,212,'A',NULL,1,1,1,'2018-06-29 14:45:40','2018-06-29 17:45:40'),
 (159,55,135,136,121,213,'B',NULL,1,1,1,'2018-06-29 14:45:45','2018-06-29 17:45:45'),
 (160,55,135,136,120,214,'A',NULL,1,1,1,'2018-06-29 14:45:47','2018-06-29 17:45:47'),
 (161,55,135,136,121,215,'B',NULL,1,1,1,'2018-06-29 14:45:48','2018-06-29 17:45:48'),
 (162,55,135,136,120,216,'A',NULL,1,1,1,'2018-06-29 14:45:48','2018-06-29 17:45:48'),
 (163,55,136,137,NULL,217,'10',NULL,1,1,1,'2018-06-29 14:45:55','2018-06-29 17:45:55'),
 (164,55,135,136,121,218,'B',NULL,1,1,1,'2018-06-29 14:45:59','2018-06-29 17:45:59'),
 (165,55,135,136,120,219,'A',NULL,1,1,1,'2018-06-29 14:46:00','2018-06-29 17:46:00'),
 (166,55,135,136,120,220,'A',NULL,1,1,1,'2018-06-29 14:46:01','2018-06-29 17:46:01'),
 (167,55,135,136,120,221,'A',NULL,1,1,1,'2018-06-29 14:46:01','2018-06-29 17:46:01'),
 (168,55,135,136,120,222,'A',NULL,1,1,1,'2018-06-29 14:46:05','2018-06-29 17:46:05'),
 (169,55,136,137,NULL,223,'10',NULL,1,1,1,'2018-06-29 14:46:06','2018-06-29 17:46:06'),
 (170,55,135,136,120,224,'A',NULL,1,1,1,'2018-06-29 14:46:09','2018-06-29 17:46:09'),
 (171,55,135,136,121,225,'B',NULL,1,1,1,'2018-06-29 14:46:10','2018-06-29 17:46:10'),
 (172,55,136,137,NULL,226,'8',NULL,1,1,1,'2018-06-29 14:46:10','2018-06-29 17:46:10'),
 (173,55,136,137,NULL,228,'8',NULL,1,1,1,'2018-06-29 14:46:18','2018-06-29 17:46:18'),
 (174,55,136,137,NULL,229,'5',NULL,1,1,1,'2018-06-29 14:46:18','2018-06-29 17:46:18'),
 (175,55,135,136,120,230,'A',NULL,1,1,1,'2018-06-29 14:46:20','2018-06-29 17:46:20'),
 (176,55,135,136,121,231,'B',NULL,1,1,1,'2018-06-29 14:46:22','2018-06-29 17:46:22'),
 (177,55,136,137,NULL,232,'10',NULL,1,1,1,'2018-06-29 14:46:24','2018-06-29 17:46:24'),
 (178,55,136,137,NULL,233,'0',NULL,1,1,1,'2018-06-29 14:46:24','2018-06-29 17:46:24'),
 (179,55,137,NULL,NULL,234,'No',NULL,1,1,1,'2018-06-29 14:46:31','2018-06-29 17:46:31'),
 (180,55,135,136,121,235,'B',NULL,1,1,1,'2018-06-29 14:46:32','2018-06-29 17:46:32'),
 (181,55,136,137,NULL,236,'10',NULL,1,1,1,'2018-06-29 14:46:32','2018-06-29 17:46:32'),
 (182,55,136,137,NULL,237,'8',NULL,1,1,1,'2018-06-29 14:46:35','2018-06-29 17:46:35'),
 (183,55,136,137,NULL,238,'0',NULL,1,1,1,'2018-06-29 14:46:35','2018-06-29 17:46:35'),
 (184,55,136,137,NULL,239,'1',NULL,1,1,1,'2018-06-29 14:46:37','2018-06-29 17:46:37'),
 (185,55,136,137,NULL,240,'10',NULL,1,1,1,'2018-06-29 14:46:38','2018-06-29 17:46:38'),
 (186,55,137,NULL,NULL,241,'Very helpful staff',NULL,1,1,1,'2018-06-29 14:46:38','2018-06-29 17:46:38'),
 (187,55,137,NULL,NULL,242,'Yes please call back to finalize the call',NULL,1,1,1,'2018-06-29 14:46:53','2018-06-29 17:46:53'),
 (188,55,135,136,120,243,'A',NULL,1,1,1,'2018-06-29 14:46:55','2018-06-29 17:46:55'),
 (189,55,137,NULL,NULL,244,'NO',NULL,1,1,1,'2018-06-29 14:46:57','2018-06-29 17:46:57'),
 (190,55,137,NULL,NULL,245,'No',NULL,1,1,1,'2018-06-29 14:47:00','2018-06-29 17:47:00'),
 (191,55,136,137,NULL,246,'8',NULL,1,1,1,'2018-06-29 14:47:00','2018-06-29 17:47:00'),
 (192,55,137,NULL,NULL,247,'Keep it up you are a market leader',NULL,1,1,1,'2018-06-29 14:47:06','2018-06-29 17:47:06'),
 (193,55,135,136,121,248,'B',NULL,1,1,1,'2018-06-29 14:47:10','2018-06-29 17:47:10'),
 (194,55,136,137,NULL,250,'10',NULL,1,1,1,'2018-06-29 14:47:21','2018-06-29 17:47:21'),
 (195,55,135,136,120,251,'A',NULL,1,1,1,'2018-06-29 14:47:23','2018-06-29 17:47:23'),
 (196,55,137,NULL,NULL,252,'Continue with your good work',NULL,1,1,1,'2018-06-29 14:47:28','2018-06-29 17:47:28'),
 (197,55,135,136,121,254,'B',NULL,1,1,1,'2018-06-29 14:47:39','2018-06-29 17:47:39'),
 (198,55,136,137,NULL,255,'6',NULL,1,1,1,'2018-06-29 14:47:50','2018-06-29 17:47:50'),
 (199,55,136,137,NULL,256,'2',NULL,1,1,1,'2018-06-29 14:47:58','2018-06-29 17:47:58'),
 (200,55,137,NULL,NULL,257,'Whoever I tried reaching wouldn\'t pick my calls',NULL,1,1,1,'2018-06-29 14:48:00','2018-06-29 17:48:00'),
 (201,55,135,136,120,258,'A',NULL,1,1,1,'2018-06-29 14:48:24','2018-06-29 17:48:24'),
 (202,55,137,NULL,NULL,259,'Response was very fast',NULL,1,1,1,'2018-06-29 14:48:24','2018-06-29 17:48:24'),
 (203,55,135,136,120,260,'A',NULL,1,1,1,'2018-06-29 14:48:26','2018-06-29 17:48:26'),
 (204,55,137,NULL,NULL,261,'Keep up good customer service',NULL,1,1,1,'2018-06-29 14:48:29','2018-06-29 17:48:29'),
 (205,55,136,137,NULL,262,'10',NULL,1,1,1,'2018-06-29 14:48:53','2018-06-29 17:48:53'),
 (206,55,135,136,120,263,'A',NULL,1,1,1,'2018-06-29 14:48:56','2018-06-29 17:48:56'),
 (207,55,135,136,120,264,'A',NULL,1,1,1,'2018-06-29 14:49:00','2018-06-29 17:49:00'),
 (208,55,136,137,NULL,265,'7',NULL,1,1,1,'2018-06-29 14:49:09','2018-06-29 17:49:09'),
 (209,55,137,NULL,NULL,266,'Pesa link sms are disappointing',NULL,1,1,1,'2018-06-29 14:49:52','2018-06-29 17:49:52'),
 (210,55,135,136,121,267,'B',NULL,1,1,1,'2018-06-29 14:50:25','2018-06-29 17:50:25'),
 (211,55,136,137,NULL,270,'10',NULL,1,1,1,'2018-06-29 14:50:59','2018-06-29 17:50:59'),
 (212,55,135,136,121,271,'B',NULL,1,1,1,'2018-06-29 14:51:03','2018-06-29 17:51:03'),
 (213,55,135,136,120,273,'A',NULL,1,1,1,'2018-06-29 14:51:27','2018-06-29 17:51:27'),
 (214,55,135,136,121,274,'B',NULL,1,1,1,'2018-06-29 14:51:31','2018-06-29 17:51:31'),
 (215,55,136,137,NULL,275,'2',NULL,1,1,1,'2018-06-29 14:51:34','2018-06-29 17:51:34'),
 (216,55,136,137,NULL,276,'10',NULL,1,1,1,'2018-06-29 14:51:41','2018-06-29 17:51:41'),
 (217,55,135,136,120,277,'A',NULL,1,1,1,'2018-06-29 14:51:48','2018-06-29 17:51:48'),
 (218,55,137,NULL,NULL,278,'None',NULL,1,1,1,'2018-06-29 14:51:55','2018-06-29 17:51:55'),
 (219,55,137,NULL,NULL,279,'Poor communication by my Branch staff.',NULL,1,1,1,'2018-06-29 14:52:11','2018-06-29 17:52:11'),
 (220,55,135,136,120,281,'A',NULL,1,1,1,'2018-06-29 14:52:39','2018-06-29 17:52:39'),
 (221,55,135,136,120,282,'A',NULL,1,1,1,'2018-06-29 14:52:44','2018-06-29 17:52:44'),
 (222,55,136,137,NULL,283,'5',NULL,1,1,1,'2018-06-29 14:53:13','2018-06-29 17:53:13'),
 (223,55,136,137,NULL,284,'8',NULL,1,1,1,'2018-06-29 14:53:23','2018-06-29 17:53:23'),
 (224,55,135,136,120,285,'A',NULL,1,1,1,'2018-06-29 14:53:38','2018-06-29 17:53:38'),
 (225,55,137,NULL,NULL,286,'I am fully satisfied with NIC BANK.',NULL,1,1,1,'2018-06-29 14:54:06','2018-06-29 17:54:06'),
 (226,55,135,136,120,287,'A',NULL,1,1,1,'2018-06-29 14:54:09','2018-06-29 17:54:09'),
 (227,55,135,136,121,289,'B',NULL,1,1,1,'2018-06-29 14:54:19','2018-06-29 17:54:19'),
 (228,55,135,136,120,290,'A',NULL,1,1,1,'2018-06-29 14:54:43','2018-06-29 17:54:43'),
 (229,55,135,136,120,291,'A',NULL,1,1,1,'2018-06-29 14:54:52','2018-06-29 17:54:52'),
 (230,55,136,137,NULL,292,'0',NULL,1,1,1,'2018-06-29 14:55:02','2018-06-29 17:55:02'),
 (231,55,135,136,121,293,'B',NULL,1,1,1,'2018-06-29 14:55:05','2018-06-29 17:55:05'),
 (232,55,137,NULL,NULL,294,'Get your act right',NULL,1,1,1,'2018-06-29 14:55:26','2018-06-29 17:55:26'),
 (233,55,136,137,NULL,295,'0',NULL,1,1,1,'2018-06-29 14:55:47','2018-06-29 17:55:47'),
 (234,55,137,NULL,NULL,296,'Yes',NULL,1,1,1,'2018-06-29 14:56:12','2018-06-29 17:56:12'),
 (235,55,136,137,NULL,297,'10',NULL,1,1,1,'2018-06-29 14:56:41','2018-06-29 17:56:41'),
 (236,55,135,136,120,298,'A',NULL,1,1,1,'2018-06-29 14:56:44','2018-06-29 17:56:44'),
 (237,55,137,NULL,NULL,300,'I was totally disappointed when you returned a cheque and yet there were uncleared balances which were to be made available within hours.This is despite me operating my account for 5yrs now.It was the worst experience ever.It would be good to know your customers better rather than blanket treatment.',NULL,1,1,1,'2018-06-29 14:56:51','2018-06-29 17:56:51'),
 (238,55,136,137,NULL,301,'10',NULL,1,1,1,'2018-06-29 14:57:15','2018-06-29 17:57:15'),
 (239,55,136,137,NULL,302,'10',NULL,1,1,1,'2018-06-29 14:57:25','2018-06-29 17:57:25'),
 (240,55,135,136,121,303,'B',NULL,1,1,1,'2018-06-29 14:57:51','2018-06-29 17:57:51'),
 (241,55,137,NULL,NULL,304,'The lady promised to call back she never did',NULL,1,1,1,'2018-06-29 14:58:04','2018-06-29 17:58:04'),
 (242,55,136,137,NULL,305,'6',NULL,1,1,1,'2018-06-29 14:58:16','2018-06-29 17:58:16'),
 (243,55,135,136,120,306,'A',NULL,1,1,1,'2018-06-29 14:58:44','2018-06-29 17:58:44'),
 (244,55,135,136,120,307,'A',NULL,1,1,1,'2018-06-29 14:58:45','2018-06-29 17:58:45'),
 (245,55,135,136,120,308,'A',NULL,1,1,1,'2018-06-29 14:59:05','2018-06-29 17:59:05'),
 (246,55,137,NULL,NULL,309,'Non',NULL,1,1,1,'2018-06-29 14:59:26','2018-06-29 17:59:26'),
 (247,55,136,137,NULL,310,'10',NULL,1,1,1,'2018-06-29 14:59:31','2018-06-29 17:59:31'),
 (248,55,135,136,120,313,'A',NULL,1,1,1,'2018-06-29 14:59:59','2018-06-29 17:59:59'),
 (249,55,135,136,121,314,'B',NULL,1,1,1,'2018-06-29 15:00:20','2018-06-29 18:00:20'),
 (250,55,135,136,121,315,'B',NULL,1,1,1,'2018-06-29 15:00:38','2018-06-29 18:00:38'),
 (251,55,135,136,120,317,'A',NULL,1,1,1,'2018-06-29 15:02:19','2018-06-29 18:02:19'),
 (252,55,135,136,121,318,'B',NULL,1,1,1,'2018-06-29 15:02:54','2018-06-29 18:02:54'),
 (253,55,135,136,120,319,'A',NULL,1,1,1,'2018-06-29 15:03:27','2018-06-29 18:03:27'),
 (254,55,135,136,120,320,'A',NULL,1,1,1,'2018-06-29 15:03:30','2018-06-29 18:03:30'),
 (255,55,136,137,NULL,321,'2',NULL,1,1,1,'2018-06-29 15:03:39','2018-06-29 18:03:39'),
 (256,55,137,NULL,NULL,322,'No',NULL,1,1,1,'2018-06-29 15:03:59','2018-06-29 18:03:59'),
 (257,55,136,137,NULL,323,'10',NULL,1,1,1,'2018-06-29 15:04:15','2018-06-29 18:04:15'),
 (258,55,137,NULL,NULL,325,'No',NULL,1,1,1,'2018-06-29 15:07:34','2018-06-29 18:07:34'),
 (259,55,135,136,120,326,'A',NULL,1,1,1,'2018-06-29 15:08:21','2018-06-29 18:08:21'),
 (260,55,135,136,121,327,'B',NULL,1,1,1,'2018-06-29 15:10:03','2018-06-29 18:10:03'),
 (261,55,136,137,NULL,328,'3',NULL,1,1,1,'2018-06-29 15:11:15','2018-06-29 18:11:15'),
 (262,55,135,136,120,329,'A',NULL,1,1,1,'2018-06-29 15:11:56','2018-06-29 18:11:56'),
 (263,55,135,136,120,331,'A',NULL,1,1,1,'2018-06-29 15:12:00','2018-06-29 18:12:00'),
 (264,55,136,137,NULL,332,'8',NULL,1,1,1,'2018-06-29 15:12:27','2018-06-29 18:12:27'),
 (265,55,137,NULL,NULL,333,'Your staff doesn\'t know the locality. Wanted the location of NIC Diani from ukunda., said they don\'t know.',NULL,1,1,1,'2018-06-29 15:12:45','2018-06-29 18:12:45'),
 (266,55,137,NULL,NULL,334,'No',NULL,1,1,1,'2018-06-29 15:12:52','2018-06-29 18:12:52'),
 (267,55,135,136,121,337,'B',NULL,1,1,1,'2018-06-29 15:13:22','2018-06-29 18:13:22'),
 (268,55,135,136,121,338,'B',NULL,1,1,1,'2018-06-29 15:13:42','2018-06-29 18:13:42'),
 (269,55,137,NULL,NULL,339,'NIC is a good bank but please improve on lending',NULL,1,1,1,'2018-06-29 15:14:17','2018-06-29 18:14:17'),
 (270,55,136,137,NULL,340,'2',NULL,1,1,1,'2018-06-29 15:14:27','2018-06-29 18:14:27'),
 (271,55,135,136,121,342,'B',NULL,1,1,1,'2018-06-29 15:15:08','2018-06-29 18:15:08'),
 (272,55,137,NULL,NULL,343,'Nic banassurance very innefficient',NULL,1,1,1,'2018-06-29 15:15:37','2018-06-29 18:15:37'),
 (273,55,135,136,120,346,'A',NULL,1,1,1,'2018-06-29 15:22:57','2018-06-29 18:22:57'),
 (274,55,136,137,NULL,347,'8',NULL,1,1,1,'2018-06-29 15:23:15','2018-06-29 18:23:15'),
 (275,55,136,137,NULL,348,'10',NULL,1,1,1,'2018-06-29 15:29:01','2018-06-29 18:29:01'),
 (276,55,137,NULL,NULL,349,'No.',NULL,1,1,1,'2018-06-29 15:30:03','2018-06-29 18:30:03'),
 (277,55,135,136,120,350,'A',NULL,1,1,1,'2018-06-29 15:30:52','2018-06-29 18:30:52'),
 (278,55,136,137,NULL,353,'10',NULL,1,1,1,'2018-06-29 15:36:34','2018-06-29 18:36:34'),
 (279,55,137,NULL,NULL,354,'No.i would like to know how you work out with NIC bank',NULL,1,1,1,'2018-06-29 15:39:00','2018-06-29 18:39:00'),
 (280,55,136,137,NULL,357,'9',NULL,1,1,1,'2018-06-29 15:42:19','2018-06-29 18:42:19'),
 (281,55,137,NULL,NULL,358,'I was not put on hold for such a long time and am grateful for that.',NULL,1,1,1,'2018-06-29 15:43:31','2018-06-29 18:43:31'),
 (282,55,135,136,120,360,'A',NULL,1,1,1,'2018-06-29 15:47:08','2018-06-29 18:47:08'),
 (283,55,137,NULL,NULL,361,'Service is great overall. Good online and mobile platform with excellent uptime.',NULL,1,1,1,'2018-06-29 16:04:32','2018-06-29 19:04:32'),
 (284,55,135,136,120,362,'A',NULL,1,1,1,'2018-06-29 16:33:26','2018-06-29 19:33:26'),
 (285,55,136,137,NULL,363,'9',NULL,1,1,1,'2018-06-29 16:33:59','2018-06-29 19:33:59'),
 (286,55,135,136,121,364,'B',NULL,1,1,1,'2018-06-29 16:45:53','2018-06-29 19:45:53'),
 (287,55,135,136,120,367,'A',NULL,1,1,1,'2018-06-29 17:24:04','2018-06-29 20:24:04'),
 (288,55,135,136,121,371,'B',NULL,1,1,1,'2018-06-29 18:17:23','2018-06-29 21:17:23'),
 (289,55,136,137,NULL,372,'2',NULL,1,1,1,'2018-06-29 18:18:09','2018-06-29 21:18:09'),
 (290,55,135,136,120,373,'A',NULL,1,1,1,'2018-06-29 18:26:06','2018-06-29 21:26:06'),
 (291,55,136,137,NULL,374,'10',NULL,1,1,1,'2018-06-29 18:26:18','2018-06-29 21:26:18'),
 (292,55,137,NULL,NULL,375,'Competent, professional, very good customer response',NULL,1,1,1,'2018-06-29 18:27:20','2018-06-29 21:27:20'),
 (293,55,135,136,120,376,'A',NULL,1,1,1,'2018-06-29 18:49:12','2018-06-29 21:49:12'),
 (294,55,136,137,NULL,377,'10',NULL,1,1,1,'2018-06-29 18:49:40','2018-06-29 21:49:40'),
 (295,55,135,136,120,380,'A',NULL,1,1,1,'2018-06-29 20:11:36','2018-06-29 23:11:36'),
 (296,55,135,136,120,381,'A',NULL,1,1,1,'2018-06-30 03:45:18','2018-06-30 06:45:18'),
 (297,55,136,137,NULL,382,'10',NULL,1,1,1,'2018-06-30 03:45:37','2018-06-30 06:45:37'),
 (298,55,137,NULL,NULL,383,'No',NULL,1,1,1,'2018-06-30 03:45:51','2018-06-30 06:45:51'),
 (299,55,135,136,121,387,'B',NULL,1,1,1,'2018-06-30 06:01:17','2018-06-30 09:01:17'),
 (300,55,136,137,NULL,388,'7',NULL,1,1,1,'2018-06-30 06:03:02','2018-06-30 09:03:02'),
 (301,55,137,NULL,NULL,389,'Itm.',NULL,1,1,1,'2018-06-30 06:04:37','2018-06-30 09:04:37'),
 (302,55,135,136,120,390,'A',NULL,1,1,1,'2018-06-30 07:29:04','2018-06-30 10:29:04'),
 (303,55,136,137,NULL,392,'10',NULL,1,1,1,'2018-06-30 08:25:40','2018-06-30 11:25:40'),
 (304,55,137,NULL,NULL,393,'Still new, but am already enjoying the new experience.',NULL,1,1,1,'2018-06-30 08:26:16','2018-06-30 11:26:16'),
 (305,55,135,136,121,396,'B',NULL,1,1,1,'2018-06-30 12:26:17','2018-06-30 15:26:17'),
 (306,55,136,137,NULL,397,'10',NULL,1,1,1,'2018-06-30 12:31:25','2018-06-30 15:31:25'),
 (307,54,132,133,118,399,'A',NULL,1,1,1,'2018-06-30 16:51:49','2018-06-30 19:51:49'),
 (308,54,133,134,NULL,400,'10',NULL,1,1,1,'2018-06-30 16:52:22','2018-06-30 19:52:22'),
 (309,54,134,NULL,NULL,401,'Definitely your best bank',NULL,1,1,1,'2018-06-30 16:53:26','2018-06-30 19:53:26'),
 (310,55,136,137,NULL,415,'0',NULL,1,1,1,'2018-07-02 09:07:08','2018-07-02 12:07:08'),
 (311,55,137,NULL,NULL,416,'Your phone line kept droppeing before I was able to speak to someone at customer care. Only managed to get through today.',NULL,1,1,1,'2018-07-02 09:08:21','2018-07-02 12:08:21'),
 (312,56,138,139,123,432,'B',NULL,1,1,1,'2018-07-02 14:57:14','2018-07-02 17:57:14'),
 (313,56,138,139,122,433,'A',NULL,1,1,1,'2018-07-02 14:57:14','2018-07-02 17:57:14'),
 (314,56,138,139,122,434,'A',NULL,1,1,1,'2018-07-02 14:57:23','2018-07-02 17:57:23'),
 (315,56,138,139,122,435,'A',NULL,1,1,1,'2018-07-02 14:57:24','2018-07-02 17:57:24'),
 (316,56,138,139,122,437,'A',NULL,1,1,1,'2018-07-02 14:57:36','2018-07-02 17:57:36'),
 (317,56,138,139,122,438,'A',NULL,1,1,1,'2018-07-02 14:57:36','2018-07-02 17:57:36'),
 (318,56,138,139,122,439,'A',NULL,1,1,1,'2018-07-02 14:57:38','2018-07-02 17:57:38'),
 (319,56,138,139,123,440,'B',NULL,1,1,1,'2018-07-02 14:57:40','2018-07-02 17:57:40'),
 (320,56,138,139,123,441,'B',NULL,1,1,1,'2018-07-02 14:57:41','2018-07-02 17:57:41'),
 (321,56,138,139,122,442,'A',NULL,1,1,1,'2018-07-02 14:57:43','2018-07-02 17:57:43'),
 (322,56,138,139,123,443,'B',NULL,1,1,1,'2018-07-02 14:57:44','2018-07-02 17:57:44'),
 (323,56,138,139,123,444,'B',NULL,1,1,1,'2018-07-02 14:57:44','2018-07-02 17:57:44'),
 (324,56,138,139,122,445,'A',NULL,1,1,1,'2018-07-02 14:57:45','2018-07-02 17:57:45'),
 (325,56,138,139,123,446,'B',NULL,1,1,1,'2018-07-02 14:57:48','2018-07-02 17:57:48'),
 (326,56,139,140,NULL,448,'9',NULL,1,1,1,'2018-07-02 14:57:50','2018-07-02 17:57:50'),
 (327,56,138,139,122,449,'A',NULL,1,1,1,'2018-07-02 14:57:51','2018-07-02 17:57:51'),
 (328,56,138,139,123,450,'B',NULL,1,1,1,'2018-07-02 14:57:51','2018-07-02 17:57:51'),
 (329,56,138,139,122,451,'A',NULL,1,1,1,'2018-07-02 14:57:52','2018-07-02 17:57:52'),
 (330,56,139,140,NULL,452,'10',NULL,1,1,1,'2018-07-02 14:57:52','2018-07-02 17:57:52'),
 (331,56,139,140,NULL,453,'8',NULL,1,1,1,'2018-07-02 14:57:53','2018-07-02 17:57:53'),
 (332,56,138,139,123,454,'B',NULL,1,1,1,'2018-07-02 14:57:54','2018-07-02 17:57:54'),
 (333,56,138,139,122,455,'A',NULL,1,1,1,'2018-07-02 14:57:55','2018-07-02 17:57:55'),
 (334,56,138,139,123,457,'B',NULL,1,1,1,'2018-07-02 14:57:58','2018-07-02 17:57:58'),
 (335,56,138,139,123,458,'B',NULL,1,1,1,'2018-07-02 14:57:59','2018-07-02 17:57:59'),
 (336,56,139,140,NULL,459,'0',NULL,1,1,1,'2018-07-02 14:57:59','2018-07-02 17:57:59'),
 (337,56,138,139,122,460,'A',NULL,1,1,1,'2018-07-02 14:58:03','2018-07-02 17:58:03'),
 (338,56,138,139,123,461,'B',NULL,1,1,1,'2018-07-02 14:58:05','2018-07-02 17:58:05'),
 (339,56,138,139,122,462,'A',NULL,1,1,1,'2018-07-02 14:58:06','2018-07-02 17:58:06'),
 (340,56,138,139,122,463,'a',NULL,1,1,1,'2018-07-02 14:58:07','2018-07-02 17:58:07'),
 (341,56,139,140,NULL,464,'10',NULL,1,1,1,'2018-07-02 14:58:08','2018-07-02 17:58:08'),
 (342,56,138,139,123,465,'B',NULL,1,1,1,'2018-07-02 14:58:11','2018-07-02 17:58:11'),
 (343,56,140,NULL,NULL,466,'No',NULL,1,1,1,'2018-07-02 14:58:13','2018-07-02 17:58:13'),
 (344,56,138,139,122,467,'A',NULL,1,1,1,'2018-07-02 14:58:13','2018-07-02 17:58:13'),
 (345,56,140,NULL,NULL,468,'at the moment no',NULL,1,1,1,'2018-07-02 14:58:19','2018-07-02 17:58:19'),
 (346,56,139,140,NULL,469,'7',NULL,1,1,1,'2018-07-02 14:58:20','2018-07-02 17:58:20'),
 (347,56,139,140,NULL,470,'8',NULL,1,1,1,'2018-07-02 14:58:20','2018-07-02 17:58:20'),
 (348,56,139,140,NULL,471,'1',NULL,1,1,1,'2018-07-02 14:58:22','2018-07-02 17:58:22'),
 (349,56,138,139,122,472,'A',NULL,1,1,1,'2018-07-02 14:58:23','2018-07-02 17:58:23'),
 (350,56,138,139,123,473,'B',NULL,1,1,1,'2018-07-02 14:58:25','2018-07-02 17:58:25'),
 (351,56,139,140,NULL,474,'7',NULL,1,1,1,'2018-07-02 14:58:26','2018-07-02 17:58:26'),
 (352,56,140,NULL,NULL,475,'Thanks',NULL,1,1,1,'2018-07-02 14:58:28','2018-07-02 17:58:28'),
 (353,56,139,140,NULL,476,'8',NULL,1,1,1,'2018-07-02 14:58:28','2018-07-02 17:58:28'),
 (354,56,138,139,123,478,'B',NULL,1,1,1,'2018-07-02 14:58:37','2018-07-02 17:58:37'),
 (355,56,139,140,NULL,479,'0',NULL,1,1,1,'2018-07-02 14:58:38','2018-07-02 17:58:38'),
 (356,56,138,139,123,481,'B',NULL,1,1,1,'2018-07-02 14:58:40','2018-07-02 17:58:40'),
 (357,56,139,140,NULL,482,'10',NULL,1,1,1,'2018-07-02 14:58:49','2018-07-02 17:58:49'),
 (358,56,138,139,122,484,'A',NULL,1,1,1,'2018-07-02 14:59:00','2018-07-02 17:59:00'),
 (359,56,138,139,122,485,'A',NULL,1,1,1,'2018-07-02 14:59:03','2018-07-02 17:59:03'),
 (360,56,140,NULL,NULL,486,'Very bad',NULL,1,1,1,'2018-07-02 14:59:03','2018-07-02 17:59:03'),
 (361,56,139,140,NULL,487,'0',NULL,1,1,1,'2018-07-02 14:59:06','2018-07-02 17:59:06'),
 (362,56,139,140,NULL,488,'0',NULL,1,1,1,'2018-07-02 14:59:25','2018-07-02 17:59:25'),
 (363,56,139,140,NULL,489,'5',NULL,1,1,1,'2018-07-02 14:59:30','2018-07-02 17:59:30'),
 (364,56,138,139,122,490,'A',NULL,1,1,1,'2018-07-02 14:59:31','2018-07-02 17:59:31'),
 (365,56,138,139,123,491,'B',NULL,1,1,1,'2018-07-02 14:59:34','2018-07-02 17:59:34'),
 (366,56,140,NULL,NULL,492,'I called, no one answered and you know clearly your line isn\'t free. I wrote an email with clear information of my request...nothing positive so far',NULL,1,1,1,'2018-07-02 14:59:39','2018-07-02 17:59:39'),
 (367,56,138,139,122,493,'A',NULL,1,1,1,'2018-07-02 14:59:40','2018-07-02 17:59:40'),
 (368,56,140,NULL,NULL,494,'one life one bank',NULL,1,1,1,'2018-07-02 14:59:42','2018-07-02 17:59:42'),
 (369,56,138,139,122,495,'A',NULL,1,1,1,'2018-07-02 14:59:44','2018-07-02 17:59:44'),
 (370,56,138,139,122,496,'A',NULL,1,1,1,'2018-07-02 14:59:44','2018-07-02 17:59:44'),
 (371,56,139,140,NULL,497,'10',NULL,1,1,1,'2018-07-02 14:59:46','2018-07-02 17:59:46'),
 (372,56,138,139,122,498,'A',NULL,1,1,1,'2018-07-02 14:59:46','2018-07-02 17:59:46'),
 (373,56,140,NULL,NULL,499,'Am still waiting for my reset password',NULL,1,1,1,'2018-07-02 14:59:52','2018-07-02 17:59:52'),
 (374,56,138,139,122,500,'A',NULL,1,1,1,'2018-07-02 14:59:53','2018-07-02 17:59:53'),
 (375,56,139,140,NULL,501,'0',NULL,1,1,1,'2018-07-02 14:59:54','2018-07-02 17:59:54'),
 (376,56,138,139,122,503,'A',NULL,1,1,1,'2018-07-02 15:00:12','2018-07-02 18:00:12'),
 (377,56,140,NULL,NULL,504,'If I can top up my loan',NULL,1,1,1,'2018-07-02 15:00:24','2018-07-02 18:00:24'),
 (378,56,138,139,122,505,'A',NULL,1,1,1,'2018-07-02 15:00:25','2018-07-02 18:00:25'),
 (379,56,138,139,122,507,'A',NULL,1,1,1,'2018-07-02 15:00:42','2018-07-02 18:00:42'),
 (380,56,139,140,NULL,508,'10',NULL,1,1,1,'2018-07-02 15:00:43','2018-07-02 18:00:43'),
 (381,56,138,139,122,509,'A',NULL,1,1,1,'2018-07-02 15:00:51','2018-07-02 18:00:51'),
 (382,56,139,140,NULL,510,'6',NULL,1,1,1,'2018-07-02 15:00:59','2018-07-02 18:00:59'),
 (383,56,139,140,NULL,511,'10',NULL,1,1,1,'2018-07-02 15:01:19','2018-07-02 18:01:19'),
 (384,56,139,140,NULL,512,'10',NULL,1,1,1,'2018-07-02 15:01:24','2018-07-02 18:01:24'),
 (385,56,138,139,122,513,'A',NULL,1,1,1,'2018-07-02 15:01:30','2018-07-02 18:01:30'),
 (386,56,140,NULL,NULL,514,'No',NULL,1,1,1,'2018-07-02 15:01:38','2018-07-02 18:01:38'),
 (387,56,139,140,NULL,515,'9',NULL,1,1,1,'2018-07-02 15:01:45','2018-07-02 18:01:45'),
 (388,56,138,139,122,516,'A',NULL,1,1,1,'2018-07-02 15:02:10','2018-07-02 18:02:10'),
 (389,56,138,139,123,517,'B',NULL,1,1,1,'2018-07-02 15:02:10','2018-07-02 18:02:10'),
 (390,56,139,140,NULL,518,'10',NULL,1,1,1,'2018-07-02 15:02:27','2018-07-02 18:02:27'),
 (391,56,140,NULL,NULL,519,'I wanted to ask you about loan issue, wat is the procedure?',NULL,1,1,1,'2018-07-02 15:02:35','2018-07-02 18:02:35'),
 (392,56,138,139,122,520,'A',NULL,1,1,1,'2018-07-02 15:02:52','2018-07-02 18:02:52'),
 (393,56,138,139,122,521,'A',NULL,1,1,1,'2018-07-02 15:02:57','2018-07-02 18:02:57'),
 (394,56,138,139,122,522,'A',NULL,1,1,1,'2018-07-02 15:03:09','2018-07-02 18:03:09'),
 (395,56,138,139,122,523,'A',NULL,1,1,1,'2018-07-02 15:03:25','2018-07-02 18:03:25'),
 (396,56,138,139,122,524,'A',NULL,1,1,1,'2018-07-02 15:03:38','2018-07-02 18:03:38'),
 (397,56,139,140,NULL,525,'10',NULL,1,1,1,'2018-07-02 15:04:01','2018-07-02 18:04:01'),
 (398,56,138,139,122,526,'A',NULL,1,1,1,'2018-07-02 15:04:11','2018-07-02 18:04:11'),
 (399,56,138,139,122,528,'A',NULL,1,1,1,'2018-07-02 15:04:58','2018-07-02 18:04:58'),
 (400,56,138,139,122,529,'A',NULL,1,1,1,'2018-07-02 15:05:02','2018-07-02 18:05:02'),
 (401,56,138,139,122,530,'A',NULL,1,1,1,'2018-07-02 15:05:19','2018-07-02 18:05:19'),
 (402,56,139,140,NULL,531,'10',NULL,1,1,1,'2018-07-02 15:05:22','2018-07-02 18:05:22'),
 (403,56,140,NULL,NULL,532,'My experience with the bank has always been good. Keep up the good work. Thanks',NULL,1,1,1,'2018-07-02 15:05:41','2018-07-02 18:05:41'),
 (404,56,139,140,NULL,533,'10',NULL,1,1,1,'2018-07-02 15:05:48','2018-07-02 18:05:48'),
 (405,56,139,140,NULL,534,'9',NULL,1,1,1,'2018-07-02 15:06:04','2018-07-02 18:06:04'),
 (406,56,140,NULL,NULL,535,'Very rigid as a bank on loans to SMEs.',NULL,1,1,1,'2018-07-02 15:06:15','2018-07-02 18:06:15'),
 (407,56,138,139,122,538,'A',NULL,1,1,1,'2018-07-02 15:06:36','2018-07-02 18:06:36'),
 (408,56,140,NULL,NULL,539,'Keep it up,',NULL,1,1,1,'2018-07-02 15:06:54','2018-07-02 18:06:54'),
 (409,56,139,140,NULL,540,'10',NULL,1,1,1,'2018-07-02 15:07:25','2018-07-02 18:07:25'),
 (410,56,138,139,122,541,'A',NULL,1,1,1,'2018-07-02 15:08:33','2018-07-02 18:08:33'),
 (411,56,140,NULL,NULL,542,'Ur just amazing ....quick response \nVery promising and satisfactory answers',NULL,1,1,1,'2018-07-02 15:09:00','2018-07-02 18:09:00'),
 (412,56,139,140,NULL,543,'10',NULL,1,1,1,'2018-07-02 15:09:03','2018-07-02 18:09:03'),
 (413,56,139,140,NULL,544,'9',NULL,1,1,1,'2018-07-02 15:09:24','2018-07-02 18:09:24'),
 (414,56,140,NULL,NULL,545,'Keep up the good work',NULL,1,1,1,'2018-07-02 15:09:34','2018-07-02 18:09:34'),
 (415,56,138,139,123,546,'B',NULL,1,1,1,'2018-07-02 15:09:52','2018-07-02 18:09:52'),
 (416,56,139,140,NULL,547,'10',NULL,1,1,1,'2018-07-02 15:10:39','2018-07-02 18:10:39'),
 (417,56,138,139,123,548,'B',NULL,1,1,1,'2018-07-02 15:10:50','2018-07-02 18:10:50'),
 (418,56,139,140,NULL,549,'5',NULL,1,1,1,'2018-07-02 15:11:16','2018-07-02 18:11:16'),
 (419,56,139,140,NULL,550,'2',NULL,1,1,1,'2018-07-02 15:12:48','2018-07-02 18:12:48'),
 (420,56,138,139,123,552,'B',NULL,1,1,1,'2018-07-02 15:13:39','2018-07-02 18:13:39'),
 (421,56,139,140,NULL,553,'10',NULL,1,1,1,'2018-07-02 15:14:05','2018-07-02 18:14:05'),
 (422,56,138,139,122,554,'A',NULL,1,1,1,'2018-07-02 15:14:38','2018-07-02 18:14:38'),
 (423,56,138,139,122,555,'A',NULL,1,1,1,'2018-07-02 15:15:07','2018-07-02 18:15:07'),
 (424,56,139,140,NULL,556,'8',NULL,1,1,1,'2018-07-02 15:15:27','2018-07-02 18:15:27'),
 (425,56,138,139,122,557,'A',NULL,1,1,1,'2018-07-02 15:15:36','2018-07-02 18:15:36'),
 (426,56,138,139,122,558,'A',NULL,1,1,1,'2018-07-02 15:17:32','2018-07-02 18:17:32'),
 (427,56,140,NULL,NULL,560,'There should  be a n easier way of dealing with pin block',NULL,1,1,1,'2018-07-02 15:18:08','2018-07-02 18:18:08'),
 (428,56,139,140,NULL,561,'8',NULL,1,1,1,'2018-07-02 15:18:54','2018-07-02 18:18:54'),
 (429,56,139,140,NULL,563,'2',NULL,1,1,1,'2018-07-02 15:20:30','2018-07-02 18:20:30'),
 (430,56,138,139,123,565,'B',NULL,1,1,1,'2018-07-02 15:21:09','2018-07-02 18:21:09'),
 (431,56,139,140,NULL,566,'6',NULL,1,1,1,'2018-07-02 15:21:42','2018-07-02 18:21:42'),
 (432,56,140,NULL,NULL,567,' 0',NULL,1,1,1,'2018-07-02 15:22:14','2018-07-02 18:22:14'),
 (433,56,140,NULL,NULL,568,'The team need to remember to come back to customers once they raise issues and they are not fully resolved.',NULL,1,1,1,'2018-07-02 15:22:42','2018-07-02 18:22:42'),
 (434,56,138,139,122,569,'A',NULL,1,1,1,'2018-07-02 15:22:59','2018-07-02 18:22:59'),
 (435,56,138,139,122,570,'A',NULL,1,1,1,'2018-07-02 15:23:23','2018-07-02 18:23:23'),
 (436,56,139,140,NULL,571,'10',NULL,1,1,1,'2018-07-02 15:23:23','2018-07-02 18:23:23'),
 (437,56,139,140,NULL,572,'10',NULL,1,1,1,'2018-07-02 15:23:31','2018-07-02 18:23:31'),
 (438,56,139,140,NULL,573,'10',NULL,1,1,1,'2018-07-02 15:23:52','2018-07-02 18:23:52'),
 (439,56,139,140,NULL,574,'0',NULL,1,1,1,'2018-07-02 15:23:56','2018-07-02 18:23:56'),
 (440,56,140,NULL,NULL,575,'No',NULL,1,1,1,'2018-07-02 15:24:17','2018-07-02 18:24:17'),
 (441,56,138,139,122,576,'A',NULL,1,1,1,'2018-07-02 15:24:31','2018-07-02 18:24:31'),
 (442,56,138,139,123,577,'B',NULL,1,1,1,'2018-07-02 15:24:31','2018-07-02 18:24:31'),
 (443,56,140,NULL,NULL,578,'Continue with the good services',NULL,1,1,1,'2018-07-02 15:24:58','2018-07-02 18:24:58'),
 (444,56,139,140,NULL,579,'10',NULL,1,1,1,'2018-07-02 15:25:11','2018-07-02 18:25:11'),
 (445,56,138,139,122,580,'A',NULL,1,1,1,'2018-07-02 15:26:32','2018-07-02 18:26:32'),
 (446,56,138,139,122,581,'A',NULL,1,1,1,'2018-07-02 15:27:10','2018-07-02 18:27:10'),
 (447,56,138,139,123,582,'B',NULL,1,1,1,'2018-07-02 15:27:52','2018-07-02 18:27:52'),
 (448,56,139,140,NULL,583,'10',NULL,1,1,1,'2018-07-02 15:28:25','2018-07-02 18:28:25'),
 (449,56,138,139,122,585,'A',NULL,1,1,1,'2018-07-02 15:29:13','2018-07-02 18:29:13'),
 (450,56,139,140,NULL,586,'8',NULL,1,1,1,'2018-07-02 15:29:16','2018-07-02 18:29:16'),
 (451,56,140,NULL,NULL,587,'No',NULL,1,1,1,'2018-07-02 15:29:22','2018-07-02 18:29:22'),
 (452,56,138,139,122,589,'A',NULL,1,1,1,'2018-07-02 15:30:25','2018-07-02 18:30:25'),
 (453,56,139,140,NULL,590,'10',NULL,1,1,1,'2018-07-02 15:31:01','2018-07-02 18:31:01'),
 (454,56,139,140,NULL,591,'7',NULL,1,1,1,'2018-07-02 15:31:21','2018-07-02 18:31:21'),
 (455,56,140,NULL,NULL,592,'I like your services',NULL,1,1,1,'2018-07-02 15:31:53','2018-07-02 18:31:53'),
 (456,56,140,NULL,NULL,593,'The call took a bit long to be answered.',NULL,1,1,1,'2018-07-02 15:32:30','2018-07-02 18:32:30'),
 (457,56,140,NULL,NULL,594,'NIC Bank is very understandable and much helping small people to own assets and other needs.Good interest rate.only too much penalty this could have after amonth defauld.Thanks the management for good workment.',NULL,1,1,1,'2018-07-02 15:34:33','2018-07-02 18:34:33'),
 (458,56,138,139,123,596,'B',NULL,1,1,1,'2018-07-02 15:36:43','2018-07-02 18:36:43'),
 (459,56,140,NULL,NULL,597,'The customer experience that i got is zero rated.train your agents to improve on good service delivery',NULL,1,1,1,'2018-07-02 15:37:05','2018-07-02 18:37:05'),
 (460,56,139,140,NULL,598,'8',NULL,1,1,1,'2018-07-02 15:37:17','2018-07-02 18:37:17'),
 (461,56,138,139,122,599,'A',NULL,1,1,1,'2018-07-02 15:37:20','2018-07-02 18:37:20'),
 (462,56,140,NULL,NULL,600,'No',NULL,1,1,1,'2018-07-02 15:37:31','2018-07-02 18:37:31'),
 (463,56,139,140,NULL,601,'10',NULL,1,1,1,'2018-07-02 15:37:37','2018-07-02 18:37:37'),
 (464,56,138,139,122,603,'A',NULL,1,1,1,'2018-07-02 15:43:33','2018-07-02 18:43:33'),
 (465,56,138,139,123,604,'B',NULL,1,1,1,'2018-07-02 15:46:19','2018-07-02 18:46:19'),
 (466,56,139,140,NULL,605,'10',NULL,1,1,1,'2018-07-02 15:46:45','2018-07-02 18:46:45'),
 (467,56,140,NULL,NULL,606,'Please ensure that when someone requests for something as simple as a bank statement he gets it immediately. Otherwise this us a great bank',NULL,1,1,1,'2018-07-02 15:47:55','2018-07-02 18:47:55'),
 (468,56,138,139,122,608,'A',NULL,1,1,1,'2018-07-02 15:50:11','2018-07-02 18:50:11'),
 (469,56,138,139,123,609,'B',NULL,1,1,1,'2018-07-02 15:50:15','2018-07-02 18:50:15'),
 (470,56,139,140,NULL,610,'10',NULL,1,1,1,'2018-07-02 15:50:34','2018-07-02 18:50:34'),
 (471,56,140,NULL,NULL,611,'I realised that some of the workers work with auctioneers to get money yet they are paid by bank',NULL,1,1,1,'2018-07-02 15:50:40','2018-07-02 18:50:40'),
 (472,56,139,140,NULL,612,'0',NULL,1,1,1,'2018-07-02 15:50:53','2018-07-02 18:50:53'),
 (473,56,138,139,123,614,'B',NULL,1,1,1,'2018-07-02 15:56:21','2018-07-02 18:56:21'),
 (474,56,139,140,NULL,615,'1',NULL,1,1,1,'2018-07-02 15:57:31','2018-07-02 18:57:31'),
 (475,56,140,NULL,NULL,617,'i wanted to transfer money by pesalink but did not go so the bank filled the form for me to transfer they said pesalink can only tranfer by saving n not current A/c',NULL,1,1,1,'2018-07-02 16:08:24','2018-07-02 19:08:24'),
 (476,56,138,139,122,618,'A',NULL,1,1,1,'2018-07-02 16:27:48','2018-07-02 19:27:48'),
 (477,56,139,140,NULL,619,'0',NULL,1,1,1,'2018-07-02 16:28:20','2018-07-02 19:28:20'),
 (478,56,140,NULL,NULL,620,'Very poor services',NULL,1,1,1,'2018-07-02 16:29:07','2018-07-02 19:29:07'),
 (479,56,138,139,122,621,'A',NULL,1,1,1,'2018-07-02 16:40:44','2018-07-02 19:40:44'),
 (480,56,138,139,122,624,'A',NULL,1,1,1,'2018-07-02 16:51:51','2018-07-02 19:51:51'),
 (481,56,139,140,NULL,625,'10',NULL,1,1,1,'2018-07-02 16:52:19','2018-07-02 19:52:19'),
 (482,56,140,NULL,NULL,626,'Very good and pleasant customer service representative who dealt with all issues promptly and professionally',NULL,1,1,1,'2018-07-02 16:54:59','2018-07-02 19:54:59'),
 (483,56,138,139,122,629,'A',NULL,1,1,1,'2018-07-02 17:44:41','2018-07-02 20:44:41'),
 (484,56,138,139,122,630,'A',NULL,1,1,1,'2018-07-02 17:46:33','2018-07-02 20:46:33'),
 (485,56,138,139,123,632,'B',NULL,1,1,1,'2018-07-02 18:14:45','2018-07-02 21:14:45'),
 (486,56,138,139,122,633,'A',NULL,1,1,1,'2018-07-02 18:21:08','2018-07-02 21:21:08'),
 (487,56,139,140,NULL,634,'10',NULL,1,1,1,'2018-07-02 18:21:29','2018-07-02 21:21:29'),
 (488,56,140,NULL,NULL,635,'No',NULL,1,1,1,'2018-07-02 18:21:39','2018-07-02 21:21:39'),
 (489,56,138,139,122,637,'A',NULL,1,1,1,'2018-07-02 18:47:29','2018-07-02 21:47:29'),
 (490,56,138,139,123,643,'B',NULL,1,1,1,'2018-07-03 04:16:03','2018-07-03 07:16:03'),
 (491,56,139,140,NULL,644,'0',NULL,1,1,1,'2018-07-03 04:16:28','2018-07-03 07:16:28'),
 (492,56,138,139,123,645,'B',NULL,1,1,1,'2018-07-03 04:33:21','2018-07-03 07:33:21'),
 (493,56,139,140,NULL,646,'8',NULL,1,1,1,'2018-07-03 04:33:46','2018-07-03 07:33:46'),
 (494,56,140,NULL,NULL,647,'Sometimes call centre drop calls or take almost 10 minutes to attend to calls.',NULL,1,1,1,'2018-07-03 04:35:53','2018-07-03 07:35:53'),
 (495,56,138,139,122,649,'A',NULL,1,1,1,'2018-07-03 05:34:52','2018-07-03 08:34:52'),
 (496,56,139,140,NULL,650,'10',NULL,1,1,1,'2018-07-03 05:35:25','2018-07-03 08:35:25'),
 (497,56,140,NULL,NULL,651,'Counter service need to improve on speed..',NULL,1,1,1,'2018-07-03 05:36:33','2018-07-03 08:36:33'),
 (498,56,138,139,123,653,'B',NULL,1,1,1,'2018-07-03 06:09:43','2018-07-03 09:09:43'),
 (499,56,139,140,NULL,654,'3',NULL,1,1,1,'2018-07-03 06:10:08','2018-07-03 09:10:08'),
 (500,56,140,NULL,NULL,655,'Reversals are too complicated',NULL,1,1,1,'2018-07-03 06:10:42','2018-07-03 09:10:42'),
 (501,57,141,142,124,669,'A',NULL,1,1,1,'2018-07-03 14:43:32','2018-07-03 17:43:32'),
 (502,57,141,142,124,670,'A',NULL,1,1,1,'2018-07-03 14:43:46','2018-07-03 17:43:46'),
 (503,57,141,142,124,671,'A',NULL,1,1,1,'2018-07-03 14:43:47','2018-07-03 17:43:47'),
 (504,57,141,142,125,672,'B',NULL,1,1,1,'2018-07-03 14:43:47','2018-07-03 17:43:47'),
 (505,57,141,142,124,673,'A',NULL,1,1,1,'2018-07-03 14:43:48','2018-07-03 17:43:48'),
 (506,57,141,142,124,674,'A',NULL,1,1,1,'2018-07-03 14:43:49','2018-07-03 17:43:49'),
 (507,57,141,142,124,675,'A',NULL,1,1,1,'2018-07-03 14:43:49','2018-07-03 17:43:49'),
 (508,57,141,142,124,677,'A',NULL,1,1,1,'2018-07-03 14:43:58','2018-07-03 17:43:58'),
 (509,57,141,142,124,678,'A',NULL,1,1,1,'2018-07-03 14:44:03','2018-07-03 17:44:03'),
 (510,57,141,142,125,679,'B',NULL,1,1,1,'2018-07-03 14:44:04','2018-07-03 17:44:04'),
 (511,57,141,142,125,681,'B',NULL,1,1,1,'2018-07-03 14:44:08','2018-07-03 17:44:08'),
 (512,57,141,142,124,682,'A',NULL,1,1,1,'2018-07-03 14:44:11','2018-07-03 17:44:11'),
 (513,57,141,142,124,683,'A',NULL,1,1,1,'2018-07-03 14:44:13','2018-07-03 17:44:13'),
 (514,57,141,142,124,684,'A',NULL,1,1,1,'2018-07-03 14:44:16','2018-07-03 17:44:16'),
 (515,57,141,142,124,685,'A',NULL,1,1,1,'2018-07-03 14:44:17','2018-07-03 17:44:17'),
 (516,57,141,142,124,686,'A',NULL,1,1,1,'2018-07-03 14:44:18','2018-07-03 17:44:18'),
 (517,57,142,143,NULL,688,'10',NULL,1,1,1,'2018-07-03 14:44:21','2018-07-03 17:44:21'),
 (518,57,141,142,124,689,'A',NULL,1,1,1,'2018-07-03 14:44:23','2018-07-03 17:44:23'),
 (519,57,141,142,125,690,'B',NULL,1,1,1,'2018-07-03 14:44:25','2018-07-03 17:44:25'),
 (520,57,141,142,124,691,'A',NULL,1,1,1,'2018-07-03 14:44:28','2018-07-03 17:44:28'),
 (521,57,142,143,NULL,692,'10',NULL,1,1,1,'2018-07-03 14:44:30','2018-07-03 17:44:30'),
 (522,57,141,142,124,693,'A',NULL,1,1,1,'2018-07-03 14:44:31','2018-07-03 17:44:31'),
 (523,57,141,142,125,694,'B',NULL,1,1,1,'2018-07-03 14:44:31','2018-07-03 17:44:31'),
 (524,57,141,142,124,695,'A',NULL,1,1,1,'2018-07-03 14:44:31','2018-07-03 17:44:31'),
 (525,57,141,142,124,698,'A',NULL,1,1,1,'2018-07-03 14:44:35','2018-07-03 17:44:35'),
 (526,57,141,142,125,699,'B',NULL,1,1,1,'2018-07-03 14:44:36','2018-07-03 17:44:36'),
 (527,57,141,142,125,700,'B',NULL,1,1,1,'2018-07-03 14:44:36','2018-07-03 17:44:36'),
 (528,57,141,142,125,701,'B',NULL,1,1,1,'2018-07-03 14:44:39','2018-07-03 17:44:39'),
 (529,57,141,142,125,703,'B',NULL,1,1,1,'2018-07-03 14:44:39','2018-07-03 17:44:39'),
 (530,57,141,142,125,705,'B',NULL,1,1,1,'2018-07-03 14:44:42','2018-07-03 17:44:42'),
 (531,57,141,142,124,706,'A',NULL,1,1,1,'2018-07-03 14:44:42','2018-07-03 17:44:42'),
 (532,57,141,142,125,707,'B',NULL,1,1,1,'2018-07-03 14:44:42','2018-07-03 17:44:42'),
 (533,57,141,142,125,708,'B',NULL,1,1,1,'2018-07-03 14:44:45','2018-07-03 17:44:45'),
 (534,57,143,NULL,NULL,709,'Flexible loan terms',NULL,1,1,1,'2018-07-03 14:44:47','2018-07-03 17:44:47'),
 (535,57,143,NULL,NULL,710,'All good. Thank you',NULL,1,1,1,'2018-07-03 14:44:52','2018-07-03 17:44:52'),
 (536,57,141,142,125,711,'B',NULL,1,1,1,'2018-07-03 14:44:57','2018-07-03 17:44:57'),
 (537,57,142,143,NULL,712,'0',NULL,1,1,1,'2018-07-03 14:44:57','2018-07-03 17:44:57'),
 (538,57,142,143,NULL,713,'10',NULL,1,1,1,'2018-07-03 14:44:59','2018-07-03 17:44:59'),
 (539,57,141,142,124,714,'A',NULL,1,1,1,'2018-07-03 14:45:01','2018-07-03 17:45:01'),
 (540,57,141,142,124,715,'A',NULL,1,1,1,'2018-07-03 14:45:05','2018-07-03 17:45:05'),
 (541,57,142,143,NULL,716,'10',NULL,1,1,1,'2018-07-03 14:45:05','2018-07-03 17:45:05'),
 (542,57,141,142,125,718,'B',NULL,1,1,1,'2018-07-03 14:45:10','2018-07-03 17:45:10'),
 (543,57,142,143,NULL,719,'1',NULL,1,1,1,'2018-07-03 14:45:13','2018-07-03 17:45:13'),
 (544,57,142,143,NULL,720,'10',NULL,1,1,1,'2018-07-03 14:45:14','2018-07-03 17:45:14'),
 (545,57,142,143,NULL,721,'9',NULL,1,1,1,'2018-07-03 14:45:14','2018-07-03 17:45:14'),
 (546,57,142,143,NULL,722,'10',NULL,1,1,1,'2018-07-03 14:45:15','2018-07-03 17:45:15'),
 (547,57,141,142,124,723,'A',NULL,1,1,1,'2018-07-03 14:45:20','2018-07-03 17:45:20'),
 (548,57,143,NULL,NULL,725,'It was great. Thanks',NULL,1,1,1,'2018-07-03 14:45:31','2018-07-03 17:45:31'),
 (549,57,142,143,NULL,726,'10',NULL,1,1,1,'2018-07-03 14:45:31','2018-07-03 17:45:31'),
 (550,57,141,142,125,727,'B',NULL,1,1,1,'2018-07-03 14:45:35','2018-07-03 17:45:35'),
 (551,57,142,143,NULL,728,'10',NULL,1,1,1,'2018-07-03 14:45:36','2018-07-03 17:45:36'),
 (552,57,141,142,125,730,'B',NULL,1,1,1,'2018-07-03 14:45:43','2018-07-03 17:45:43'),
 (553,57,142,143,NULL,731,'10',NULL,1,1,1,'2018-07-03 14:45:47','2018-07-03 17:45:47'),
 (554,57,141,142,124,732,'A',NULL,1,1,1,'2018-07-03 14:45:48','2018-07-03 17:45:48'),
 (555,57,143,NULL,NULL,733,'Excellent.',NULL,1,1,1,'2018-07-03 14:45:54','2018-07-03 17:45:54'),
 (556,57,143,NULL,NULL,734,'Keep up the good work.',NULL,1,1,1,'2018-07-03 14:46:02','2018-07-03 17:46:02'),
 (557,57,141,142,124,735,'A',NULL,1,1,1,'2018-07-03 14:46:03','2018-07-03 17:46:03'),
 (558,57,141,142,124,736,'A',NULL,1,1,1,'2018-07-03 14:46:03','2018-07-03 17:46:03'),
 (559,57,142,143,NULL,737,'8',NULL,1,1,1,'2018-07-03 14:46:05','2018-07-03 17:46:05'),
 (560,57,142,143,NULL,738,'0',NULL,1,1,1,'2018-07-03 14:46:06','2018-07-03 17:46:06'),
 (561,57,143,NULL,NULL,740,'Improve on credit cards',NULL,1,1,1,'2018-07-03 14:46:08','2018-07-03 17:46:08'),
 (562,57,142,143,NULL,741,'2',NULL,1,1,1,'2018-07-03 14:46:13','2018-07-03 17:46:13'),
 (563,57,142,143,NULL,742,'10',NULL,1,1,1,'2018-07-03 14:46:14','2018-07-03 17:46:14'),
 (564,57,142,143,NULL,743,'10',NULL,1,1,1,'2018-07-03 14:46:15','2018-07-03 17:46:15'),
 (565,57,141,142,125,744,'B',NULL,1,1,1,'2018-07-03 14:46:20','2018-07-03 17:46:20'),
 (566,57,141,142,124,745,'A',NULL,1,1,1,'2018-07-03 14:46:22','2018-07-03 17:46:22'),
 (567,57,143,NULL,NULL,746,'No',NULL,1,1,1,'2018-07-03 14:46:29','2018-07-03 17:46:29'),
 (568,57,143,NULL,NULL,748,'IT solutions to issues should be instantly solved if possible or passed to IT team instead of call booking',NULL,1,1,1,'2018-07-03 14:46:38','2018-07-03 17:46:38'),
 (569,57,141,142,125,749,'B',NULL,1,1,1,'2018-07-03 14:46:43','2018-07-03 17:46:43'),
 (570,57,142,143,NULL,750,'8',NULL,1,1,1,'2018-07-03 14:46:44','2018-07-03 17:46:44'),
 (571,57,141,142,125,751,'B',NULL,1,1,1,'2018-07-03 14:46:45','2018-07-03 17:46:45'),
 (572,57,142,143,NULL,752,'10',NULL,1,1,1,'2018-07-03 14:46:56','2018-07-03 17:46:56'),
 (573,57,142,143,NULL,753,'9',NULL,1,1,1,'2018-07-03 14:46:57','2018-07-03 17:46:57'),
 (574,57,143,NULL,NULL,754,'Keep it up!!',NULL,1,1,1,'2018-07-03 14:46:58','2018-07-03 17:46:58'),
 (575,57,141,142,124,755,'A',NULL,1,1,1,'2018-07-03 14:46:59','2018-07-03 17:46:59'),
 (576,57,143,NULL,NULL,756,'YES',NULL,1,1,1,'2018-07-03 14:47:09','2018-07-03 17:47:09'),
 (577,57,143,NULL,NULL,757,'Pls sort out my issue',NULL,1,1,1,'2018-07-03 14:47:13','2018-07-03 17:47:13'),
 (578,57,142,143,NULL,758,'3',NULL,1,1,1,'2018-07-03 14:47:14','2018-07-03 17:47:14'),
 (579,57,143,NULL,NULL,759,'I need lone',NULL,1,1,1,'2018-07-03 14:47:37','2018-07-03 17:47:37'),
 (580,57,142,143,NULL,760,'10',NULL,1,1,1,'2018-07-03 14:47:43','2018-07-03 17:47:43'),
 (581,57,142,143,NULL,761,'0',NULL,1,1,1,'2018-07-03 14:47:49','2018-07-03 17:47:49'),
 (582,57,143,NULL,NULL,762,'Yes',NULL,1,1,1,'2018-07-03 14:47:55','2018-07-03 17:47:55'),
 (583,57,141,142,125,763,'B',NULL,1,1,1,'2018-07-03 14:47:57','2018-07-03 17:47:57'),
 (584,57,141,142,124,764,'A',NULL,1,1,1,'2018-07-03 14:48:38','2018-07-03 17:48:38'),
 (585,57,141,142,124,765,'A',NULL,1,1,1,'2018-07-03 14:48:41','2018-07-03 17:48:41'),
 (586,57,141,142,124,766,'A',NULL,1,1,1,'2018-07-03 14:48:47','2018-07-03 17:48:47'),
 (587,57,142,143,NULL,767,'8',NULL,1,1,1,'2018-07-03 14:48:54','2018-07-03 17:48:54'),
 (588,57,142,143,NULL,768,'7',NULL,1,1,1,'2018-07-03 14:48:59','2018-07-03 17:48:59'),
 (589,57,143,NULL,NULL,769,'Financial support by giving many to buy assets based vehicles and equipment s',NULL,1,1,1,'2018-07-03 14:49:06','2018-07-03 17:49:06'),
 (590,57,141,142,125,770,'B',NULL,1,1,1,'2018-07-03 14:49:11','2018-07-03 17:49:11'),
 (591,57,141,142,124,771,'A',NULL,1,1,1,'2018-07-03 14:49:15','2018-07-03 17:49:15'),
 (592,57,143,NULL,NULL,772,'I am not happy about delay in cashing cheques.',NULL,1,1,1,'2018-07-03 14:49:27','2018-07-03 17:49:27'),
 (593,57,141,142,124,773,'A',NULL,1,1,1,'2018-07-03 14:49:34','2018-07-03 17:49:34'),
 (594,57,143,NULL,NULL,776,'Check on interest rates on existing loans as per central bank rates',NULL,1,1,1,'2018-07-03 14:49:49','2018-07-03 17:49:49'),
 (595,57,143,NULL,NULL,777,'Aim to reduce d the incoming calls waiting time',NULL,1,1,1,'2018-07-03 14:49:54','2018-07-03 17:49:54'),
 (596,57,142,143,NULL,778,'10',NULL,1,1,1,'2018-07-03 14:49:55','2018-07-03 17:49:55'),
 (597,57,141,142,124,779,'A',NULL,1,1,1,'2018-07-03 14:50:07','2018-07-03 17:50:07'),
 (598,57,141,142,124,780,'A',NULL,1,1,1,'2018-07-03 14:50:10','2018-07-03 17:50:10'),
 (599,57,141,142,125,781,'B',NULL,1,1,1,'2018-07-03 14:50:10','2018-07-03 17:50:10'),
 (600,57,142,143,NULL,782,'10',NULL,1,1,1,'2018-07-03 14:50:23','2018-07-03 17:50:23'),
 (601,57,142,143,NULL,784,'7',NULL,1,1,1,'2018-07-03 14:50:47','2018-07-03 17:50:47'),
 (602,57,143,NULL,NULL,785,'Overall good experience',NULL,1,1,1,'2018-07-03 14:50:49','2018-07-03 17:50:49'),
 (603,57,141,142,124,786,'A',NULL,1,1,1,'2018-07-03 14:50:55','2018-07-03 17:50:55'),
 (604,57,141,142,124,787,'A',NULL,1,1,1,'2018-07-03 14:51:09','2018-07-03 17:51:09'),
 (605,57,141,142,124,788,'A',NULL,1,1,1,'2018-07-03 14:51:12','2018-07-03 17:51:12'),
 (606,57,141,142,124,789,'A',NULL,1,1,1,'2018-07-03 14:51:15','2018-07-03 17:51:15'),
 (607,57,142,143,NULL,790,'0',NULL,1,1,1,'2018-07-03 14:51:16','2018-07-03 17:51:16'),
 (608,57,143,NULL,NULL,791,'Poor customer care! I made transaction for Gotv on 30th up to now has not been credited. Imgn I called at 1pm today no positive feedback. Thus cant watch World Cup',NULL,1,1,1,'2018-07-03 14:51:17','2018-07-03 17:51:17'),
 (609,57,143,NULL,NULL,792,'Good environmen/ communication.reception n care',NULL,1,1,1,'2018-07-03 14:51:19','2018-07-03 17:51:19'),
 (610,57,141,142,124,793,'A',NULL,1,1,1,'2018-07-03 14:51:27','2018-07-03 17:51:27'),
 (611,57,143,NULL,NULL,794,'Pick my calls',NULL,1,1,1,'2018-07-03 14:51:42','2018-07-03 17:51:42'),
 (612,57,141,142,125,795,'B',NULL,1,1,1,'2018-07-03 14:51:52','2018-07-03 17:51:52'),
 (613,57,142,143,NULL,796,'10',NULL,1,1,1,'2018-07-03 14:51:54','2018-07-03 17:51:54'),
 (614,57,141,142,125,797,'B',NULL,1,1,1,'2018-07-03 14:51:56','2018-07-03 17:51:56'),
 (615,57,141,142,125,799,'B',NULL,1,1,1,'2018-07-03 14:52:23','2018-07-03 17:52:23'),
 (616,57,141,142,124,800,'A',NULL,1,1,1,'2018-07-03 14:52:26','2018-07-03 17:52:26'),
 (617,57,142,143,NULL,801,'10',NULL,1,1,1,'2018-07-03 14:52:33','2018-07-03 17:52:33'),
 (618,57,142,143,NULL,802,'10',NULL,1,1,1,'2018-07-03 14:52:53','2018-07-03 17:52:53'),
 (619,57,143,NULL,NULL,803,'You\'re the best bank of all I know. Keep it up!',NULL,1,1,1,'2018-07-03 14:53:02','2018-07-03 17:53:02'),
 (620,57,143,NULL,NULL,806,'Keep it up.',NULL,1,1,1,'2018-07-03 14:53:38','2018-07-03 17:53:38'),
 (621,57,141,142,124,807,'A',NULL,1,1,1,'2018-07-03 14:53:54','2018-07-03 17:53:54'),
 (622,57,142,143,NULL,808,'10',NULL,1,1,1,'2018-07-03 14:54:18','2018-07-03 17:54:18'),
 (623,57,141,142,125,809,'B',NULL,1,1,1,'2018-07-03 14:54:28','2018-07-03 17:54:28'),
 (624,57,143,NULL,NULL,810,'Yes, your customer service are also there to respond to my calls, whatever time i call for assistance and are kind and gladly to advice. Thanks for that',NULL,1,1,1,'2018-07-03 14:55:55','2018-07-03 17:55:55'),
 (625,57,141,142,125,813,'B',NULL,1,1,1,'2018-07-03 14:57:00','2018-07-03 17:57:00'),
 (626,57,141,142,125,814,'B',NULL,1,1,1,'2018-07-03 14:57:26','2018-07-03 17:57:26'),
 (627,57,141,142,124,815,'A',NULL,1,1,1,'2018-07-03 14:58:40','2018-07-03 17:58:40'),
 (628,57,142,143,NULL,816,'2',NULL,1,1,1,'2018-07-03 14:58:56','2018-07-03 17:58:56'),
 (629,57,142,143,NULL,817,'0',NULL,1,1,1,'2018-07-03 14:59:19','2018-07-03 17:59:19'),
 (630,57,142,143,NULL,818,'0',NULL,1,1,1,'2018-07-03 14:59:34','2018-07-03 17:59:34'),
 (631,57,143,NULL,NULL,819,'I haven\'t been sorted yet despite the promise',NULL,1,1,1,'2018-07-03 15:00:05','2018-07-03 18:00:05'),
 (632,57,142,143,NULL,820,'10',NULL,1,1,1,'2018-07-03 15:00:32','2018-07-03 18:00:32'),
 (633,57,142,143,NULL,821,'7',NULL,1,1,1,'2018-07-03 15:00:38','2018-07-03 18:00:38'),
 (634,57,141,142,124,822,'A',NULL,1,1,1,'2018-07-03 15:00:58','2018-07-03 18:00:58'),
 (635,57,141,142,124,823,'A',NULL,1,1,1,'2018-07-03 15:01:02','2018-07-03 18:01:02'),
 (636,57,143,NULL,NULL,824,'Yeah bt l would like to know the rates and interest of fixed savings account',NULL,1,1,1,'2018-07-03 15:01:09','2018-07-03 18:01:09'),
 (637,57,142,143,NULL,825,'10',NULL,1,1,1,'2018-07-03 15:01:12','2018-07-03 18:01:12'),
 (638,57,141,142,124,826,'A',NULL,1,1,1,'2018-07-03 15:01:30','2018-07-03 18:01:30'),
 (639,57,141,142,124,827,'A',NULL,1,1,1,'2018-07-03 15:01:38','2018-07-03 18:01:38'),
 (640,57,143,NULL,NULL,828,'I am impresses',NULL,1,1,1,'2018-07-03 15:01:39','2018-07-03 18:01:39'),
 (641,57,141,142,124,832,'A',NULL,1,1,1,'2018-07-03 15:03:22','2018-07-03 18:03:22'),
 (642,57,142,143,NULL,833,'9',NULL,1,1,1,'2018-07-03 15:03:43','2018-07-03 18:03:43'),
 (643,57,141,142,124,834,'A',NULL,1,1,1,'2018-07-03 15:03:58','2018-07-03 18:03:58'),
 (644,57,141,142,124,835,'A',NULL,1,1,1,'2018-07-03 15:04:24','2018-07-03 18:04:24'),
 (645,57,142,143,NULL,836,'10',NULL,1,1,1,'2018-07-03 15:04:29','2018-07-03 18:04:29'),
 (646,57,141,142,124,837,'A',NULL,1,1,1,'2018-07-03 15:04:44','2018-07-03 18:04:44'),
 (647,57,142,143,NULL,838,'9',NULL,1,1,1,'2018-07-03 15:04:53','2018-07-03 18:04:53'),
 (648,57,142,143,NULL,839,'10',NULL,1,1,1,'2018-07-03 15:05:12','2018-07-03 18:05:12'),
 (649,57,143,NULL,NULL,840,'Good customer service.',NULL,1,1,1,'2018-07-03 15:05:33','2018-07-03 18:05:33'),
 (650,57,142,143,NULL,842,'9',NULL,1,1,1,'2018-07-03 15:06:44','2018-07-03 18:06:44'),
 (651,57,143,NULL,NULL,843,'I wasn\'t called back to solve my problem.',NULL,1,1,1,'2018-07-03 15:06:44','2018-07-03 18:06:44'),
 (652,57,141,142,124,844,'A',NULL,1,1,1,'2018-07-03 15:06:52','2018-07-03 18:06:52'),
 (653,57,143,NULL,NULL,845,'No',NULL,1,1,1,'2018-07-03 15:07:18','2018-07-03 18:07:18'),
 (654,57,141,142,125,846,'B',NULL,1,1,1,'2018-07-03 15:08:08','2018-07-03 18:08:08'),
 (655,57,142,143,NULL,847,'0',NULL,1,1,1,'2018-07-03 15:08:33','2018-07-03 18:08:33'),
 (656,57,141,142,124,848,'A',NULL,1,1,1,'2018-07-03 15:08:38','2018-07-03 18:08:38'),
 (657,57,143,NULL,NULL,849,'No',NULL,1,1,1,'2018-07-03 15:08:51','2018-07-03 18:08:51'),
 (658,57,142,143,NULL,850,'0',NULL,1,1,1,'2018-07-03 15:09:43','2018-07-03 18:09:43'),
 (659,57,141,142,124,852,'A',NULL,1,1,1,'2018-07-03 15:10:21','2018-07-03 18:10:21'),
 (660,57,143,NULL,NULL,853,'NO',NULL,1,1,1,'2018-07-03 15:10:43','2018-07-03 18:10:43'),
 (661,57,142,143,NULL,854,'9',NULL,1,1,1,'2018-07-03 15:11:23','2018-07-03 18:11:23'),
 (662,57,141,142,125,855,'B',NULL,1,1,1,'2018-07-03 15:15:48','2018-07-03 18:15:48'),
 (663,57,141,142,125,856,'B',NULL,1,1,1,'2018-07-03 15:16:42','2018-07-03 18:16:42'),
 (664,57,142,143,NULL,857,'0',NULL,1,1,1,'2018-07-03 15:17:09','2018-07-03 18:17:09'),
 (665,57,143,NULL,NULL,860,'Very amateur resolution being a financial institution.',NULL,1,1,1,'2018-07-03 15:24:35','2018-07-03 18:24:35'),
 (666,57,141,142,125,861,'B',NULL,1,1,1,'2018-07-03 15:24:54','2018-07-03 18:24:54'),
 (667,57,141,142,124,862,'A',NULL,1,1,1,'2018-07-03 15:26:48','2018-07-03 18:26:48');
INSERT INTO `surveyanswers` (`answerID`,`surveyID`,`questionID`,`nextQuestionID`,`variantID`,`inboxID`,`answer`,`extra`,`status`,`createdBy`,`updatedBy`,`dateModified`,`dateCreated`) VALUES 
 (668,57,142,143,NULL,863,'10',NULL,1,1,1,'2018-07-03 15:27:08','2018-07-03 18:27:08'),
 (669,57,141,142,124,864,'A',NULL,1,1,1,'2018-07-03 15:27:44','2018-07-03 18:27:44'),
 (670,57,142,143,NULL,865,'8',NULL,1,1,1,'2018-07-03 15:27:55','2018-07-03 18:27:55'),
 (671,57,141,142,124,866,'A',NULL,1,1,1,'2018-07-03 15:28:00','2018-07-03 18:28:00'),
 (672,57,141,142,124,867,'A',NULL,1,1,1,'2018-07-03 15:28:42','2018-07-03 18:28:42'),
 (673,57,142,143,NULL,868,'8',NULL,1,1,1,'2018-07-03 15:29:53','2018-07-03 18:29:53'),
 (674,57,141,142,124,869,'A',NULL,1,1,1,'2018-07-03 15:30:14','2018-07-03 18:30:14'),
 (675,57,143,NULL,NULL,870,'No.',NULL,1,1,1,'2018-07-03 15:30:45','2018-07-03 18:30:45'),
 (676,57,142,143,NULL,872,'9',NULL,1,1,1,'2018-07-03 15:34:13','2018-07-03 18:34:13'),
 (677,57,143,NULL,NULL,873,'Polite attedance',NULL,1,1,1,'2018-07-03 15:35:32','2018-07-03 18:35:32'),
 (678,57,141,142,125,874,'B',NULL,1,1,1,'2018-07-03 15:40:58','2018-07-03 18:40:58'),
 (679,57,141,142,124,875,'A',NULL,1,1,1,'2018-07-03 15:41:44','2018-07-03 18:41:44'),
 (680,57,142,143,NULL,877,'10',NULL,1,1,1,'2018-07-03 15:42:30','2018-07-03 18:42:30'),
 (681,57,141,142,124,879,'A',NULL,1,1,1,'2018-07-03 15:44:00','2018-07-03 18:44:00'),
 (682,57,141,142,124,880,'A',NULL,1,1,1,'2018-07-03 15:44:04','2018-07-03 18:44:04'),
 (683,57,142,143,NULL,881,'9',NULL,1,1,1,'2018-07-03 15:44:57','2018-07-03 18:44:57'),
 (684,57,142,143,NULL,882,'8',NULL,1,1,1,'2018-07-03 15:45:18','2018-07-03 18:45:18'),
 (685,57,143,NULL,NULL,883,'No i was satisfied',NULL,1,1,1,'2018-07-03 15:45:30','2018-07-03 18:45:30'),
 (686,57,143,NULL,NULL,884,'No',NULL,1,1,1,'2018-07-03 15:46:23','2018-07-03 18:46:23'),
 (687,57,141,142,124,885,'A',NULL,1,1,1,'2018-07-03 15:50:11','2018-07-03 18:50:11'),
 (688,57,142,143,NULL,886,'10',NULL,1,1,1,'2018-07-03 15:50:41','2018-07-03 18:50:41'),
 (689,57,143,NULL,NULL,887,'Just my appreciation for the assistance.',NULL,1,1,1,'2018-07-03 15:51:44','2018-07-03 18:51:44'),
 (690,57,141,142,125,888,'B',NULL,1,1,1,'2018-07-03 15:51:54','2018-07-03 18:51:54'),
 (691,57,142,143,NULL,889,'4',NULL,1,1,1,'2018-07-03 15:52:28','2018-07-03 18:52:28'),
 (692,57,143,NULL,NULL,891,'Third call and no way forward on the issue.',NULL,1,1,1,'2018-07-03 15:53:32','2018-07-03 18:53:32'),
 (693,57,142,143,NULL,892,'0',NULL,1,1,1,'2018-07-03 15:53:33','2018-07-03 18:53:33'),
 (694,57,141,142,124,893,'A',NULL,1,1,1,'2018-07-03 15:54:00','2018-07-03 18:54:00'),
 (695,57,142,143,NULL,894,'10',NULL,1,1,1,'2018-07-03 15:54:26','2018-07-03 18:54:26'),
 (696,57,141,142,124,895,'A',NULL,1,1,1,'2018-07-03 15:55:40','2018-07-03 18:55:40'),
 (697,57,142,143,NULL,896,'9',NULL,1,1,1,'2018-07-03 15:56:26','2018-07-03 18:56:26'),
 (698,57,141,142,124,897,'A',NULL,1,1,1,'2018-07-03 15:56:41','2018-07-03 18:56:41'),
 (699,57,143,NULL,NULL,898,'ATMs,please ADD them. make them reachable.',NULL,1,1,1,'2018-07-03 15:56:51','2018-07-03 18:56:51'),
 (700,57,143,NULL,NULL,899,'No',NULL,1,1,1,'2018-07-03 15:57:21','2018-07-03 18:57:21'),
 (701,57,142,143,NULL,900,'10',NULL,1,1,1,'2018-07-03 15:57:30','2018-07-03 18:57:30'),
 (702,57,141,142,124,902,'A',NULL,1,1,1,'2018-07-03 15:59:00','2018-07-03 18:59:00'),
 (703,57,141,142,125,903,'B',NULL,1,1,1,'2018-07-03 15:59:25','2018-07-03 18:59:25'),
 (704,57,142,143,NULL,904,'10',NULL,1,1,1,'2018-07-03 15:59:32','2018-07-03 18:59:32'),
 (705,57,143,NULL,NULL,905,'Awesome experience',NULL,1,1,1,'2018-07-03 15:59:57','2018-07-03 18:59:57'),
 (706,57,141,142,124,906,'A',NULL,1,1,1,'2018-07-03 16:00:22','2018-07-03 19:00:22'),
 (707,57,142,143,NULL,907,'10',NULL,1,1,1,'2018-07-03 16:00:42','2018-07-03 19:00:42'),
 (708,57,143,NULL,NULL,908,'No. My issue was sorted\n',NULL,1,1,1,'2018-07-03 16:01:26','2018-07-03 19:01:26'),
 (709,57,141,142,124,909,'A',NULL,1,1,1,'2018-07-03 16:02:29','2018-07-03 19:02:29'),
 (710,57,142,143,NULL,910,'10',NULL,1,1,1,'2018-07-03 16:02:47','2018-07-03 19:02:47'),
 (711,57,143,NULL,NULL,911,'No. Keep up the good work.',NULL,1,1,1,'2018-07-03 16:03:12','2018-07-03 19:03:12'),
 (712,57,141,142,125,912,'B',NULL,1,1,1,'2018-07-03 16:05:50','2018-07-03 19:05:50'),
 (713,57,142,143,NULL,913,'5',NULL,1,1,1,'2018-07-03 16:06:43','2018-07-03 19:06:43'),
 (714,57,141,142,124,915,'A',NULL,1,1,1,'2018-07-03 16:15:22','2018-07-03 19:15:22'),
 (715,57,141,142,125,917,'B',NULL,1,1,1,'2018-07-03 16:31:36','2018-07-03 19:31:36'),
 (716,57,143,NULL,NULL,918,'So far my experience with you has been pleasant',NULL,1,1,1,'2018-07-03 16:40:33','2018-07-03 19:40:33'),
 (717,57,141,142,124,919,'A',NULL,1,1,1,'2018-07-03 16:50:35','2018-07-03 19:50:35'),
 (718,57,142,143,NULL,920,'5',NULL,1,1,1,'2018-07-03 16:50:51','2018-07-03 19:50:51'),
 (719,57,143,NULL,NULL,921,'No',NULL,1,1,1,'2018-07-03 16:51:03','2018-07-03 19:51:03'),
 (720,57,141,142,124,922,'A',NULL,1,1,1,'2018-07-03 17:07:32','2018-07-03 20:07:32'),
 (721,57,141,142,124,923,'A',NULL,1,1,1,'2018-07-03 17:08:44','2018-07-03 20:08:44'),
 (722,57,142,143,NULL,924,'9',NULL,1,1,1,'2018-07-03 17:09:23','2018-07-03 20:09:23'),
 (723,57,141,142,124,927,'A',NULL,1,1,1,'2018-07-03 17:23:41','2018-07-03 20:23:41'),
 (724,57,142,143,NULL,928,'8',NULL,1,1,1,'2018-07-03 17:24:38','2018-07-03 20:24:38'),
 (725,57,143,NULL,NULL,929,'Try and take a shorter period of time while handling customers matters. It took me days for approval of a loan to Kinginya. I had to look for alternative funding before you approved. Hope it won\'t happen again.',NULL,1,1,1,'2018-07-03 17:28:05','2018-07-03 20:28:05'),
 (726,57,141,142,125,930,'B',NULL,1,1,1,'2018-07-03 17:32:29','2018-07-03 20:32:29'),
 (727,57,141,142,124,931,'A',NULL,1,1,1,'2018-07-03 17:48:16','2018-07-03 20:48:16'),
 (728,57,141,142,124,932,'A',NULL,1,1,1,'2018-07-03 18:35:59','2018-07-03 21:35:59'),
 (729,57,141,142,125,933,'B',NULL,1,1,1,'2018-07-03 18:36:15','2018-07-03 21:36:15'),
 (730,57,142,143,NULL,935,'10',NULL,1,1,1,'2018-07-03 18:36:41','2018-07-03 21:36:41'),
 (731,57,142,143,NULL,936,'3',NULL,1,1,1,'2018-07-03 18:36:58','2018-07-03 21:36:58'),
 (732,57,141,142,124,937,'A',NULL,1,1,1,'2018-07-03 19:10:48','2018-07-03 22:10:48'),
 (733,57,142,143,NULL,938,'10',NULL,1,1,1,'2018-07-03 19:11:01','2018-07-03 22:11:01'),
 (734,57,141,142,124,939,'A',NULL,1,1,1,'2018-07-03 19:26:35','2018-07-03 22:26:35'),
 (735,57,142,143,NULL,940,'10',NULL,1,1,1,'2018-07-03 19:27:06','2018-07-03 22:27:06'),
 (736,57,143,NULL,NULL,941,'Efficiency is good',NULL,1,1,1,'2018-07-03 19:27:51','2018-07-03 22:27:51'),
 (737,57,141,142,124,943,'A',NULL,1,1,1,'2018-07-04 03:11:09','2018-07-04 06:11:09'),
 (738,57,142,143,NULL,944,'8',NULL,1,1,1,'2018-07-04 03:12:48','2018-07-04 06:12:48'),
 (739,57,143,NULL,NULL,945,'No',NULL,1,1,1,'2018-07-04 03:13:20','2018-07-04 06:13:20'),
 (740,57,141,142,124,949,'A',NULL,1,1,1,'2018-07-04 05:18:23','2018-07-04 08:18:23'),
 (741,57,142,143,NULL,950,'10',NULL,1,1,1,'2018-07-04 05:19:28','2018-07-04 08:19:28'),
 (742,56,138,139,122,953,'A',NULL,1,1,1,'2018-07-04 07:44:02','2018-07-04 10:44:02'),
 (743,56,139,140,NULL,954,'10',NULL,1,1,1,'2018-07-04 07:44:56','2018-07-04 10:44:56'),
 (744,56,140,NULL,NULL,955,'To thank u for the u have helped us in asset finance',NULL,1,1,1,'2018-07-04 07:49:00','2018-07-04 10:49:00'),
 (745,57,141,142,124,965,'A',NULL,1,1,1,'2018-07-04 12:10:54','2018-07-04 15:10:54'),
 (746,57,142,143,NULL,966,'10',NULL,1,1,1,'2018-07-04 12:11:33','2018-07-04 15:11:33'),
 (747,58,144,145,126,971,'A',NULL,1,1,1,'2018-07-04 15:52:33','2018-07-04 18:52:33'),
 (748,58,144,145,126,972,'A',NULL,1,1,1,'2018-07-04 15:52:38','2018-07-04 18:52:38'),
 (749,58,144,145,126,973,'A',NULL,1,1,1,'2018-07-04 15:52:38','2018-07-04 18:52:38'),
 (750,58,144,145,127,974,'B',NULL,1,1,1,'2018-07-04 15:52:40','2018-07-04 18:52:40'),
 (751,58,144,145,127,975,'B',NULL,1,1,1,'2018-07-04 15:52:44','2018-07-04 18:52:44'),
 (752,58,144,145,126,976,'A',NULL,1,1,1,'2018-07-04 15:52:46','2018-07-04 18:52:46'),
 (753,58,144,145,126,977,'A',NULL,1,1,1,'2018-07-04 15:52:47','2018-07-04 18:52:47'),
 (754,58,145,146,NULL,978,'10',NULL,1,1,1,'2018-07-04 15:52:49','2018-07-04 18:52:49'),
 (755,58,144,145,126,979,'A',NULL,1,1,1,'2018-07-04 15:52:51','2018-07-04 18:52:51'),
 (756,58,144,145,126,980,'A',NULL,1,1,1,'2018-07-04 15:52:54','2018-07-04 18:52:54'),
 (757,58,144,145,126,981,'A',NULL,1,1,1,'2018-07-04 15:52:55','2018-07-04 18:52:55'),
 (758,58,144,145,126,982,'A',NULL,1,1,1,'2018-07-04 15:52:55','2018-07-04 18:52:55'),
 (759,58,144,145,126,983,'A',NULL,1,1,1,'2018-07-04 15:52:56','2018-07-04 18:52:56'),
 (760,58,144,145,126,984,'A',NULL,1,1,1,'2018-07-04 15:52:58','2018-07-04 18:52:58'),
 (761,58,145,146,NULL,985,'0',NULL,1,1,1,'2018-07-04 15:53:00','2018-07-04 18:53:00'),
 (762,58,145,146,NULL,986,'0',NULL,1,1,1,'2018-07-04 15:53:03','2018-07-04 18:53:03'),
 (763,58,144,145,126,987,'A',NULL,1,1,1,'2018-07-04 15:53:04','2018-07-04 18:53:04'),
 (764,58,144,145,127,988,'B',NULL,1,1,1,'2018-07-04 15:53:05','2018-07-04 18:53:05'),
 (765,58,144,145,126,989,'A',NULL,1,1,1,'2018-07-04 15:53:07','2018-07-04 18:53:07'),
 (766,58,145,146,NULL,990,'10',NULL,1,1,1,'2018-07-04 15:53:08','2018-07-04 18:53:08'),
 (767,58,144,145,126,991,'A',NULL,1,1,1,'2018-07-04 15:53:09','2018-07-04 18:53:09'),
 (768,58,144,145,126,992,'A',NULL,1,1,1,'2018-07-04 15:53:11','2018-07-04 18:53:11'),
 (769,58,145,146,NULL,993,'10',NULL,1,1,1,'2018-07-04 15:53:15','2018-07-04 18:53:15'),
 (770,58,144,145,126,995,'A',NULL,1,1,1,'2018-07-04 15:53:16','2018-07-04 18:53:16'),
 (771,58,144,145,126,996,'A',NULL,1,1,1,'2018-07-04 15:53:17','2018-07-04 18:53:17'),
 (772,58,145,146,NULL,997,'4',NULL,1,1,1,'2018-07-04 15:53:19','2018-07-04 18:53:19'),
 (773,58,144,145,126,999,'A',NULL,1,1,1,'2018-07-04 15:53:20','2018-07-04 18:53:20'),
 (774,58,144,145,126,1000,'A',NULL,1,1,1,'2018-07-04 15:53:22','2018-07-04 18:53:22'),
 (775,58,146,NULL,NULL,1001,'Am disappointed',NULL,1,1,1,'2018-07-04 15:53:23','2018-07-04 18:53:23'),
 (776,58,145,146,NULL,1002,'10',NULL,1,1,1,'2018-07-04 15:53:23','2018-07-04 18:53:23'),
 (777,58,144,145,126,1003,'A',NULL,1,1,1,'2018-07-04 15:53:24','2018-07-04 18:53:24'),
 (778,58,145,146,NULL,1004,'8',NULL,1,1,1,'2018-07-04 15:53:25','2018-07-04 18:53:25'),
 (779,58,145,146,NULL,1006,'8',NULL,1,1,1,'2018-07-04 15:53:29','2018-07-04 18:53:29'),
 (780,58,145,146,NULL,1008,'10',NULL,1,1,1,'2018-07-04 15:53:33','2018-07-04 18:53:33'),
 (781,58,146,NULL,NULL,1009,'Im looking forward to banking with you',NULL,1,1,1,'2018-07-04 15:53:36','2018-07-04 18:53:36'),
 (782,58,145,146,NULL,1010,'8',NULL,1,1,1,'2018-07-04 15:53:39','2018-07-04 18:53:39'),
 (783,58,145,146,NULL,1011,'10',NULL,1,1,1,'2018-07-04 15:53:39','2018-07-04 18:53:39'),
 (784,58,146,NULL,NULL,1012,'I loved it',NULL,1,1,1,'2018-07-04 15:53:40','2018-07-04 18:53:40'),
 (785,58,146,NULL,NULL,1013,'Keep it up',NULL,1,1,1,'2018-07-04 15:53:44','2018-07-04 18:53:44'),
 (786,58,145,146,NULL,1014,'10',NULL,1,1,1,'2018-07-04 15:53:44','2018-07-04 18:53:44'),
 (787,58,144,145,126,1015,'A',NULL,1,1,1,'2018-07-04 15:53:46','2018-07-04 18:53:46'),
 (788,58,144,145,126,1016,'A',NULL,1,1,1,'2018-07-04 15:53:48','2018-07-04 18:53:48'),
 (789,58,145,146,NULL,1017,'10',NULL,1,1,1,'2018-07-04 15:53:49','2018-07-04 18:53:49'),
 (790,58,146,NULL,NULL,1018,'I\'m still waiting for the feedback',NULL,1,1,1,'2018-07-04 15:53:49','2018-07-04 18:53:49'),
 (791,58,145,146,NULL,1020,'10',NULL,1,1,1,'2018-07-04 15:53:51','2018-07-04 18:53:51'),
 (792,58,144,145,127,1021,'B',NULL,1,1,1,'2018-07-04 15:53:54','2018-07-04 18:53:54'),
 (793,58,145,146,NULL,1022,'0',NULL,1,1,1,'2018-07-04 15:53:55','2018-07-04 18:53:55'),
 (794,58,146,NULL,NULL,1023,'I am a satisfied customer. Thank you',NULL,1,1,1,'2018-07-04 15:53:58','2018-07-04 18:53:58'),
 (795,58,144,145,127,1025,'B',NULL,1,1,1,'2018-07-04 15:54:00','2018-07-04 18:54:00'),
 (796,58,145,146,NULL,1027,'6',NULL,1,1,1,'2018-07-04 15:54:03','2018-07-04 18:54:03'),
 (797,58,145,146,NULL,1028,'0',NULL,1,1,1,'2018-07-04 15:54:05','2018-07-04 18:54:05'),
 (798,58,146,NULL,NULL,1030,'No',NULL,1,1,1,'2018-07-04 15:54:08','2018-07-04 18:54:08'),
 (799,58,146,NULL,NULL,1031,'No',NULL,1,1,1,'2018-07-04 15:54:10','2018-07-04 18:54:10'),
 (800,58,145,146,NULL,1033,'10',NULL,1,1,1,'2018-07-04 15:54:16','2018-07-04 18:54:16'),
 (801,58,145,146,NULL,1034,'9',NULL,1,1,1,'2018-07-04 15:54:20','2018-07-04 18:54:20'),
 (802,58,145,146,NULL,1036,'10',NULL,1,1,1,'2018-07-04 15:54:22','2018-07-04 18:54:22'),
 (803,58,146,NULL,NULL,1037,'Yes',NULL,1,1,1,'2018-07-04 15:54:24','2018-07-04 18:54:24'),
 (804,58,144,145,126,1038,'A',NULL,1,1,1,'2018-07-04 15:54:25','2018-07-04 18:54:25'),
 (805,58,144,145,127,1039,'B',NULL,1,1,1,'2018-07-04 15:54:33','2018-07-04 18:54:33'),
 (806,58,146,NULL,NULL,1040,'0',NULL,1,1,1,'2018-07-04 15:54:42','2018-07-04 18:54:42'),
 (807,58,144,145,126,1042,'A',NULL,1,1,1,'2018-07-04 15:54:49','2018-07-04 18:54:49'),
 (808,58,146,NULL,NULL,1043,'Service quality has declined over the years. Seriously shopping for an alternative bank.',NULL,1,1,1,'2018-07-04 15:54:51','2018-07-04 18:54:51'),
 (809,58,144,145,127,1044,'B',NULL,1,1,1,'2018-07-04 15:54:52','2018-07-04 18:54:52'),
 (810,58,145,146,NULL,1045,'10',NULL,1,1,1,'2018-07-04 15:54:53','2018-07-04 18:54:53'),
 (811,58,144,145,126,1046,'A',NULL,1,1,1,'2018-07-04 15:54:58','2018-07-04 18:54:58'),
 (812,58,146,NULL,NULL,1047,'Am satisfied',NULL,1,1,1,'2018-07-04 15:55:01','2018-07-04 18:55:01'),
 (813,58,146,NULL,NULL,1048,'On several occasions in the last few months I have banked cheques and realized that they have not been credited to our account for various reasons . Once we complain , the cheques are then credited to us . This is very inconvenient , costly and unacceptable to us as an SME',NULL,1,1,1,'2018-07-04 15:55:02','2018-07-04 18:55:02'),
 (814,58,146,NULL,NULL,1049,'No',NULL,1,1,1,'2018-07-04 15:55:09','2018-07-04 18:55:09'),
 (815,58,144,145,126,1050,'A',NULL,1,1,1,'2018-07-04 15:55:11','2018-07-04 18:55:11'),
 (816,58,145,146,NULL,1051,'0',NULL,1,1,1,'2018-07-04 15:55:13','2018-07-04 18:55:13'),
 (817,58,146,NULL,NULL,1052,'Keep  up',NULL,1,1,1,'2018-07-04 15:55:14','2018-07-04 18:55:14'),
 (818,58,145,146,NULL,1053,'10',NULL,1,1,1,'2018-07-04 15:55:24','2018-07-04 18:55:24'),
 (819,58,146,NULL,NULL,1054,'PATHETIC',NULL,1,1,1,'2018-07-04 15:55:29','2018-07-04 18:55:29'),
 (820,58,144,145,126,1055,'A',NULL,1,1,1,'2018-07-04 15:55:41','2018-07-04 18:55:41'),
 (821,58,145,146,NULL,1056,'10',NULL,1,1,1,'2018-07-04 15:55:50','2018-07-04 18:55:50'),
 (822,58,145,146,NULL,1057,'1',NULL,1,1,1,'2018-07-04 15:55:51','2018-07-04 18:55:51'),
 (823,58,144,145,126,1059,'A',NULL,1,1,1,'2018-07-04 15:56:13','2018-07-04 18:56:13'),
 (824,58,144,145,127,1060,'B',NULL,1,1,1,'2018-07-04 15:56:25','2018-07-04 18:56:25'),
 (825,58,144,145,126,1061,'A',NULL,1,1,1,'2018-07-04 15:56:31','2018-07-04 18:56:31'),
 (826,58,144,145,126,1062,'A',NULL,1,1,1,'2018-07-04 15:56:39','2018-07-04 18:56:39'),
 (827,58,144,145,126,1063,'A',NULL,1,1,1,'2018-07-04 15:56:40','2018-07-04 18:56:40'),
 (828,58,145,146,NULL,1064,'10',NULL,1,1,1,'2018-07-04 15:56:41','2018-07-04 18:56:41'),
 (829,58,145,146,NULL,1065,'10',NULL,1,1,1,'2018-07-04 15:56:44','2018-07-04 18:56:44'),
 (830,58,144,145,126,1066,'A',NULL,1,1,1,'2018-07-04 15:56:44','2018-07-04 18:56:44'),
 (831,58,146,NULL,NULL,1067,'I visited customer care at my brunch Nkrumah Msa, that was the worst experience ever after over 10 years with NIC',NULL,1,1,1,'2018-07-04 15:56:48','2018-07-04 18:56:48'),
 (832,58,145,146,NULL,1068,'10',NULL,1,1,1,'2018-07-04 15:56:58','2018-07-04 18:56:58'),
 (833,58,145,146,NULL,1069,'8',NULL,1,1,1,'2018-07-04 15:57:02','2018-07-04 18:57:02'),
 (834,58,144,145,126,1070,'A',NULL,1,1,1,'2018-07-04 15:57:42','2018-07-04 18:57:42'),
 (835,58,146,NULL,NULL,1071,'No thank you',NULL,1,1,1,'2018-07-04 15:57:51','2018-07-04 18:57:51'),
 (836,58,146,NULL,NULL,1072,'It\'s always been an extremely good experience dealing with NIC bank.',NULL,1,1,1,'2018-07-04 15:58:00','2018-07-04 18:58:00'),
 (837,58,144,145,126,1073,'A',NULL,1,1,1,'2018-07-04 15:58:05','2018-07-04 18:58:05'),
 (838,58,145,146,NULL,1074,'10',NULL,1,1,1,'2018-07-04 15:58:09','2018-07-04 18:58:09'),
 (839,58,144,145,126,1075,'A',NULL,1,1,1,'2018-07-04 15:58:11','2018-07-04 18:58:11'),
 (840,58,146,NULL,NULL,1077,'Please consider offering  \'hurstler\' personal transactional accounts with no monthly charges,maybe just charge transactions',NULL,1,1,1,'2018-07-04 15:58:20','2018-07-04 18:58:20'),
 (841,58,146,NULL,NULL,1078,'Improve on month end statement emailing. You take more than 4days after month end',NULL,1,1,1,'2018-07-04 15:58:30','2018-07-04 18:58:30'),
 (842,58,145,146,NULL,1079,'9',NULL,1,1,1,'2018-07-04 15:58:44','2018-07-04 18:58:44'),
 (843,58,145,146,NULL,1080,'10',NULL,1,1,1,'2018-07-04 15:58:44','2018-07-04 18:58:44'),
 (844,58,144,145,127,1082,'B',NULL,1,1,1,'2018-07-04 15:58:49','2018-07-04 18:58:49'),
 (845,58,144,145,126,1083,'A',NULL,1,1,1,'2018-07-04 15:59:08','2018-07-04 18:59:08'),
 (846,58,146,NULL,NULL,1084,'Yes',NULL,1,1,1,'2018-07-04 15:59:29','2018-07-04 18:59:29'),
 (847,58,144,145,127,1085,'B',NULL,1,1,1,'2018-07-04 15:59:30','2018-07-04 18:59:30'),
 (848,58,145,146,NULL,1086,'10',NULL,1,1,1,'2018-07-04 15:59:42','2018-07-04 18:59:42'),
 (849,58,146,NULL,NULL,1087,'Several times I\'ve called complained about not getting credit card statements on NIC mobile, nothing done. Now my  online banking has not been activated for 2 weeks and when they promise to call back, they NEVER do',NULL,1,1,1,'2018-07-04 15:59:57','2018-07-04 18:59:57'),
 (850,58,145,146,NULL,1088,'3',NULL,1,1,1,'2018-07-04 15:59:58','2018-07-04 18:59:58'),
 (851,58,146,NULL,NULL,1089,'Hoping to get good services',NULL,1,1,1,'2018-07-04 16:00:00','2018-07-04 19:00:00'),
 (852,58,146,NULL,NULL,1090,'No',NULL,1,1,1,'2018-07-04 16:00:14','2018-07-04 19:00:14'),
 (853,58,146,NULL,NULL,1091,'You have good customer care',NULL,1,1,1,'2018-07-04 16:00:22','2018-07-04 19:00:22'),
 (854,58,144,145,127,1095,'B',NULL,1,1,1,'2018-07-04 16:02:16','2018-07-04 19:02:16'),
 (855,58,145,146,NULL,1096,'5',NULL,1,1,1,'2018-07-04 16:02:34','2018-07-04 19:02:34'),
 (856,58,146,NULL,NULL,1098,'Representatives were professional but were either unable or unwilling to understand my issue or go an extra mile to help!',NULL,1,1,1,'2018-07-04 16:03:40','2018-07-04 19:03:40'),
 (857,58,144,145,126,1100,'A',NULL,1,1,1,'2018-07-04 16:05:01','2018-07-04 19:05:01'),
 (858,58,145,146,NULL,1101,'7',NULL,1,1,1,'2018-07-04 16:05:22','2018-07-04 19:05:22'),
 (859,58,144,145,126,1102,'A',NULL,1,1,1,'2018-07-04 16:05:58','2018-07-04 19:05:58'),
 (860,58,145,146,NULL,1103,'10',NULL,1,1,1,'2018-07-04 16:06:13','2018-07-04 19:06:13'),
 (861,58,146,NULL,NULL,1104,'Excellent customer service.Keep it up.',NULL,1,1,1,'2018-07-04 16:06:44','2018-07-04 19:06:44'),
 (862,58,144,145,126,1106,'A',NULL,1,1,1,'2018-07-04 16:07:32','2018-07-04 19:07:32'),
 (863,58,144,145,126,1107,'A',NULL,1,1,1,'2018-07-04 16:07:47','2018-07-04 19:07:47'),
 (864,58,144,145,127,1108,'B',NULL,1,1,1,'2018-07-04 16:07:49','2018-07-04 19:07:49'),
 (865,58,144,145,127,1109,'B',NULL,1,1,1,'2018-07-04 16:08:02','2018-07-04 19:08:02'),
 (866,58,145,146,NULL,1110,'5',NULL,1,1,1,'2018-07-04 16:08:05','2018-07-04 19:08:05'),
 (867,58,144,145,126,1111,'A',NULL,1,1,1,'2018-07-04 16:08:13','2018-07-04 19:08:13'),
 (868,58,144,145,127,1112,'B',NULL,1,1,1,'2018-07-04 16:08:16','2018-07-04 19:08:16'),
 (869,58,144,145,126,1113,'A',NULL,1,1,1,'2018-07-04 16:08:39','2018-07-04 19:08:39'),
 (870,58,144,145,127,1114,'B',NULL,1,1,1,'2018-07-04 16:08:42','2018-07-04 19:08:42'),
 (871,58,145,146,NULL,1115,'0',NULL,1,1,1,'2018-07-04 16:08:48','2018-07-04 19:08:48'),
 (872,58,145,146,NULL,1116,'10',NULL,1,1,1,'2018-07-04 16:09:29','2018-07-04 19:09:29'),
 (873,58,146,NULL,NULL,1117,'Your customer care attendants should be trained in public relations',NULL,1,1,1,'2018-07-04 16:10:00','2018-07-04 19:10:00'),
 (874,58,144,145,127,1120,'B',NULL,1,1,1,'2018-07-04 16:11:58','2018-07-04 19:11:58'),
 (875,58,144,145,127,1121,'B',NULL,1,1,1,'2018-07-04 16:13:08','2018-07-04 19:13:08'),
 (876,58,144,145,127,1122,'B',NULL,1,1,1,'2018-07-04 16:13:34','2018-07-04 19:13:34'),
 (877,58,145,146,NULL,1123,'10',NULL,1,1,1,'2018-07-04 16:13:47','2018-07-04 19:13:47'),
 (878,58,144,145,126,1124,'A',NULL,1,1,1,'2018-07-04 16:14:30','2018-07-04 19:14:30'),
 (879,58,146,NULL,NULL,1125,'You should follow the problem',NULL,1,1,1,'2018-07-04 16:14:46','2018-07-04 19:14:46'),
 (880,58,144,145,126,1126,'A',NULL,1,1,1,'2018-07-04 16:14:47','2018-07-04 19:14:47'),
 (881,58,145,146,NULL,1127,'9',NULL,1,1,1,'2018-07-04 16:15:22','2018-07-04 19:15:22'),
 (882,58,145,146,NULL,1128,'5',NULL,1,1,1,'2018-07-04 16:15:24','2018-07-04 19:15:24'),
 (883,58,144,145,127,1129,'B',NULL,1,1,1,'2018-07-04 16:15:28','2018-07-04 19:15:28'),
 (884,58,144,145,126,1130,'A',NULL,1,1,1,'2018-07-04 16:16:10','2018-07-04 19:16:10'),
 (885,58,145,146,NULL,1132,'10',NULL,1,1,1,'2018-07-04 16:16:43','2018-07-04 19:16:43'),
 (886,58,144,145,126,1133,'A',NULL,1,1,1,'2018-07-04 16:16:46','2018-07-04 19:16:46'),
 (887,58,145,146,NULL,1134,'10',NULL,1,1,1,'2018-07-04 16:17:17','2018-07-04 19:17:17'),
 (888,58,144,145,126,1135,'A',NULL,1,1,1,'2018-07-04 16:17:41','2018-07-04 19:17:41'),
 (889,58,146,NULL,NULL,1136,'missing only 2 enjoy your service',NULL,1,1,1,'2018-07-04 16:20:31','2018-07-04 19:20:31'),
 (890,58,144,145,126,1138,'A',NULL,1,1,1,'2018-07-04 16:22:10','2018-07-04 19:22:10'),
 (891,58,145,146,NULL,1139,'10',NULL,1,1,1,'2018-07-04 16:23:03','2018-07-04 19:23:03'),
 (892,58,144,145,126,1142,'A',NULL,1,1,1,'2018-07-04 16:25:15','2018-07-04 19:25:15'),
 (893,58,145,146,NULL,1143,'10',NULL,1,1,1,'2018-07-04 16:25:41','2018-07-04 19:25:41'),
 (894,58,144,145,127,1144,'B',NULL,1,1,1,'2018-07-04 16:27:08','2018-07-04 19:27:08'),
 (895,58,145,146,NULL,1145,'2',NULL,1,1,1,'2018-07-04 16:27:24','2018-07-04 19:27:24'),
 (896,58,144,145,126,1146,'A',NULL,1,1,1,'2018-07-04 16:28:51','2018-07-04 19:28:51'),
 (897,58,144,145,127,1147,'B',NULL,1,1,1,'2018-07-04 16:31:20','2018-07-04 19:31:20'),
 (898,58,145,146,NULL,1148,'2',NULL,1,1,1,'2018-07-04 16:31:46','2018-07-04 19:31:46'),
 (899,58,144,145,126,1149,'A',NULL,1,1,1,'2018-07-04 16:33:52','2018-07-04 19:33:52'),
 (900,58,145,146,NULL,1150,'10',NULL,1,1,1,'2018-07-04 16:34:29','2018-07-04 19:34:29'),
 (901,58,144,145,127,1152,'b',NULL,1,1,1,'2018-07-04 16:35:16','2018-07-04 19:35:16'),
 (902,58,146,NULL,NULL,1153,'Your understanding is good',NULL,1,1,1,'2018-07-04 16:35:29','2018-07-04 19:35:29'),
 (903,58,145,146,NULL,1154,'7',NULL,1,1,1,'2018-07-04 16:39:08','2018-07-04 19:39:08'),
 (904,58,146,NULL,NULL,1155,'No',NULL,1,1,1,'2018-07-04 16:39:24','2018-07-04 19:39:24'),
 (905,58,144,145,126,1156,'A',NULL,1,1,1,'2018-07-04 16:40:26','2018-07-04 19:40:26'),
 (906,58,145,146,NULL,1157,'10',NULL,1,1,1,'2018-07-04 16:40:46','2018-07-04 19:40:46'),
 (907,58,146,NULL,NULL,1158,'Awesome',NULL,1,1,1,'2018-07-04 16:41:06','2018-07-04 19:41:06'),
 (908,58,144,145,126,1160,'A',NULL,1,1,1,'2018-07-04 16:41:42','2018-07-04 19:41:42'),
 (909,58,144,145,127,1162,'B',NULL,1,1,1,'2018-07-04 16:44:43','2018-07-04 19:44:43'),
 (910,58,144,145,126,1163,'A',NULL,1,1,1,'2018-07-04 16:44:55','2018-07-04 19:44:55'),
 (911,58,145,146,NULL,1164,'0',NULL,1,1,1,'2018-07-04 16:45:00','2018-07-04 19:45:00'),
 (912,58,145,146,NULL,1165,'10',NULL,1,1,1,'2018-07-04 16:45:35','2018-07-04 19:45:35'),
 (913,58,146,NULL,NULL,1166,'no',NULL,1,1,1,'2018-07-04 16:45:58','2018-07-04 19:45:58'),
 (914,58,144,145,127,1167,'B',NULL,1,1,1,'2018-07-04 16:49:46','2018-07-04 19:49:46'),
 (915,58,145,146,NULL,1168,'4',NULL,1,1,1,'2018-07-04 16:50:15','2018-07-04 19:50:15'),
 (916,58,146,NULL,NULL,1169,'I called twice, the response was very fine but ended up unhelped',NULL,1,1,1,'2018-07-04 16:51:10','2018-07-04 19:51:10'),
 (917,58,144,145,126,1171,'A',NULL,1,1,1,'2018-07-04 16:52:18','2018-07-04 19:52:18'),
 (918,58,145,146,NULL,1172,'8',NULL,1,1,1,'2018-07-04 16:52:40','2018-07-04 19:52:40'),
 (919,58,146,NULL,NULL,1173,'More knowledge on products with the staff needed',NULL,1,1,1,'2018-07-04 16:53:27','2018-07-04 19:53:27'),
 (920,58,144,145,126,1174,'A',NULL,1,1,1,'2018-07-04 16:53:40','2018-07-04 19:53:40'),
 (921,58,144,145,127,1175,'B',NULL,1,1,1,'2018-07-04 16:54:12','2018-07-04 19:54:12'),
 (922,58,145,146,NULL,1176,'4',NULL,1,1,1,'2018-07-04 16:54:23','2018-07-04 19:54:23'),
 (923,58,146,NULL,NULL,1177,'When a Customer Calls with a problem, they expect a solution and not a knock back.',NULL,1,1,1,'2018-07-04 16:55:08','2018-07-04 19:55:08'),
 (924,58,145,146,NULL,1179,'10',NULL,1,1,1,'2018-07-04 16:56:08','2018-07-04 19:56:08'),
 (925,58,146,NULL,NULL,1180,'yes',NULL,1,1,1,'2018-07-04 16:57:03','2018-07-04 19:57:03'),
 (926,58,144,145,126,1182,'A',NULL,1,1,1,'2018-07-04 17:00:33','2018-07-04 20:00:33'),
 (927,58,144,145,127,1184,'b',NULL,1,1,1,'2018-07-04 17:04:14','2018-07-04 20:04:14'),
 (928,58,145,146,NULL,1185,'7',NULL,1,1,1,'2018-07-04 17:08:25','2018-07-04 20:08:25'),
 (929,58,146,NULL,NULL,1186,'No',NULL,1,1,1,'2018-07-04 17:08:58','2018-07-04 20:08:58'),
 (930,58,144,145,126,1189,'A',NULL,1,1,1,'2018-07-04 17:20:39','2018-07-04 20:20:39'),
 (931,58,145,146,NULL,1190,'10',NULL,1,1,1,'2018-07-04 17:21:55','2018-07-04 20:21:55'),
 (932,58,144,145,126,1192,'A',NULL,1,1,1,'2018-07-04 17:23:53','2018-07-04 20:23:53'),
 (933,58,145,146,NULL,1193,'10',NULL,1,1,1,'2018-07-04 17:24:37','2018-07-04 20:24:37'),
 (934,58,146,NULL,NULL,1194,'U are the best to bank with',NULL,1,1,1,'2018-07-04 17:25:28','2018-07-04 20:25:28'),
 (935,58,144,145,127,1195,'B',NULL,1,1,1,'2018-07-04 17:36:39','2018-07-04 20:36:39'),
 (936,58,145,146,NULL,1196,'0',NULL,1,1,1,'2018-07-04 17:37:35','2018-07-04 20:37:35'),
 (937,58,146,NULL,NULL,1198,'Your customer care is severely lacking.',NULL,1,1,1,'2018-07-04 17:44:08','2018-07-04 20:44:08'),
 (938,58,144,145,126,1202,'A',NULL,1,1,1,'2018-07-04 18:24:52','2018-07-04 21:24:52'),
 (939,58,145,146,NULL,1203,'10',NULL,1,1,1,'2018-07-04 18:26:12','2018-07-04 21:26:12'),
 (940,58,146,NULL,NULL,1205,'You are wonderful people, you lift people from ground',NULL,1,1,1,'2018-07-04 18:30:48','2018-07-04 21:30:48'),
 (941,58,144,145,126,1210,'A',NULL,1,1,1,'2018-07-05 02:36:02','2018-07-05 05:36:02'),
 (942,58,145,146,NULL,1211,'8',NULL,1,1,1,'2018-07-05 02:36:29','2018-07-05 05:36:29'),
 (943,58,146,NULL,NULL,1212,'No',NULL,1,1,1,'2018-07-05 02:36:42','2018-07-05 05:36:42'),
 (944,58,144,145,127,1213,'B',NULL,1,1,1,'2018-07-05 04:06:32','2018-07-05 07:06:32'),
 (945,58,145,146,NULL,1214,'0',NULL,1,1,1,'2018-07-05 04:06:49','2018-07-05 07:06:49'),
 (946,58,146,NULL,NULL,1215,'I need my problem fixed please. I tried withdrawing money from an Atm..the amount was cut from my mpesa account but no money in the Atm..Still waiting on my cash.',NULL,1,1,1,'2018-07-05 04:08:06','2018-07-05 07:08:06'),
 (947,58,144,145,126,1216,'A',NULL,1,1,1,'2018-07-05 04:24:10','2018-07-05 07:24:10'),
 (948,58,144,145,127,1218,'B',NULL,1,1,1,'2018-07-05 04:26:38','2018-07-05 07:26:38'),
 (949,58,144,145,126,1220,'A',NULL,1,1,1,'2018-07-05 04:35:08','2018-07-05 07:35:08'),
 (950,58,145,146,NULL,1221,'9',NULL,1,1,1,'2018-07-05 04:35:28','2018-07-05 07:35:28'),
 (951,58,144,145,127,1222,'B',NULL,1,1,1,'2018-07-05 04:44:37','2018-07-05 07:44:37'),
 (952,58,144,145,126,1223,'A',NULL,1,1,1,'2018-07-05 05:01:42','2018-07-05 08:01:42'),
 (953,58,145,146,NULL,1224,'5',NULL,1,1,1,'2018-07-05 05:03:06','2018-07-05 08:03:06'),
 (954,58,144,145,126,1228,'A',NULL,1,1,1,'2018-07-05 05:40:12','2018-07-05 08:40:12'),
 (955,58,144,145,126,1229,'a',NULL,1,1,1,'2018-07-05 05:57:58','2018-07-05 08:57:58'),
 (956,58,145,146,NULL,1230,'8',NULL,1,1,1,'2018-07-05 05:58:56','2018-07-05 08:58:56'),
 (957,58,146,NULL,NULL,1231,'the first customer care put me on hold then hang up on me',NULL,1,1,1,'2018-07-05 05:59:38','2018-07-05 08:59:38'),
 (958,58,144,145,126,1232,'A',NULL,1,1,1,'2018-07-05 06:04:48','2018-07-05 09:04:48'),
 (959,57,141,142,124,1234,'A',NULL,1,1,1,'2018-07-05 06:41:10','2018-07-05 09:41:10'),
 (960,57,142,143,NULL,1235,'8',NULL,1,1,1,'2018-07-05 06:41:53','2018-07-05 09:41:53'),
 (961,57,141,142,125,1239,'B',NULL,1,1,1,'2018-07-05 08:04:52','2018-07-05 11:04:52'),
 (962,57,142,143,NULL,1240,'6',NULL,1,1,1,'2018-07-05 08:05:07','2018-07-05 11:05:07'),
 (963,58,144,145,126,1241,'A',NULL,1,1,1,'2018-07-05 08:05:55','2018-07-05 11:05:55'),
 (964,58,145,146,NULL,1242,'10',NULL,1,1,1,'2018-07-05 08:06:49','2018-07-05 11:06:49'),
 (965,57,143,NULL,NULL,1243,'Used to have the best and commendable customer relationship. Not as good but not bad enough to complain.',NULL,1,1,1,'2018-07-05 08:07:11','2018-07-05 11:07:11'),
 (966,58,146,NULL,NULL,1244,'Not now',NULL,1,1,1,'2018-07-05 08:07:45','2018-07-05 11:07:45'),
 (967,59,147,148,128,1263,'A',NULL,1,1,1,'2018-07-05 16:01:28','2018-07-05 19:01:28'),
 (968,59,147,148,129,1264,'B',NULL,1,1,1,'2018-07-05 16:01:33','2018-07-05 19:01:33'),
 (969,59,147,148,129,1265,'B',NULL,1,1,1,'2018-07-05 16:01:40','2018-07-05 19:01:40'),
 (970,59,148,149,NULL,1266,'10',NULL,1,1,1,'2018-07-05 16:01:44','2018-07-05 19:01:44'),
 (971,59,147,148,128,1267,'A',NULL,1,1,1,'2018-07-05 16:01:45','2018-07-05 19:01:45'),
 (972,59,147,148,128,1268,'A',NULL,1,1,1,'2018-07-05 16:01:46','2018-07-05 19:01:46'),
 (973,59,147,148,129,1270,'B',NULL,1,1,1,'2018-07-05 16:01:48','2018-07-05 19:01:48'),
 (974,59,148,149,NULL,1271,'0',NULL,1,1,1,'2018-07-05 16:01:53','2018-07-05 19:01:53'),
 (975,59,147,148,128,1272,'A',NULL,1,1,1,'2018-07-05 16:01:57','2018-07-05 19:01:57'),
 (976,59,148,149,NULL,1273,'0',NULL,1,1,1,'2018-07-05 16:01:58','2018-07-05 19:01:58'),
 (977,59,147,148,128,1274,'A',NULL,1,1,1,'2018-07-05 16:02:00','2018-07-05 19:02:00'),
 (978,59,147,148,128,1275,'A',NULL,1,1,1,'2018-07-05 16:02:02','2018-07-05 19:02:02'),
 (979,59,147,148,128,1276,'A',NULL,1,1,1,'2018-07-05 16:02:05','2018-07-05 19:02:05'),
 (980,59,147,148,129,1277,'B',NULL,1,1,1,'2018-07-05 16:02:18','2018-07-05 19:02:18'),
 (981,59,148,149,NULL,1278,'5',NULL,1,1,1,'2018-07-05 16:02:23','2018-07-05 19:02:23'),
 (982,59,147,148,128,1279,'A',NULL,1,1,1,'2018-07-05 16:02:24','2018-07-05 19:02:24'),
 (983,59,148,149,NULL,1280,'10',NULL,1,1,1,'2018-07-05 16:02:27','2018-07-05 19:02:27'),
 (984,59,147,148,129,1281,'B',NULL,1,1,1,'2018-07-05 16:02:37','2018-07-05 19:02:37'),
 (985,59,147,148,128,1282,'A',NULL,1,1,1,'2018-07-05 16:02:40','2018-07-05 19:02:40'),
 (986,59,147,148,129,1283,'B',NULL,1,1,1,'2018-07-05 16:02:40','2018-07-05 19:02:40'),
 (987,59,148,149,NULL,1284,'10',NULL,1,1,1,'2018-07-05 16:02:45','2018-07-05 19:02:45'),
 (988,59,148,149,NULL,1285,'7',NULL,1,1,1,'2018-07-05 16:03:07','2018-07-05 19:03:07'),
 (989,59,147,148,128,1286,'A',NULL,1,1,1,'2018-07-05 16:03:10','2018-07-05 19:03:10'),
 (990,59,147,148,128,1287,'A',NULL,1,1,1,'2018-07-05 16:03:11','2018-07-05 19:03:11'),
 (991,59,149,NULL,NULL,1288,'Issue finally addressed but not within expected timeframe',NULL,1,1,1,'2018-07-05 16:03:17','2018-07-05 19:03:17'),
 (992,59,149,NULL,NULL,1289,'I have reported my issue to several customer care agent yet the same has not yet been addressed. This entire experience has been extremely frustrating and your agents have unfortunately been extremely unhelpful. ',NULL,1,1,1,'2018-07-05 16:03:18','2018-07-05 19:03:18'),
 (993,59,147,148,129,1290,'B',NULL,1,1,1,'2018-07-05 16:03:21','2018-07-05 19:03:21'),
 (994,59,148,149,NULL,1291,'10',NULL,1,1,1,'2018-07-05 16:03:28','2018-07-05 19:03:28'),
 (995,59,149,NULL,NULL,1292,'Very fast and convenient customer care services',NULL,1,1,1,'2018-07-05 16:03:28','2018-07-05 19:03:28'),
 (996,59,149,NULL,NULL,1293,'So far I love it! Just put more explanation upon first time navigation of the app',NULL,1,1,1,'2018-07-05 16:03:42','2018-07-05 19:03:42'),
 (997,59,149,NULL,NULL,1294,'No',NULL,1,1,1,'2018-07-05 16:03:44','2018-07-05 19:03:44'),
 (998,59,147,148,128,1295,'A',NULL,1,1,1,'2018-07-05 16:03:48','2018-07-05 19:03:48'),
 (999,59,148,149,NULL,1296,'1',NULL,1,1,1,'2018-07-05 16:04:00','2018-07-05 19:04:00'),
 (1000,59,148,149,NULL,1297,'10',NULL,1,1,1,'2018-07-05 16:04:12','2018-07-05 19:04:12');
/*!40000 ALTER TABLE `surveyanswers` ENABLE KEYS */;


--
-- Definition of table `surveyanswertypes`
--

DROP TABLE IF EXISTS `surveyanswertypes`;
CREATE TABLE `surveyanswertypes` (
  `answerTypeID` int(11) NOT NULL AUTO_INCREMENT,
  `answerType` varchar(50) NOT NULL,
  `extra` text DEFAULT NULL,
  `status` int(11) NOT NULL DEFAULT 1,
  `createdBy` int(11) NOT NULL,
  `updatedBy` int(11) NOT NULL,
  `dateCreated` datetime NOT NULL,
  `dateModified` timestamp NOT NULL DEFAULT current_timestamp() ON UPDATE current_timestamp(),
  PRIMARY KEY (`answerTypeID`)
) ENGINE=InnoDB AUTO_INCREMENT=11 DEFAULT CHARSET=latin1;

--
-- Dumping data for table `surveyanswertypes`
--

/*!40000 ALTER TABLE `surveyanswertypes` DISABLE KEYS */;
INSERT INTO `surveyanswertypes` (`answerTypeID`,`answerType`,`extra`,`status`,`createdBy`,`updatedBy`,`dateCreated`,`dateModified`) VALUES 
 (1,'Multiple choices - Single answer',NULL,1,1,1,'2017-05-24 00:00:00','2017-05-25 12:41:32'),
 (2,'Multiple choices - Multiple answers',NULL,1,1,1,'2017-05-17 00:00:00','2017-05-25 12:41:32'),
 (4,'Email',NULL,1,1,1,'2017-05-25 00:00:00','2017-05-25 12:41:32'),
 (5,'Date (%d-%m-%Y)',NULL,1,1,1,'2017-05-25 00:00:00','2018-05-18 11:04:00'),
 (6,'Rating',NULL,1,1,1,'2017-05-25 00:00:00','2017-05-25 12:41:32'),
 (8,'Open ended',NULL,1,1,1,'2017-05-25 00:00:00','2017-05-25 12:41:32'),
 (9,'Numeric',NULL,1,1,1,'2017-05-24 00:00:00','2017-05-30 12:09:25'),
 (10,'End Of Survey',NULL,1,1,1,'2018-05-18 18:26:56','2018-05-18 18:26:56');
/*!40000 ALTER TABLE `surveyanswertypes` ENABLE KEYS */;


--
-- Definition of table `surveychannels`
--

DROP TABLE IF EXISTS `surveychannels`;
CREATE TABLE `surveychannels` (
  `channelID` int(11) NOT NULL AUTO_INCREMENT,
  `channelName` varchar(30) NOT NULL,
  `extra` text DEFAULT NULL,
  `status` int(11) NOT NULL,
  `createdBy` int(11) NOT NULL,
  `updatedBy` int(11) NOT NULL,
  `dateCreated` datetime NOT NULL,
  `dateModified` timestamp NOT NULL DEFAULT current_timestamp() ON UPDATE current_timestamp(),
  PRIMARY KEY (`channelID`)
) ENGINE=InnoDB AUTO_INCREMENT=2 DEFAULT CHARSET=latin1;

--
-- Dumping data for table `surveychannels`
--

/*!40000 ALTER TABLE `surveychannels` DISABLE KEYS */;
INSERT INTO `surveychannels` (`channelID`,`channelName`,`extra`,`status`,`createdBy`,`updatedBy`,`dateCreated`,`dateModified`) VALUES 
 (1,'SMS',NULL,1,1,1,'2017-05-24 00:00:00','2017-05-24 12:03:54');
/*!40000 ALTER TABLE `surveychannels` ENABLE KEYS */;


--
-- Definition of table `surveyfailedinviteparticipants`
--

DROP TABLE IF EXISTS `surveyfailedinviteparticipants`;
CREATE TABLE `surveyfailedinviteparticipants` (
  `participantID` int(11) NOT NULL AUTO_INCREMENT,
  `surveyID` int(11) NOT NULL,
  `MSISDN` bigint(20) DEFAULT NULL,
  `emailAddress` varchar(50) DEFAULT NULL,
  `status` int(11) NOT NULL DEFAULT 0,
  `createdBy` int(11) NOT NULL,
  `updatedBy` int(11) NOT NULL,
  `dateCreated` datetime DEFAULT NULL,
  `dateModified` timestamp NOT NULL DEFAULT current_timestamp() ON UPDATE current_timestamp(),
  `resends` int(11) DEFAULT NULL,
  `lastReminderDate` datetime DEFAULT NULL,
  `nextReminderDate` datetime DEFAULT NULL,
  PRIMARY KEY (`participantID`)
) ENGINE=InnoDB AUTO_INCREMENT=1039 DEFAULT CHARSET=latin1;

--
-- Dumping data for table `surveyfailedinviteparticipants`
--

/*!40000 ALTER TABLE `surveyfailedinviteparticipants` DISABLE KEYS */;
INSERT INTO `surveyfailedinviteparticipants` (`participantID`,`surveyID`,`MSISDN`,`emailAddress`,`status`,`createdBy`,`updatedBy`,`dateCreated`,`dateModified`,`resends`,`lastReminderDate`,`nextReminderDate`) VALUES 
 (1,21,254722979873,'',0,431,431,'2018-05-23 16:38:19','2018-07-23 14:23:41',0,NULL,NULL),
 (2,25,254722979873,'',0,263,263,'2018-05-24 13:38:31','2018-07-23 14:23:41',0,NULL,NULL),
 (3,29,254722979873,'',0,297,297,'2018-05-28 15:56:23','2018-07-23 14:23:41',0,NULL,NULL),
 (4,39,254725053347,'',0,263,263,'2018-06-08 14:59:20','2018-07-23 14:23:41',0,NULL,NULL),
 (5,39,254722328610,'',0,263,263,'2018-06-08 14:59:20','2018-07-23 14:23:41',0,NULL,NULL),
 (6,39,254725588275,'',0,263,263,'2018-06-08 14:59:20','2018-07-23 14:23:41',0,NULL,NULL),
 (7,59,254700479150,'',0,263,263,'2018-07-05 19:00:29','2018-07-23 14:23:41',0,NULL,NULL),
 (8,59,254701488333,'',0,263,263,'2018-07-05 19:00:29','2018-07-23 14:23:41',0,NULL,NULL),
 (9,59,254702576646,'',0,263,263,'2018-07-05 19:00:29','2018-07-23 14:23:41',0,NULL,NULL),
 (10,59,254703063000,'',0,263,263,'2018-07-05 19:00:29','2018-07-23 14:23:41',0,NULL,NULL),
 (11,59,254703077777,'',0,263,263,'2018-07-05 19:00:29','2018-07-23 14:23:41',0,NULL,NULL),
 (12,59,254704589618,'',0,263,263,'2018-07-05 19:00:29','2018-07-23 14:23:41',0,NULL,NULL),
 (13,59,254706901115,'',0,263,263,'2018-07-05 19:00:29','2018-07-23 14:23:41',0,NULL,NULL),
 (14,59,254707205444,'',0,263,263,'2018-07-05 19:00:29','2018-07-23 14:23:41',0,NULL,NULL),
 (15,59,254707234996,'',0,263,263,'2018-07-05 19:00:29','2018-07-23 14:23:41',0,NULL,NULL),
 (16,59,254708934412,'',0,263,263,'2018-07-05 19:00:29','2018-07-23 14:23:41',0,NULL,NULL),
 (17,59,254710472821,'',0,263,263,'2018-07-05 19:00:29','2018-07-23 14:23:41',0,NULL,NULL),
 (18,59,254710616092,'',0,263,263,'2018-07-05 19:00:29','2018-07-23 14:23:41',0,NULL,NULL),
 (19,59,254710660540,'',0,263,263,'2018-07-05 19:00:29','2018-07-23 14:23:41',0,NULL,NULL),
 (20,59,254713900000,'',0,263,263,'2018-07-05 19:00:29','2018-07-23 14:23:41',0,NULL,NULL),
 (21,59,254714391812,'',0,263,263,'2018-07-05 19:00:29','2018-07-23 14:23:41',0,NULL,NULL),
 (22,59,254715429650,'',0,263,263,'2018-07-05 19:00:29','2018-07-23 14:23:41',0,NULL,NULL),
 (23,59,254715467552,'',0,263,263,'2018-07-05 19:00:29','2018-07-23 14:23:41',0,NULL,NULL),
 (24,59,254715555550,'',0,263,263,'2018-07-05 19:00:29','2018-07-23 14:23:41',0,NULL,NULL),
 (25,59,254715804101,'',0,263,263,'2018-07-05 19:00:29','2018-07-23 14:23:41',0,NULL,NULL),
 (26,59,254715880795,'',0,263,263,'2018-07-05 19:00:29','2018-07-23 14:23:41',0,NULL,NULL),
 (27,59,254716651797,'',0,263,263,'2018-07-05 19:00:29','2018-07-23 14:23:41',0,NULL,NULL),
 (28,59,254717255651,'',0,263,263,'2018-07-05 19:00:29','2018-07-23 14:23:41',0,NULL,NULL),
 (29,59,254719044000,'',0,263,263,'2018-07-05 19:00:29','2018-07-23 14:23:41',0,NULL,NULL),
 (30,59,254720040485,'',0,263,263,'2018-07-05 19:00:29','2018-07-23 14:23:41',0,NULL,NULL),
 (31,59,254720094417,'',0,263,263,'2018-07-05 19:00:29','2018-07-23 14:23:41',0,NULL,NULL),
 (32,59,254720252169,'',0,263,263,'2018-07-05 19:00:29','2018-07-23 14:23:41',0,NULL,NULL),
 (33,59,254720305378,'',0,263,263,'2018-07-05 19:00:29','2018-07-23 14:23:41',0,NULL,NULL),
 (34,59,254720450152,'',0,263,263,'2018-07-05 19:00:29','2018-07-23 14:23:41',0,NULL,NULL),
 (35,59,254720551189,'',0,263,263,'2018-07-05 19:00:29','2018-07-23 14:23:41',0,NULL,NULL),
 (36,59,254720851512,'',0,263,263,'2018-07-05 19:00:29','2018-07-23 14:23:41',0,NULL,NULL),
 (37,59,254720888445,'',0,263,263,'2018-07-05 19:00:29','2018-07-23 14:23:41',0,NULL,NULL),
 (38,59,254720974582,'',0,263,263,'2018-07-05 19:00:29','2018-07-23 14:23:41',0,NULL,NULL),
 (39,59,254721278627,'',0,263,263,'2018-07-05 19:00:29','2018-07-23 14:23:41',0,NULL,NULL),
 (40,59,254721293665,'',0,263,263,'2018-07-05 19:00:29','2018-07-23 14:23:41',0,NULL,NULL),
 (41,59,254721360193,'',0,263,263,'2018-07-05 19:00:29','2018-07-23 14:23:41',0,NULL,NULL),
 (42,59,254721615636,'',0,263,263,'2018-07-05 19:00:29','2018-07-23 14:23:41',0,NULL,NULL),
 (43,59,254722141154,'',0,263,263,'2018-07-05 19:00:29','2018-07-23 14:23:41',0,NULL,NULL),
 (44,59,254722205444,'',0,263,263,'2018-07-05 19:00:29','2018-07-23 14:23:41',0,NULL,NULL),
 (45,59,254722213618,'',0,263,263,'2018-07-05 19:00:29','2018-07-23 14:23:41',0,NULL,NULL),
 (46,59,254722341137,'',0,263,263,'2018-07-05 19:00:29','2018-07-23 14:23:41',0,NULL,NULL),
 (47,59,254722353726,'',0,263,263,'2018-07-05 19:00:29','2018-07-23 14:23:41',0,NULL,NULL),
 (48,59,254722374648,'',0,263,263,'2018-07-05 19:00:29','2018-07-23 14:23:41',0,NULL,NULL),
 (49,59,254722465457,'',0,263,263,'2018-07-05 19:00:29','2018-07-23 14:23:41',0,NULL,NULL),
 (50,59,254722542960,'',0,263,263,'2018-07-05 19:00:29','2018-07-23 14:23:41',0,NULL,NULL),
 (51,59,254722550625,'',0,263,263,'2018-07-05 19:00:29','2018-07-23 14:23:41',0,NULL,NULL),
 (52,59,254722706701,'',0,263,263,'2018-07-05 19:00:29','2018-07-23 14:23:41',0,NULL,NULL),
 (53,59,254722711198,'',0,263,263,'2018-07-05 19:00:29','2018-07-23 14:23:41',0,NULL,NULL),
 (54,59,254722733283,'',0,263,263,'2018-07-05 19:00:29','2018-07-23 14:23:41',0,NULL,NULL),
 (55,59,254722927819,'',0,263,263,'2018-07-05 19:00:29','2018-07-23 14:23:41',0,NULL,NULL),
 (56,59,254722969402,'',0,263,263,'2018-07-05 19:00:29','2018-07-23 14:23:41',0,NULL,NULL),
 (57,59,254723430480,'',0,263,263,'2018-07-05 19:00:29','2018-07-23 14:23:41',0,NULL,NULL),
 (58,59,254723573609,'',0,263,263,'2018-07-05 19:00:29','2018-07-23 14:23:41',0,NULL,NULL),
 (59,59,254723808055,'',0,263,263,'2018-07-05 19:00:29','2018-07-23 14:23:41',0,NULL,NULL),
 (60,59,254723829713,'',0,263,263,'2018-07-05 19:00:29','2018-07-23 14:23:41',0,NULL,NULL),
 (61,59,254724149984,'',0,263,263,'2018-07-05 19:00:29','2018-07-23 14:23:41',0,NULL,NULL),
 (62,59,254724616749,'',0,263,263,'2018-07-05 19:00:29','2018-07-23 14:23:41',0,NULL,NULL),
 (63,59,254724618311,'',0,263,263,'2018-07-05 19:00:29','2018-07-23 14:23:41',0,NULL,NULL),
 (64,59,254725392156,'',0,263,263,'2018-07-05 19:00:29','2018-07-23 14:23:41',0,NULL,NULL),
 (65,59,254726498837,'',0,263,263,'2018-07-05 19:00:30','2018-07-23 14:23:41',0,NULL,NULL),
 (66,59,254726506793,'',0,263,263,'2018-07-05 19:00:30','2018-07-23 14:23:41',0,NULL,NULL),
 (67,59,254726722145,'',0,263,263,'2018-07-05 19:00:30','2018-07-23 14:23:41',0,NULL,NULL),
 (68,59,254727409018,'',0,263,263,'2018-07-05 19:00:30','2018-07-23 14:23:41',0,NULL,NULL),
 (69,59,254727505989,'',0,263,263,'2018-07-05 19:00:30','2018-07-23 14:23:41',0,NULL,NULL),
 (70,59,254727665055,'',0,263,263,'2018-07-05 19:00:30','2018-07-23 14:23:41',0,NULL,NULL),
 (71,59,254728026084,'',0,263,263,'2018-07-05 19:00:30','2018-07-23 14:23:41',0,NULL,NULL),
 (72,59,254728825700,'',0,263,263,'2018-07-05 19:00:30','2018-07-23 14:23:41',0,NULL,NULL),
 (73,59,254731819834,'',0,263,263,'2018-07-05 19:00:30','2018-07-23 14:23:41',0,NULL,NULL),
 (74,59,254733718643,'',0,263,263,'2018-07-05 19:00:30','2018-07-23 14:23:41',0,NULL,NULL),
 (75,59,254735546440,'',0,263,263,'2018-07-05 19:00:30','2018-07-23 14:23:41',0,NULL,NULL),
 (76,59,254735864589,'',0,263,263,'2018-07-05 19:00:30','2018-07-23 14:23:41',0,NULL,NULL),
 (77,59,254735970150,'',0,263,263,'2018-07-05 19:00:30','2018-07-23 14:23:41',0,NULL,NULL),
 (78,59,254736284400,'',0,263,263,'2018-07-05 19:00:30','2018-07-23 14:23:41',0,NULL,NULL),
 (79,59,254737211951,'',0,263,263,'2018-07-05 19:00:30','2018-07-23 14:23:41',0,NULL,NULL),
 (80,59,254740130699,'',0,263,263,'2018-07-05 19:00:30','2018-07-23 14:23:41',0,NULL,NULL),
 (81,59,254777393056,'',0,263,263,'2018-07-05 19:00:30','2018-07-23 14:23:41',0,NULL,NULL),
 (82,59,254786268836,'',0,263,263,'2018-07-05 19:00:30','2018-07-23 14:23:41',0,NULL,NULL),
 (83,59,254796212469,'',0,263,263,'2018-07-05 19:00:30','2018-07-23 14:23:41',0,NULL,NULL),
 (84,59,254798476521,'',0,263,263,'2018-07-05 19:00:30','2018-07-23 14:23:41',0,NULL,NULL),
 (85,60,254700027610,'',0,263,263,'2018-07-06 18:09:54','2018-07-23 14:23:41',0,NULL,NULL),
 (86,60,254700480739,'',0,263,263,'2018-07-06 18:09:54','2018-07-23 14:23:41',0,NULL,NULL),
 (87,60,254701504637,'',0,263,263,'2018-07-06 18:09:54','2018-07-23 14:23:41',0,NULL,NULL),
 (88,60,254701714065,'',0,263,263,'2018-07-06 18:09:54','2018-07-23 14:23:41',0,NULL,NULL),
 (89,60,254702799071,'',0,263,263,'2018-07-06 18:09:54','2018-07-23 14:23:41',0,NULL,NULL),
 (90,60,254703074000,'',0,263,263,'2018-07-06 18:09:54','2018-07-23 14:23:41',0,NULL,NULL),
 (91,60,254705069029,'',0,263,263,'2018-07-06 18:09:54','2018-07-23 14:23:41',0,NULL,NULL),
 (92,60,254706616010,'',0,263,263,'2018-07-06 18:09:54','2018-07-23 14:23:41',0,NULL,NULL),
 (93,60,254706919340,'',0,263,263,'2018-07-06 18:09:54','2018-07-23 14:23:41',0,NULL,NULL),
 (94,60,254711327061,'',0,263,263,'2018-07-06 18:09:54','2018-07-23 14:23:41',0,NULL,NULL),
 (95,60,254711421813,'',0,263,263,'2018-07-06 18:09:54','2018-07-23 14:23:41',0,NULL,NULL),
 (96,60,254711900000,'',0,263,263,'2018-07-06 18:09:54','2018-07-23 14:23:41',0,NULL,NULL),
 (97,60,254716562642,'',0,263,263,'2018-07-06 18:09:54','2018-07-23 14:23:41',0,NULL,NULL),
 (98,60,254717561950,'',0,263,263,'2018-07-06 18:09:54','2018-07-23 14:23:41',0,NULL,NULL),
 (99,60,254718138966,'',0,263,263,'2018-07-06 18:09:54','2018-07-23 14:23:41',0,NULL,NULL),
 (100,60,254720006722,'',0,263,263,'2018-07-06 18:09:54','2018-07-23 14:23:41',0,NULL,NULL),
 (101,60,254720243238,'',0,263,263,'2018-07-06 18:09:54','2018-07-23 14:23:41',0,NULL,NULL),
 (102,60,254720488730,'',0,263,263,'2018-07-06 18:09:54','2018-07-23 14:23:41',0,NULL,NULL),
 (103,60,254720632987,'',0,263,263,'2018-07-06 18:09:54','2018-07-23 14:23:41',0,NULL,NULL),
 (104,60,254720751969,'',0,263,263,'2018-07-06 18:09:54','2018-07-23 14:23:41',0,NULL,NULL),
 (105,60,254720787378,'',0,263,263,'2018-07-06 18:09:54','2018-07-23 14:23:41',0,NULL,NULL),
 (106,60,254720947092,'',0,263,263,'2018-07-06 18:09:54','2018-07-23 14:23:41',0,NULL,NULL),
 (107,60,254721147938,'',0,263,263,'2018-07-06 18:09:54','2018-07-23 14:23:41',0,NULL,NULL),
 (108,60,254721175146,'',0,263,263,'2018-07-06 18:09:54','2018-07-23 14:23:41',0,NULL,NULL),
 (109,60,254721397489,'',0,263,263,'2018-07-06 18:09:54','2018-07-23 14:23:41',0,NULL,NULL),
 (110,60,254721598566,'',0,263,263,'2018-07-06 18:09:54','2018-07-23 14:23:41',0,NULL,NULL),
 (111,60,254721786881,'',0,263,263,'2018-07-06 18:09:54','2018-07-23 14:23:41',0,NULL,NULL),
 (112,60,254722207809,'',0,263,263,'2018-07-06 18:09:54','2018-07-23 14:23:41',0,NULL,NULL),
 (113,60,254722212958,'',0,263,263,'2018-07-06 18:09:54','2018-07-23 14:23:41',0,NULL,NULL),
 (114,60,254722233833,'',0,263,263,'2018-07-06 18:09:54','2018-07-23 14:23:41',0,NULL,NULL),
 (115,60,254722265978,'',0,263,263,'2018-07-06 18:09:54','2018-07-23 14:23:41',0,NULL,NULL),
 (116,60,254722307324,'',0,263,263,'2018-07-06 18:09:54','2018-07-23 14:23:41',0,NULL,NULL),
 (117,60,254722378672,'',0,263,263,'2018-07-06 18:09:54','2018-07-23 14:23:41',0,NULL,NULL),
 (118,60,254722435721,'',0,263,263,'2018-07-06 18:09:54','2018-07-23 14:23:41',0,NULL,NULL),
 (119,60,254722450694,'',0,263,263,'2018-07-06 18:09:54','2018-07-23 14:23:41',0,NULL,NULL),
 (120,60,254722473441,'',0,263,263,'2018-07-06 18:09:54','2018-07-23 14:23:41',0,NULL,NULL),
 (121,60,254722499707,'',0,263,263,'2018-07-06 18:09:54','2018-07-23 14:23:41',0,NULL,NULL),
 (122,60,254722511299,'',0,263,263,'2018-07-06 18:09:54','2018-07-23 14:23:41',0,NULL,NULL),
 (123,60,254722523349,'',0,263,263,'2018-07-06 18:09:54','2018-07-23 14:23:41',0,NULL,NULL),
 (124,60,254722523760,'',0,263,263,'2018-07-06 18:09:54','2018-07-23 14:23:41',0,NULL,NULL),
 (125,60,254722702238,'',0,263,263,'2018-07-06 18:09:54','2018-07-23 14:23:41',0,NULL,NULL),
 (126,60,254722729630,'',0,263,263,'2018-07-06 18:09:54','2018-07-23 14:23:41',0,NULL,NULL),
 (127,60,254722827549,'',0,263,263,'2018-07-06 18:09:54','2018-07-23 14:23:41',0,NULL,NULL),
 (128,60,254722828989,'',0,263,263,'2018-07-06 18:09:54','2018-07-23 14:23:41',0,NULL,NULL),
 (129,60,254722920300,'',0,263,263,'2018-07-06 18:09:54','2018-07-23 14:23:41',0,NULL,NULL),
 (130,60,254723497852,'',0,263,263,'2018-07-06 18:09:54','2018-07-23 14:23:41',0,NULL,NULL),
 (131,60,254723573167,'',0,263,263,'2018-07-06 18:09:54','2018-07-23 14:23:41',0,NULL,NULL),
 (132,60,254723637377,'',0,263,263,'2018-07-06 18:09:54','2018-07-23 14:23:41',0,NULL,NULL),
 (133,60,254723988656,'',0,263,263,'2018-07-06 18:09:54','2018-07-23 14:23:41',0,NULL,NULL),
 (134,60,254724511099,'',0,263,263,'2018-07-06 18:09:54','2018-07-23 14:23:41',0,NULL,NULL),
 (135,60,254725127050,'',0,263,263,'2018-07-06 18:09:54','2018-07-23 14:23:41',0,NULL,NULL),
 (136,60,254725504215,'',0,263,263,'2018-07-06 18:09:54','2018-07-23 14:23:41',0,NULL,NULL),
 (137,60,254726776347,'',0,263,263,'2018-07-06 18:09:54','2018-07-23 14:23:41',0,NULL,NULL),
 (138,60,254726801044,'',0,263,263,'2018-07-06 18:09:54','2018-07-23 14:23:41',0,NULL,NULL),
 (139,60,254728255425,'',0,263,263,'2018-07-06 18:09:54','2018-07-23 14:23:41',0,NULL,NULL),
 (140,60,254728826201,'',0,263,263,'2018-07-06 18:09:54','2018-07-23 14:23:41',0,NULL,NULL),
 (141,60,254728880686,'',0,263,263,'2018-07-06 18:09:54','2018-07-23 14:23:41',0,NULL,NULL),
 (142,60,254730700000,'',0,263,263,'2018-07-06 18:09:54','2018-07-23 14:23:41',0,NULL,NULL),
 (143,60,254734821895,'',0,263,263,'2018-07-06 18:09:54','2018-07-23 14:23:41',0,NULL,NULL),
 (144,60,254736803903,'',0,263,263,'2018-07-06 18:09:54','2018-07-23 14:23:41',0,NULL,NULL),
 (145,60,254738450331,'',0,263,263,'2018-07-06 18:09:54','2018-07-23 14:23:41',0,NULL,NULL),
 (146,60,254780697535,'',0,263,263,'2018-07-06 18:09:54','2018-07-23 14:23:41',0,NULL,NULL),
 (147,60,254780817101,'',0,263,263,'2018-07-06 18:09:54','2018-07-23 14:23:41',0,NULL,NULL),
 (148,60,254796126538,'',0,263,263,'2018-07-06 18:09:54','2018-07-23 14:23:41',0,NULL,NULL),
 (149,61,254700002341,'',0,263,263,'2018-07-09 17:56:32','2018-07-23 14:23:41',0,NULL,NULL),
 (150,61,254700071149,'',0,263,263,'2018-07-09 17:56:32','2018-07-23 14:23:41',0,NULL,NULL),
 (151,61,254703755288,'',0,263,263,'2018-07-09 17:56:32','2018-07-23 14:23:41',0,NULL,NULL),
 (152,61,254708547725,'',0,263,263,'2018-07-09 17:56:32','2018-07-23 14:23:41',0,NULL,NULL),
 (153,61,254708934412,'',0,263,263,'2018-07-09 17:56:32','2018-07-23 14:23:41',0,NULL,NULL),
 (154,61,254710230358,'',0,263,263,'2018-07-09 17:56:32','2018-07-23 14:23:41',0,NULL,NULL),
 (155,61,254710955448,'',0,263,263,'2018-07-09 17:56:32','2018-07-23 14:23:41',0,NULL,NULL),
 (156,61,254711056727,'',0,263,263,'2018-07-09 17:56:32','2018-07-23 14:23:41',0,NULL,NULL),
 (157,61,254712277978,'',0,263,263,'2018-07-09 17:56:32','2018-07-23 14:23:41',0,NULL,NULL),
 (158,61,254712384098,'',0,263,263,'2018-07-09 17:56:32','2018-07-23 14:23:41',0,NULL,NULL),
 (159,61,254712704979,'',0,263,263,'2018-07-09 17:56:32','2018-07-23 14:23:41',0,NULL,NULL),
 (160,61,254712822241,'',0,263,263,'2018-07-09 17:56:32','2018-07-23 14:23:41',0,NULL,NULL),
 (161,61,254713866656,'',0,263,263,'2018-07-09 17:56:32','2018-07-23 14:23:41',0,NULL,NULL),
 (162,61,254715360169,'',0,263,263,'2018-07-09 17:56:32','2018-07-23 14:23:41',0,NULL,NULL),
 (163,61,254717318000,'',0,263,263,'2018-07-09 17:56:32','2018-07-23 14:23:41',0,NULL,NULL),
 (164,61,254717421794,'',0,263,263,'2018-07-09 17:56:32','2018-07-23 14:23:41',0,NULL,NULL),
 (165,61,254717713010,'',0,263,263,'2018-07-09 17:56:32','2018-07-23 14:23:41',0,NULL,NULL),
 (166,61,254718011151,'',0,263,263,'2018-07-09 17:56:32','2018-07-23 14:23:41',0,NULL,NULL),
 (167,61,254718030942,'',0,263,263,'2018-07-09 17:56:32','2018-07-23 14:23:41',0,NULL,NULL),
 (168,61,254719044000,'',0,263,263,'2018-07-09 17:56:32','2018-07-23 14:23:41',0,NULL,NULL),
 (169,61,254719533565,'',0,263,263,'2018-07-09 17:56:32','2018-07-23 14:23:41',0,NULL,NULL),
 (170,61,254719636000,'',0,263,263,'2018-07-09 17:56:32','2018-07-23 14:23:41',0,NULL,NULL),
 (171,61,254720168628,'',0,263,263,'2018-07-09 17:56:32','2018-07-23 14:23:41',0,NULL,NULL),
 (172,61,254720286004,'',0,263,263,'2018-07-09 17:56:32','2018-07-23 14:23:41',0,NULL,NULL),
 (173,61,254720612701,'',0,263,263,'2018-07-09 17:56:32','2018-07-23 14:23:41',0,NULL,NULL),
 (174,61,254720647864,'',0,263,263,'2018-07-09 17:56:32','2018-07-23 14:23:41',0,NULL,NULL),
 (175,61,254721209188,'',0,263,263,'2018-07-09 17:56:32','2018-07-23 14:23:41',0,NULL,NULL),
 (176,61,254721253125,'',0,263,263,'2018-07-09 17:56:32','2018-07-23 14:23:41',0,NULL,NULL),
 (177,61,254721316536,'',0,263,263,'2018-07-09 17:56:32','2018-07-23 14:23:41',0,NULL,NULL),
 (178,61,254721384945,'',0,263,263,'2018-07-09 17:56:32','2018-07-23 14:23:41',0,NULL,NULL),
 (179,61,254721403805,'',0,263,263,'2018-07-09 17:56:32','2018-07-23 14:23:41',0,NULL,NULL),
 (180,61,254721465246,'',0,263,263,'2018-07-09 17:56:32','2018-07-23 14:23:41',0,NULL,NULL),
 (181,61,254721606695,'',0,263,263,'2018-07-09 17:56:32','2018-07-23 14:23:41',0,NULL,NULL),
 (182,61,254721790882,'',0,263,263,'2018-07-09 17:56:32','2018-07-23 14:23:41',0,NULL,NULL),
 (183,61,254721822422,'',0,263,263,'2018-07-09 17:56:32','2018-07-23 14:23:41',0,NULL,NULL),
 (184,61,254721943802,'',0,263,263,'2018-07-09 17:56:32','2018-07-23 14:23:41',0,NULL,NULL),
 (185,61,254722206884,'',0,263,263,'2018-07-09 17:56:32','2018-07-23 14:23:41',0,NULL,NULL),
 (186,61,254722315513,'',0,263,263,'2018-07-09 17:56:32','2018-07-23 14:23:41',0,NULL,NULL),
 (187,61,254722319776,'',0,263,263,'2018-07-09 17:56:32','2018-07-23 14:23:41',0,NULL,NULL),
 (188,61,254722323175,'',0,263,263,'2018-07-09 17:56:32','2018-07-23 14:23:41',0,NULL,NULL),
 (189,61,254722390249,'',0,263,263,'2018-07-09 17:56:32','2018-07-23 14:23:41',0,NULL,NULL),
 (190,61,254722474711,'',0,263,263,'2018-07-09 17:56:32','2018-07-23 14:23:41',0,NULL,NULL),
 (191,61,254722480068,'',0,263,263,'2018-07-09 17:56:32','2018-07-23 14:23:41',0,NULL,NULL),
 (192,61,254722524180,'',0,263,263,'2018-07-09 17:56:32','2018-07-23 14:23:41',0,NULL,NULL),
 (193,61,254722580876,'',0,263,263,'2018-07-09 17:56:32','2018-07-23 14:23:41',0,NULL,NULL),
 (194,61,254722607689,'',0,263,263,'2018-07-09 17:56:32','2018-07-23 14:23:41',0,NULL,NULL),
 (195,61,254722704315,'',0,263,263,'2018-07-09 17:56:32','2018-07-23 14:23:41',0,NULL,NULL),
 (196,61,254722724524,'',0,263,263,'2018-07-09 17:56:32','2018-07-23 14:23:41',0,NULL,NULL),
 (197,61,254722738782,'',0,263,263,'2018-07-09 17:56:32','2018-07-23 14:23:41',0,NULL,NULL),
 (198,61,254722765585,'',0,263,263,'2018-07-09 17:56:32','2018-07-23 14:23:41',0,NULL,NULL),
 (199,61,254722812694,'',0,263,263,'2018-07-09 17:56:32','2018-07-23 14:23:41',0,NULL,NULL),
 (200,61,254722882358,'',0,263,263,'2018-07-09 17:56:32','2018-07-23 14:23:41',0,NULL,NULL),
 (201,61,254722962296,'',0,263,263,'2018-07-09 17:56:32','2018-07-23 14:23:41',0,NULL,NULL),
 (202,61,254722969402,'',0,263,263,'2018-07-09 17:56:32','2018-07-23 14:23:41',0,NULL,NULL),
 (203,61,254723060236,'',0,263,263,'2018-07-09 17:56:32','2018-07-23 14:23:41',0,NULL,NULL),
 (204,61,254723612013,'',0,263,263,'2018-07-09 17:56:32','2018-07-23 14:23:41',0,NULL,NULL),
 (205,61,254723669340,'',0,263,263,'2018-07-09 17:56:32','2018-07-23 14:23:41',0,NULL,NULL),
 (206,61,254723795313,'',0,263,263,'2018-07-09 17:56:32','2018-07-23 14:23:41',0,NULL,NULL),
 (207,61,254723827433,'',0,263,263,'2018-07-09 17:56:32','2018-07-23 14:23:41',0,NULL,NULL),
 (208,61,254723829713,'',0,263,263,'2018-07-09 17:56:32','2018-07-23 14:23:41',0,NULL,NULL),
 (209,61,254723952246,'',0,263,263,'2018-07-09 17:56:32','2018-07-23 14:23:41',0,NULL,NULL),
 (210,61,254724204678,'',0,263,263,'2018-07-09 17:56:32','2018-07-23 14:23:41',0,NULL,NULL),
 (211,61,254724365604,'',0,263,263,'2018-07-09 17:56:32','2018-07-23 14:23:41',0,NULL,NULL),
 (212,61,254724380391,'',0,263,263,'2018-07-09 17:56:32','2018-07-23 14:23:41',0,NULL,NULL),
 (213,61,254724616749,'',0,263,263,'2018-07-09 17:56:32','2018-07-23 14:23:41',0,NULL,NULL),
 (214,61,254724618311,'',0,263,263,'2018-07-09 17:56:32','2018-07-23 14:23:41',0,NULL,NULL),
 (215,61,254724635580,'',0,263,263,'2018-07-09 17:56:32','2018-07-23 14:23:41',0,NULL,NULL),
 (216,61,254725202708,'',0,263,263,'2018-07-09 17:56:32','2018-07-23 14:23:41',0,NULL,NULL),
 (217,61,254726322354,'',0,263,263,'2018-07-09 17:56:32','2018-07-23 14:23:41',0,NULL,NULL),
 (218,61,254726988551,'',0,263,263,'2018-07-09 17:56:32','2018-07-23 14:23:41',0,NULL,NULL),
 (219,61,254727552650,'',0,263,263,'2018-07-09 17:56:32','2018-07-23 14:23:41',0,NULL,NULL),
 (220,61,254728026084,'',0,263,263,'2018-07-09 17:56:32','2018-07-23 14:23:41',0,NULL,NULL),
 (221,61,254728954056,'',0,263,263,'2018-07-09 17:56:32','2018-07-23 14:23:41',0,NULL,NULL),
 (222,61,254729457262,'',0,263,263,'2018-07-09 17:56:32','2018-07-23 14:23:41',0,NULL,NULL),
 (223,61,254729590993,'',0,263,263,'2018-07-09 17:56:32','2018-07-23 14:23:41',0,NULL,NULL),
 (224,61,254730696000,'',0,263,263,'2018-07-09 17:56:32','2018-07-23 14:23:41',0,NULL,NULL),
 (225,61,254730886000,'',0,263,263,'2018-07-09 17:56:32','2018-07-23 14:23:41',0,NULL,NULL),
 (226,61,254731652159,'',0,263,263,'2018-07-09 17:56:32','2018-07-23 14:23:41',0,NULL,NULL),
 (227,61,254733644141,'',0,263,263,'2018-07-09 17:56:32','2018-07-23 14:23:41',0,NULL,NULL),
 (228,61,254733776842,'',0,263,263,'2018-07-09 17:56:32','2018-07-23 14:23:41',0,NULL,NULL),
 (229,61,254735748009,'',0,263,263,'2018-07-09 17:56:32','2018-07-23 14:23:41',0,NULL,NULL),
 (230,61,254735862340,'',0,263,263,'2018-07-09 17:56:32','2018-07-23 14:23:41',0,NULL,NULL),
 (231,61,254736598495,'',0,263,263,'2018-07-09 17:56:32','2018-07-23 14:23:41',0,NULL,NULL),
 (232,61,254737211951,'',0,263,263,'2018-07-09 17:56:32','2018-07-23 14:23:41',0,NULL,NULL),
 (233,61,254738288289,'',0,263,263,'2018-07-09 17:56:32','2018-07-23 14:23:41',0,NULL,NULL),
 (234,61,254739884416,'',0,263,263,'2018-07-09 17:56:32','2018-07-23 14:23:41',0,NULL,NULL),
 (235,61,254748103077,'',0,263,263,'2018-07-09 17:56:32','2018-07-23 14:23:41',0,NULL,NULL),
 (236,61,254756020101,'',0,263,263,'2018-07-09 17:56:32','2018-07-23 14:23:41',0,NULL,NULL),
 (237,61,254771217482,'',0,263,263,'2018-07-09 17:56:32','2018-07-23 14:23:41',0,NULL,NULL),
 (238,61,254773044611,'',0,263,263,'2018-07-09 17:56:32','2018-07-23 14:23:41',0,NULL,NULL),
 (239,61,254780244108,'',0,263,263,'2018-07-09 17:56:32','2018-07-23 14:23:41',0,NULL,NULL),
 (240,61,254786268836,'',0,263,263,'2018-07-09 17:56:32','2018-07-23 14:23:41',0,NULL,NULL),
 (241,61,254786477699,'',0,263,263,'2018-07-09 17:56:32','2018-07-23 14:23:41',0,NULL,NULL),
 (242,61,254788397966,'',0,263,263,'2018-07-09 17:56:32','2018-07-23 14:23:41',0,NULL,NULL),
 (243,61,254791448404,'',0,263,263,'2018-07-09 17:56:32','2018-07-23 14:23:41',0,NULL,NULL),
 (244,62,254701390356,'',0,263,263,'2018-07-10 18:44:11','2018-07-23 14:23:41',0,NULL,NULL),
 (245,62,254701454548,'',0,263,263,'2018-07-10 18:44:11','2018-07-23 14:23:41',0,NULL,NULL),
 (246,62,254704944034,'',0,263,263,'2018-07-10 18:44:11','2018-07-23 14:23:41',0,NULL,NULL),
 (247,62,254707032937,'',0,263,263,'2018-07-10 18:44:11','2018-07-23 14:23:41',0,NULL,NULL),
 (248,62,254710241472,'',0,263,263,'2018-07-10 18:44:11','2018-07-23 14:23:41',0,NULL,NULL),
 (249,62,254710430298,'',0,263,263,'2018-07-10 18:44:11','2018-07-23 14:23:41',0,NULL,NULL),
 (250,62,254710944139,'',0,263,263,'2018-07-10 18:44:11','2018-07-23 14:23:41',0,NULL,NULL),
 (251,62,254712223015,'',0,263,263,'2018-07-10 18:44:11','2018-07-23 14:23:41',0,NULL,NULL),
 (252,62,254713265777,'',0,263,263,'2018-07-10 18:44:11','2018-07-23 14:23:41',0,NULL,NULL),
 (253,62,254714467635,'',0,263,263,'2018-07-10 18:44:11','2018-07-23 14:23:41',0,NULL,NULL),
 (254,62,254714822290,'',0,263,263,'2018-07-10 18:44:11','2018-07-23 14:23:41',0,NULL,NULL),
 (255,62,254716651797,'',0,263,263,'2018-07-10 18:44:11','2018-07-23 14:23:41',0,NULL,NULL),
 (256,62,254717694308,'',0,263,263,'2018-07-10 18:44:11','2018-07-23 14:23:41',0,NULL,NULL),
 (257,62,254717967449,'',0,263,263,'2018-07-10 18:44:11','2018-07-23 14:23:41',0,NULL,NULL),
 (258,62,254720177959,'',0,263,263,'2018-07-10 18:44:11','2018-07-23 14:23:41',0,NULL,NULL),
 (259,62,254720295126,'',0,263,263,'2018-07-10 18:44:11','2018-07-23 14:23:41',0,NULL,NULL),
 (260,62,254720413253,'',0,263,263,'2018-07-10 18:44:11','2018-07-23 14:23:41',0,NULL,NULL),
 (261,62,254720414384,'',0,263,263,'2018-07-10 18:44:11','2018-07-23 14:23:41',0,NULL,NULL),
 (262,62,254720472827,'',0,263,263,'2018-07-10 18:44:11','2018-07-23 14:23:41',0,NULL,NULL),
 (263,62,254720559610,'',0,263,263,'2018-07-10 18:44:11','2018-07-23 14:23:41',0,NULL,NULL),
 (264,62,254720825121,'',0,263,263,'2018-07-10 18:44:11','2018-07-23 14:23:41',0,NULL,NULL),
 (265,62,254720854737,'',0,263,263,'2018-07-10 18:44:11','2018-07-23 14:23:41',0,NULL,NULL),
 (266,62,254721408077,'',0,263,263,'2018-07-10 18:44:11','2018-07-23 14:23:41',0,NULL,NULL),
 (267,62,254721504773,'',0,263,263,'2018-07-10 18:44:11','2018-07-23 14:23:41',0,NULL,NULL),
 (268,62,254721546875,'',0,263,263,'2018-07-10 18:44:11','2018-07-23 14:23:41',0,NULL,NULL),
 (269,62,254721626680,'',0,263,263,'2018-07-10 18:44:11','2018-07-23 14:23:41',0,NULL,NULL),
 (270,62,254721756332,'',0,263,263,'2018-07-10 18:44:11','2018-07-23 14:23:41',0,NULL,NULL),
 (271,62,254721916614,'',0,263,263,'2018-07-10 18:44:11','2018-07-23 14:23:41',0,NULL,NULL),
 (272,62,254722173807,'',0,263,263,'2018-07-10 18:44:11','2018-07-23 14:23:41',0,NULL,NULL),
 (273,62,254722176670,'',0,263,263,'2018-07-10 18:44:11','2018-07-23 14:23:41',0,NULL,NULL),
 (274,62,254722235526,'',0,263,263,'2018-07-10 18:44:12','2018-07-23 14:23:41',0,NULL,NULL),
 (275,62,254722341480,'',0,263,263,'2018-07-10 18:44:12','2018-07-23 14:23:41',0,NULL,NULL),
 (276,62,254722373476,'',0,263,263,'2018-07-10 18:44:12','2018-07-23 14:23:41',0,NULL,NULL),
 (277,62,254722413095,'',0,263,263,'2018-07-10 18:44:12','2018-07-23 14:23:41',0,NULL,NULL),
 (278,62,254722414435,'',0,263,263,'2018-07-10 18:44:12','2018-07-23 14:23:41',0,NULL,NULL),
 (279,62,254722484625,'',0,263,263,'2018-07-10 18:44:12','2018-07-23 14:23:41',0,NULL,NULL),
 (280,62,254722499816,'',0,263,263,'2018-07-10 18:44:12','2018-07-23 14:23:41',0,NULL,NULL),
 (281,62,254722511596,'',0,263,263,'2018-07-10 18:44:12','2018-07-23 14:23:41',0,NULL,NULL),
 (282,62,254722523080,'',0,263,263,'2018-07-10 18:44:12','2018-07-23 14:23:41',0,NULL,NULL),
 (283,62,254722607366,'',0,263,263,'2018-07-10 18:44:12','2018-07-23 14:23:41',0,NULL,NULL),
 (284,62,254722721894,'',0,263,263,'2018-07-10 18:44:12','2018-07-23 14:23:41',0,NULL,NULL),
 (285,62,254722727003,'',0,263,263,'2018-07-10 18:44:12','2018-07-23 14:23:41',0,NULL,NULL),
 (286,62,254722736944,'',0,263,263,'2018-07-10 18:44:12','2018-07-23 14:23:41',0,NULL,NULL),
 (287,62,254722827549,'',0,263,263,'2018-07-10 18:44:12','2018-07-23 14:23:41',0,NULL,NULL),
 (288,62,254722839289,'',0,263,263,'2018-07-10 18:44:12','2018-07-23 14:23:41',0,NULL,NULL),
 (289,62,254723573609,'',0,263,263,'2018-07-10 18:44:12','2018-07-23 14:23:41',0,NULL,NULL),
 (290,62,254723637377,'',0,263,263,'2018-07-10 18:44:12','2018-07-23 14:23:41',0,NULL,NULL),
 (291,62,254723842086,'',0,263,263,'2018-07-10 18:44:12','2018-07-23 14:23:41',0,NULL,NULL),
 (292,62,254724309855,'',0,263,263,'2018-07-10 18:44:12','2018-07-23 14:23:41',0,NULL,NULL),
 (293,62,254724327672,'',0,263,263,'2018-07-10 18:44:12','2018-07-23 14:23:41',0,NULL,NULL),
 (294,62,254725301386,'',0,263,263,'2018-07-10 18:44:12','2018-07-23 14:23:41',0,NULL,NULL),
 (295,62,254725662764,'',0,263,263,'2018-07-10 18:44:12','2018-07-23 14:23:41',0,NULL,NULL),
 (296,62,254726509445,'',0,263,263,'2018-07-10 18:44:12','2018-07-23 14:23:41',0,NULL,NULL),
 (297,62,254726722145,'',0,263,263,'2018-07-10 18:44:12','2018-07-23 14:23:41',0,NULL,NULL),
 (298,62,254727675434,'',0,263,263,'2018-07-10 18:44:12','2018-07-23 14:23:41',0,NULL,NULL),
 (299,62,254728742098,'',0,263,263,'2018-07-10 18:44:12','2018-07-23 14:23:41',0,NULL,NULL),
 (300,62,254730111000,'',0,263,263,'2018-07-10 18:44:12','2018-07-23 14:23:41',0,NULL,NULL),
 (301,62,254732227246,'',0,263,263,'2018-07-10 18:44:12','2018-07-23 14:23:41',0,NULL,NULL),
 (302,62,254732765885,'',0,263,263,'2018-07-10 18:44:12','2018-07-23 14:23:41',0,NULL,NULL),
 (303,62,254733590571,'',0,263,263,'2018-07-10 18:44:12','2018-07-23 14:23:41',0,NULL,NULL),
 (304,62,254733609989,'',0,263,263,'2018-07-10 18:44:12','2018-07-23 14:23:41',0,NULL,NULL),
 (305,62,254733827467,'',0,263,263,'2018-07-10 18:44:12','2018-07-23 14:23:41',0,NULL,NULL),
 (306,62,254733897459,'',0,263,263,'2018-07-10 18:44:12','2018-07-23 14:23:41',0,NULL,NULL),
 (307,62,254734082777,'',0,263,263,'2018-07-10 18:44:12','2018-07-23 14:23:41',0,NULL,NULL),
 (308,62,254735568614,'',0,263,263,'2018-07-10 18:44:12','2018-07-23 14:23:41',0,NULL,NULL),
 (309,62,254736382270,'',0,263,263,'2018-07-10 18:44:12','2018-07-23 14:23:41',0,NULL,NULL),
 (310,62,254736803903,'',0,263,263,'2018-07-10 18:44:12','2018-07-23 14:23:41',0,NULL,NULL),
 (311,62,254737179420,'',0,263,263,'2018-07-10 18:44:12','2018-07-23 14:23:41',0,NULL,NULL),
 (312,62,254756020104,'',0,263,263,'2018-07-10 18:44:12','2018-07-23 14:23:41',0,NULL,NULL),
 (313,62,254780514565,'',0,263,263,'2018-07-10 18:44:12','2018-07-23 14:23:41',0,NULL,NULL),
 (314,62,254798567916,'',0,263,263,'2018-07-10 18:44:12','2018-07-23 14:23:41',0,NULL,NULL),
 (315,63,254700587111,'',0,263,263,'2018-07-11 17:24:59','2018-07-23 14:23:41',0,NULL,NULL),
 (316,63,254703554439,'',0,263,263,'2018-07-11 17:24:59','2018-07-23 14:23:41',0,NULL,NULL),
 (317,63,254705152326,'',0,263,263,'2018-07-11 17:24:59','2018-07-23 14:23:41',0,NULL,NULL),
 (318,63,254705367312,'',0,263,263,'2018-07-11 17:24:59','2018-07-23 14:23:41',0,NULL,NULL),
 (319,63,254707234996,'',0,263,263,'2018-07-11 17:24:59','2018-07-23 14:23:41',0,NULL,NULL),
 (320,63,254709952000,'',0,263,263,'2018-07-11 17:24:59','2018-07-23 14:23:41',0,NULL,NULL),
 (321,63,254710270933,'',0,263,263,'2018-07-11 17:24:59','2018-07-23 14:23:41',0,NULL,NULL),
 (322,63,254710472821,'',0,263,263,'2018-07-11 17:24:59','2018-07-23 14:23:41',0,NULL,NULL),
 (323,63,254710641001,'',0,263,263,'2018-07-11 17:24:59','2018-07-23 14:23:41',0,NULL,NULL),
 (324,63,254710992853,'',0,263,263,'2018-07-11 17:24:59','2018-07-23 14:23:41',0,NULL,NULL),
 (325,63,254712868500,'',0,263,263,'2018-07-11 17:24:59','2018-07-23 14:23:41',0,NULL,NULL),
 (326,63,254713046859,'',0,263,263,'2018-07-11 17:24:59','2018-07-23 14:23:41',0,NULL,NULL),
 (327,63,254713818400,'',0,263,263,'2018-07-11 17:24:59','2018-07-23 14:23:41',0,NULL,NULL),
 (328,63,254713853054,'',0,263,263,'2018-07-11 17:24:59','2018-07-23 14:23:41',0,NULL,NULL),
 (329,63,254716781760,'',0,263,263,'2018-07-11 17:24:59','2018-07-23 14:23:41',0,NULL,NULL),
 (330,63,254717713010,'',0,263,263,'2018-07-11 17:24:59','2018-07-23 14:23:41',0,NULL,NULL),
 (331,63,254720040485,'',0,263,263,'2018-07-11 17:24:59','2018-07-23 14:23:41',0,NULL,NULL),
 (332,63,254720168628,'',0,263,263,'2018-07-11 17:24:59','2018-07-23 14:23:41',0,NULL,NULL),
 (333,63,254720589906,'',0,263,263,'2018-07-11 17:24:59','2018-07-23 14:23:41',0,NULL,NULL),
 (334,63,254720811086,'',0,263,263,'2018-07-11 17:24:59','2018-07-23 14:23:41',0,NULL,NULL),
 (335,63,254721229223,'',0,263,263,'2018-07-11 17:24:59','2018-07-23 14:23:41',0,NULL,NULL),
 (336,63,254721233760,'',0,263,263,'2018-07-11 17:24:59','2018-07-23 14:23:41',0,NULL,NULL),
 (337,63,254721253125,'',0,263,263,'2018-07-11 17:24:59','2018-07-23 14:23:41',0,NULL,NULL),
 (338,63,254721309210,'',0,263,263,'2018-07-11 17:24:59','2018-07-23 14:23:41',0,NULL,NULL),
 (339,63,254721316536,'',0,263,263,'2018-07-11 17:24:59','2018-07-23 14:23:41',0,NULL,NULL),
 (340,63,254721397489,'',0,263,263,'2018-07-11 17:24:59','2018-07-23 14:23:41',0,NULL,NULL),
 (341,63,254721414931,'',0,263,263,'2018-07-11 17:24:59','2018-07-23 14:23:41',0,NULL,NULL),
 (342,63,254721843885,'',0,263,263,'2018-07-11 17:24:59','2018-07-23 14:23:41',0,NULL,NULL),
 (343,63,254721943802,'',0,263,263,'2018-07-11 17:24:59','2018-07-23 14:23:41',0,NULL,NULL),
 (344,63,254722209779,'',0,263,263,'2018-07-11 17:24:59','2018-07-23 14:23:41',0,NULL,NULL),
 (345,63,254722252932,'',0,263,263,'2018-07-11 17:24:59','2018-07-23 14:23:41',0,NULL,NULL),
 (346,63,254722267229,'',0,263,263,'2018-07-11 17:24:59','2018-07-23 14:23:41',0,NULL,NULL),
 (347,63,254722392096,'',0,263,263,'2018-07-11 17:24:59','2018-07-23 14:23:41',0,NULL,NULL),
 (348,63,254722465457,'',0,263,263,'2018-07-11 17:24:59','2018-07-23 14:23:41',0,NULL,NULL),
 (349,63,254722475361,'',0,263,263,'2018-07-11 17:24:59','2018-07-23 14:23:41',0,NULL,NULL),
 (350,63,254722514239,'',0,263,263,'2018-07-11 17:24:59','2018-07-23 14:23:41',0,NULL,NULL),
 (351,63,254722524180,'',0,263,263,'2018-07-11 17:24:59','2018-07-23 14:23:41',0,NULL,NULL),
 (352,63,254722550625,'',0,263,263,'2018-07-11 17:24:59','2018-07-23 14:23:41',0,NULL,NULL),
 (353,63,254722573513,'',0,263,263,'2018-07-11 17:24:59','2018-07-23 14:23:41',0,NULL,NULL),
 (354,63,254722574657,'',0,263,263,'2018-07-11 17:24:59','2018-07-23 14:23:41',0,NULL,NULL),
 (355,63,254722602296,'',0,263,263,'2018-07-11 17:24:59','2018-07-23 14:23:41',0,NULL,NULL),
 (356,63,254722652852,'',0,263,263,'2018-07-11 17:24:59','2018-07-23 14:23:41',0,NULL,NULL),
 (357,63,254722706701,'',0,263,263,'2018-07-11 17:24:59','2018-07-23 14:23:41',0,NULL,NULL),
 (358,63,254722767853,'',0,263,263,'2018-07-11 17:24:59','2018-07-23 14:23:41',0,NULL,NULL),
 (359,63,254722968025,'',0,263,263,'2018-07-11 17:24:59','2018-07-23 14:23:41',0,NULL,NULL),
 (360,63,254722969402,'',0,263,263,'2018-07-11 17:24:59','2018-07-23 14:23:41',0,NULL,NULL),
 (361,63,254723016205,'',0,263,263,'2018-07-11 17:24:59','2018-07-23 14:23:41',0,NULL,NULL),
 (362,63,254723060236,'',0,263,263,'2018-07-11 17:24:59','2018-07-23 14:23:41',0,NULL,NULL),
 (363,63,254723481438,'',0,263,263,'2018-07-11 17:24:59','2018-07-23 14:23:41',0,NULL,NULL),
 (364,63,254723584192,'',0,263,263,'2018-07-11 17:24:59','2018-07-23 14:23:41',0,NULL,NULL),
 (365,63,254723829713,'',0,263,263,'2018-07-11 17:24:59','2018-07-23 14:23:41',0,NULL,NULL),
 (366,63,254724141444,'',0,263,263,'2018-07-11 17:24:59','2018-07-23 14:23:41',0,NULL,NULL),
 (367,63,254724225138,'',0,263,263,'2018-07-11 17:24:59','2018-07-23 14:23:41',0,NULL,NULL),
 (368,63,254724516904,'',0,263,263,'2018-07-11 17:24:59','2018-07-23 14:23:41',0,NULL,NULL),
 (369,63,254724616749,'',0,263,263,'2018-07-11 17:24:59','2018-07-23 14:23:41',0,NULL,NULL),
 (370,63,254724867732,'',0,263,263,'2018-07-11 17:24:59','2018-07-23 14:23:41',0,NULL,NULL),
 (371,63,254724873215,'',0,263,263,'2018-07-11 17:25:00','2018-07-23 14:23:41',0,NULL,NULL),
 (372,63,254724979344,'',0,263,263,'2018-07-11 17:25:00','2018-07-23 14:23:41',0,NULL,NULL),
 (373,63,254725045045,'',0,263,263,'2018-07-11 17:25:00','2018-07-23 14:23:41',0,NULL,NULL),
 (374,63,254725357372,'',0,263,263,'2018-07-11 17:25:00','2018-07-23 14:23:41',0,NULL,NULL),
 (375,63,254726595338,'',0,263,263,'2018-07-11 17:25:00','2018-07-23 14:23:41',0,NULL,NULL),
 (376,63,254726821040,'',0,263,263,'2018-07-11 17:25:00','2018-07-23 14:23:41',0,NULL,NULL),
 (377,63,254727911466,'',0,263,263,'2018-07-11 17:25:00','2018-07-23 14:23:41',0,NULL,NULL),
 (378,63,254728206771,'',0,263,263,'2018-07-11 17:25:00','2018-07-23 14:23:41',0,NULL,NULL),
 (379,63,254730700000,'',0,263,263,'2018-07-11 17:25:00','2018-07-23 14:23:41',0,NULL,NULL),
 (380,63,254731858871,'',0,263,263,'2018-07-11 17:25:00','2018-07-23 14:23:41',0,NULL,NULL),
 (381,63,254731859652,'',0,263,263,'2018-07-11 17:25:00','2018-07-23 14:23:41',0,NULL,NULL),
 (382,63,254732280001,'',0,263,263,'2018-07-11 17:25:00','2018-07-23 14:23:41',0,NULL,NULL),
 (383,63,254734821895,'',0,263,263,'2018-07-11 17:25:00','2018-07-23 14:23:41',0,NULL,NULL),
 (384,63,254738506264,'',0,263,263,'2018-07-11 17:25:00','2018-07-23 14:23:41',0,NULL,NULL),
 (385,63,254738865192,'',0,263,263,'2018-07-11 17:25:00','2018-07-23 14:23:41',0,NULL,NULL),
 (386,63,254740921178,'',0,263,263,'2018-07-11 17:25:00','2018-07-23 14:23:41',0,NULL,NULL),
 (387,63,254741022388,'',0,263,263,'2018-07-11 17:25:00','2018-07-23 14:23:41',0,NULL,NULL),
 (388,63,254771788156,'',0,263,263,'2018-07-11 17:25:00','2018-07-23 14:23:41',0,NULL,NULL),
 (389,63,254773044611,'',0,263,263,'2018-07-11 17:25:00','2018-07-23 14:23:41',0,NULL,NULL),
 (390,63,254777634102,'',0,263,263,'2018-07-11 17:25:00','2018-07-23 14:23:41',0,NULL,NULL),
 (391,63,254780999862,'',0,263,263,'2018-07-11 17:25:00','2018-07-23 14:23:41',0,NULL,NULL),
 (392,63,254790467058,'',0,263,263,'2018-07-11 17:25:00','2018-07-23 14:23:41',0,NULL,NULL),
 (393,65,254700124780,'',0,263,263,'2018-07-12 17:17:07','2018-07-23 14:23:41',0,NULL,NULL),
 (394,65,254700479150,'',0,263,263,'2018-07-12 17:17:07','2018-07-23 14:23:41',0,NULL,NULL),
 (395,65,254700617861,'',0,263,263,'2018-07-12 17:17:07','2018-07-23 14:23:41',0,NULL,NULL),
 (396,65,254700895896,'',0,263,263,'2018-07-12 17:17:07','2018-07-23 14:23:41',0,NULL,NULL),
 (397,65,254701454548,'',0,263,263,'2018-07-12 17:17:07','2018-07-23 14:23:41',0,NULL,NULL),
 (398,65,254703052054,'',0,263,263,'2018-07-12 17:17:07','2018-07-23 14:23:41',0,NULL,NULL),
 (399,65,254705738460,'',0,263,263,'2018-07-12 17:17:07','2018-07-23 14:23:41',0,NULL,NULL),
 (400,65,254708135800,'',0,263,263,'2018-07-12 17:17:07','2018-07-23 14:23:41',0,NULL,NULL),
 (401,65,254708934412,'',0,263,263,'2018-07-12 17:17:07','2018-07-23 14:23:41',0,NULL,NULL),
 (402,65,254710452900,'',0,263,263,'2018-07-12 17:17:07','2018-07-23 14:23:41',0,NULL,NULL),
 (403,65,254710798776,'',0,263,263,'2018-07-12 17:17:07','2018-07-23 14:23:41',0,NULL,NULL),
 (404,65,254711989595,'',0,263,263,'2018-07-12 17:17:07','2018-07-23 14:23:41',0,NULL,NULL),
 (405,65,254715070030,'',0,263,263,'2018-07-12 17:17:07','2018-07-23 14:23:41',0,NULL,NULL),
 (406,65,254715704972,'',0,263,263,'2018-07-12 17:17:07','2018-07-23 14:23:41',0,NULL,NULL),
 (407,65,254715732619,'',0,263,263,'2018-07-12 17:17:07','2018-07-23 14:23:41',0,NULL,NULL),
 (408,65,254717318000,'',0,263,263,'2018-07-12 17:17:07','2018-07-23 14:23:41',0,NULL,NULL),
 (409,65,254719081000,'',0,263,263,'2018-07-12 17:17:07','2018-07-23 14:23:41',0,NULL,NULL),
 (410,65,254720218130,'',0,263,263,'2018-07-12 17:17:07','2018-07-23 14:23:41',0,NULL,NULL),
 (411,65,254720286004,'',0,263,263,'2018-07-12 17:17:07','2018-07-23 14:23:41',0,NULL,NULL),
 (412,65,254720556263,'',0,263,263,'2018-07-12 17:17:07','2018-07-23 14:23:41',0,NULL,NULL),
 (413,65,254720791353,'',0,263,263,'2018-07-12 17:17:07','2018-07-23 14:23:41',0,NULL,NULL),
 (414,65,254720852713,'',0,263,263,'2018-07-12 17:17:07','2018-07-23 14:23:41',0,NULL,NULL),
 (415,65,254721175146,'',0,263,263,'2018-07-12 17:17:07','2018-07-23 14:23:41',0,NULL,NULL),
 (416,65,254721267151,'',0,263,263,'2018-07-12 17:17:07','2018-07-23 14:23:41',0,NULL,NULL),
 (417,65,254721464683,'',0,263,263,'2018-07-12 17:17:07','2018-07-23 14:23:41',0,NULL,NULL),
 (418,65,254721489013,'',0,263,263,'2018-07-12 17:17:07','2018-07-23 14:23:41',0,NULL,NULL),
 (419,65,254721524310,'',0,263,263,'2018-07-12 17:17:07','2018-07-23 14:23:41',0,NULL,NULL),
 (420,65,254721557331,'',0,263,263,'2018-07-12 17:17:07','2018-07-23 14:23:41',0,NULL,NULL),
 (421,65,254721606862,'',0,263,263,'2018-07-12 17:17:07','2018-07-23 14:23:41',0,NULL,NULL),
 (422,65,254721906171,'',0,263,263,'2018-07-12 17:17:07','2018-07-23 14:23:41',0,NULL,NULL),
 (423,65,254722175372,'',0,263,263,'2018-07-12 17:17:07','2018-07-23 14:23:41',0,NULL,NULL),
 (424,65,254722307324,'',0,263,263,'2018-07-12 17:17:07','2018-07-23 14:23:41',0,NULL,NULL),
 (425,65,254722347247,'',0,263,263,'2018-07-12 17:17:07','2018-07-23 14:23:41',0,NULL,NULL),
 (426,65,254722347541,'',0,263,263,'2018-07-12 17:17:07','2018-07-23 14:23:41',0,NULL,NULL),
 (427,65,254722454779,'',0,263,263,'2018-07-12 17:17:07','2018-07-23 14:23:41',0,NULL,NULL),
 (428,65,254722518146,'',0,263,263,'2018-07-12 17:17:07','2018-07-23 14:23:41',0,NULL,NULL),
 (429,65,254722523760,'',0,263,263,'2018-07-12 17:17:07','2018-07-23 14:23:41',0,NULL,NULL),
 (430,65,254722591803,'',0,263,263,'2018-07-12 17:17:07','2018-07-23 14:23:41',0,NULL,NULL),
 (431,65,254722607366,'',0,263,263,'2018-07-12 17:17:07','2018-07-23 14:23:41',0,NULL,NULL),
 (432,65,254722685045,'',0,263,263,'2018-07-12 17:17:07','2018-07-23 14:23:41',0,NULL,NULL),
 (433,65,254722724524,'',0,263,263,'2018-07-12 17:17:07','2018-07-23 14:23:41',0,NULL,NULL),
 (434,65,254722736944,'',0,263,263,'2018-07-12 17:17:07','2018-07-23 14:23:41',0,NULL,NULL),
 (435,65,254722825699,'',0,263,263,'2018-07-12 17:17:07','2018-07-23 14:23:41',0,NULL,NULL),
 (436,65,254722843688,'',0,263,263,'2018-07-12 17:17:07','2018-07-23 14:23:41',0,NULL,NULL),
 (437,65,254722865586,'',0,263,263,'2018-07-12 17:17:07','2018-07-23 14:23:41',0,NULL,NULL),
 (438,65,254723430480,'',0,263,263,'2018-07-12 17:17:07','2018-07-23 14:23:41',0,NULL,NULL),
 (439,65,254723669340,'',0,263,263,'2018-07-12 17:17:07','2018-07-23 14:23:41',0,NULL,NULL),
 (440,65,254723983961,'',0,263,263,'2018-07-12 17:17:07','2018-07-23 14:23:41',0,NULL,NULL),
 (441,65,254724149984,'',0,263,263,'2018-07-12 17:17:07','2018-07-23 14:23:41',0,NULL,NULL),
 (442,65,254724365604,'',0,263,263,'2018-07-12 17:17:07','2018-07-23 14:23:41',0,NULL,NULL),
 (443,65,254724394394,'',0,263,263,'2018-07-12 17:17:07','2018-07-23 14:23:41',0,NULL,NULL),
 (444,65,254724618311,'',0,263,263,'2018-07-12 17:17:07','2018-07-23 14:23:41',0,NULL,NULL),
 (445,65,254725380970,'',0,263,263,'2018-07-12 17:17:07','2018-07-23 14:23:41',0,NULL,NULL),
 (446,65,254725589021,'',0,263,263,'2018-07-12 17:17:07','2018-07-23 14:23:41',0,NULL,NULL),
 (447,65,254726012315,'',0,263,263,'2018-07-12 17:17:07','2018-07-23 14:23:41',0,NULL,NULL),
 (448,65,254726322354,'',0,263,263,'2018-07-12 17:17:07','2018-07-23 14:23:41',0,NULL,NULL),
 (449,65,254726657150,'',0,263,263,'2018-07-12 17:17:07','2018-07-23 14:23:41',0,NULL,NULL),
 (450,65,254726721440,'',0,263,263,'2018-07-12 17:17:07','2018-07-23 14:23:41',0,NULL,NULL),
 (451,65,254727745144,'',0,263,263,'2018-07-12 17:17:07','2018-07-23 14:23:41',0,NULL,NULL),
 (452,65,254728742098,'',0,263,263,'2018-07-12 17:17:07','2018-07-23 14:23:41',0,NULL,NULL),
 (453,65,254729362458,'',0,263,263,'2018-07-12 17:17:07','2018-07-23 14:23:41',0,NULL,NULL),
 (454,65,254730696000,'',0,263,263,'2018-07-12 17:17:07','2018-07-23 14:23:41',0,NULL,NULL),
 (455,65,254733380173,'',0,263,263,'2018-07-12 17:17:07','2018-07-23 14:23:41',0,NULL,NULL),
 (456,65,254733402706,'',0,263,263,'2018-07-12 17:17:07','2018-07-23 14:23:41',0,NULL,NULL),
 (457,65,254735862340,'',0,263,263,'2018-07-12 17:17:07','2018-07-23 14:23:41',0,NULL,NULL),
 (458,65,254736207635,'',0,263,263,'2018-07-12 17:17:07','2018-07-23 14:23:41',0,NULL,NULL),
 (459,65,254736234370,'',0,263,263,'2018-07-12 17:17:07','2018-07-23 14:23:41',0,NULL,NULL),
 (460,65,254738888897,'',0,263,263,'2018-07-12 17:17:07','2018-07-23 14:23:41',0,NULL,NULL),
 (461,65,254747585000,'',0,263,263,'2018-07-12 17:17:07','2018-07-23 14:23:41',0,NULL,NULL),
 (462,65,254752325789,'',0,263,263,'2018-07-12 17:17:07','2018-07-23 14:23:41',0,NULL,NULL),
 (463,65,254780456975,'',0,263,263,'2018-07-12 17:17:07','2018-07-23 14:23:41',0,NULL,NULL),
 (464,65,254786477699,'',0,263,263,'2018-07-12 17:17:07','2018-07-23 14:23:41',0,NULL,NULL),
 (465,65,254791448404,'',0,263,263,'2018-07-12 17:17:07','2018-07-23 14:23:41',0,NULL,NULL),
 (466,65,254796212469,'',0,263,263,'2018-07-12 17:17:07','2018-07-23 14:23:41',0,NULL,NULL),
 (467,65,254798484802,'',0,263,263,'2018-07-12 17:17:07','2018-07-23 14:23:41',0,NULL,NULL),
 (468,65,254703030100,'',0,263,263,'2018-07-12 17:17:07','2018-07-23 14:23:41',0,NULL,NULL),
 (469,65,254709974001,'',0,263,263,'2018-07-12 17:17:07','2018-07-23 14:23:41',0,NULL,NULL),
 (470,66,254700002341,'',0,263,263,'2018-07-13 17:19:36','2018-07-23 14:23:41',0,NULL,NULL),
 (471,66,254701390356,'',0,263,263,'2018-07-13 17:19:36','2018-07-23 14:23:41',0,NULL,NULL),
 (472,66,254702111826,'',0,263,263,'2018-07-13 17:19:36','2018-07-23 14:23:41',0,NULL,NULL),
 (473,66,254702836618,'',0,263,263,'2018-07-13 17:19:36','2018-07-23 14:23:41',0,NULL,NULL),
 (474,66,254707234996,'',0,263,263,'2018-07-13 17:19:36','2018-07-23 14:23:41',0,NULL,NULL),
 (475,66,254712223015,'',0,263,263,'2018-07-13 17:19:36','2018-07-23 14:23:41',0,NULL,NULL),
 (476,66,254712370192,'',0,263,263,'2018-07-13 17:19:36','2018-07-23 14:23:41',0,NULL,NULL),
 (477,66,254712695164,'',0,263,263,'2018-07-13 17:19:36','2018-07-23 14:23:41',0,NULL,NULL),
 (478,66,254712822241,'',0,263,263,'2018-07-13 17:19:36','2018-07-23 14:23:41',0,NULL,NULL),
 (479,66,254713255360,'',0,263,263,'2018-07-13 17:19:36','2018-07-23 14:23:41',0,NULL,NULL),
 (480,66,254713853054,'',0,263,263,'2018-07-13 17:19:36','2018-07-23 14:23:41',0,NULL,NULL),
 (481,66,254713900000,'',0,263,263,'2018-07-13 17:19:36','2018-07-23 14:23:41',0,NULL,NULL),
 (482,66,254715555550,'',0,263,263,'2018-07-13 17:19:36','2018-07-23 14:23:41',0,NULL,NULL),
 (483,66,254716645543,'',0,263,263,'2018-07-13 17:19:36','2018-07-23 14:23:41',0,NULL,NULL),
 (484,66,254718173311,'',0,263,263,'2018-07-13 17:19:36','2018-07-23 14:23:41',0,NULL,NULL),
 (485,66,254720559610,'',0,263,263,'2018-07-13 17:19:36','2018-07-23 14:23:41',0,NULL,NULL),
 (486,66,254720647864,'',0,263,263,'2018-07-13 17:19:36','2018-07-23 14:23:41',0,NULL,NULL),
 (487,66,254720756526,'',0,263,263,'2018-07-13 17:19:36','2018-07-23 14:23:41',0,NULL,NULL),
 (488,66,254720851512,'',0,263,263,'2018-07-13 17:19:36','2018-07-23 14:23:41',0,NULL,NULL),
 (489,66,254720997872,'',0,263,263,'2018-07-13 17:19:36','2018-07-23 14:23:41',0,NULL,NULL),
 (490,66,254721309210,'',0,263,263,'2018-07-13 17:19:36','2018-07-23 14:23:41',0,NULL,NULL),
 (491,66,254721397489,'',0,263,263,'2018-07-13 17:19:36','2018-07-23 14:23:41',0,NULL,NULL),
 (492,66,254721414931,'',0,263,263,'2018-07-13 17:19:36','2018-07-23 14:23:41',0,NULL,NULL),
 (493,66,254721420250,'',0,263,263,'2018-07-13 17:19:36','2018-07-23 14:23:41',0,NULL,NULL),
 (494,66,254721757180,'',0,263,263,'2018-07-13 17:19:36','2018-07-23 14:23:41',0,NULL,NULL),
 (495,66,254721768511,'',0,263,263,'2018-07-13 17:19:36','2018-07-23 14:23:41',0,NULL,NULL),
 (496,66,254721863581,'',0,263,263,'2018-07-13 17:19:36','2018-07-23 14:23:41',0,NULL,NULL),
 (497,66,254722134844,'',0,263,263,'2018-07-13 17:19:36','2018-07-23 14:23:41',0,NULL,NULL),
 (498,66,254722265978,'',0,263,263,'2018-07-13 17:19:36','2018-07-23 14:23:41',0,NULL,NULL),
 (499,66,254722271068,'',0,263,263,'2018-07-13 17:19:36','2018-07-23 14:23:41',0,NULL,NULL),
 (500,66,254722340263,'',0,263,263,'2018-07-13 17:19:36','2018-07-23 14:23:41',0,NULL,NULL),
 (501,66,254722360304,'',0,263,263,'2018-07-13 17:19:36','2018-07-23 14:23:41',0,NULL,NULL),
 (502,66,254722392096,'',0,263,263,'2018-07-13 17:19:36','2018-07-23 14:23:41',0,NULL,NULL),
 (503,66,254722447190,'',0,263,263,'2018-07-13 17:19:36','2018-07-23 14:23:41',0,NULL,NULL),
 (504,66,254722450694,'',0,263,263,'2018-07-13 17:19:36','2018-07-23 14:23:41',0,NULL,NULL),
 (505,66,254722511299,'',0,263,263,'2018-07-13 17:19:36','2018-07-23 14:23:41',0,NULL,NULL),
 (506,66,254722526142,'',0,263,263,'2018-07-13 17:19:36','2018-07-23 14:23:41',0,NULL,NULL),
 (507,66,254722530890,'',0,263,263,'2018-07-13 17:19:36','2018-07-23 14:23:41',0,NULL,NULL),
 (508,66,254722550625,'',0,263,263,'2018-07-13 17:19:36','2018-07-23 14:23:41',0,NULL,NULL),
 (509,66,254722566391,'',0,263,263,'2018-07-13 17:19:36','2018-07-23 14:23:41',0,NULL,NULL),
 (510,66,254722587560,'',0,263,263,'2018-07-13 17:19:36','2018-07-23 14:23:41',0,NULL,NULL),
 (511,66,254722738782,'',0,263,263,'2018-07-13 17:19:36','2018-07-23 14:23:41',0,NULL,NULL),
 (512,66,254722742962,'',0,263,263,'2018-07-13 17:19:36','2018-07-23 14:23:41',0,NULL,NULL),
 (513,66,254722788182,'',0,263,263,'2018-07-13 17:19:36','2018-07-23 14:23:41',0,NULL,NULL),
 (514,66,254722813130,'',0,263,263,'2018-07-13 17:19:36','2018-07-23 14:23:41',0,NULL,NULL),
 (515,66,254722814206,'',0,263,263,'2018-07-13 17:19:36','2018-07-23 14:23:41',0,NULL,NULL),
 (516,66,254722962296,'',0,263,263,'2018-07-13 17:19:36','2018-07-23 14:23:41',0,NULL,NULL),
 (517,66,254722989856,'',0,263,263,'2018-07-13 17:19:36','2018-07-23 14:23:41',0,NULL,NULL),
 (518,66,254723060236,'',0,263,263,'2018-07-13 17:19:36','2018-07-23 14:23:41',0,NULL,NULL),
 (519,66,254723667699,'',0,263,263,'2018-07-13 17:19:36','2018-07-23 14:23:41',0,NULL,NULL),
 (520,66,254723940223,'',0,263,263,'2018-07-13 17:19:36','2018-07-23 14:23:41',0,NULL,NULL),
 (521,66,254724979344,'',0,263,263,'2018-07-13 17:19:36','2018-07-23 14:23:41',0,NULL,NULL),
 (522,66,254725127050,'',0,263,263,'2018-07-13 17:19:36','2018-07-23 14:23:41',0,NULL,NULL),
 (523,66,254725169224,'',0,263,263,'2018-07-13 17:19:36','2018-07-23 14:23:41',0,NULL,NULL),
 (524,66,254725302227,'',0,263,263,'2018-07-13 17:19:36','2018-07-23 14:23:41',0,NULL,NULL),
 (525,66,254725662764,'',0,263,263,'2018-07-13 17:19:36','2018-07-23 14:23:41',0,NULL,NULL),
 (526,66,254725826206,'',0,263,263,'2018-07-13 17:19:36','2018-07-23 14:23:41',0,NULL,NULL),
 (527,66,254726354035,'',0,263,263,'2018-07-13 17:19:36','2018-07-23 14:23:41',0,NULL,NULL),
 (528,66,254726980400,'',0,263,263,'2018-07-13 17:19:36','2018-07-23 14:23:41',0,NULL,NULL),
 (529,66,254727230430,'',0,263,263,'2018-07-13 17:19:36','2018-07-23 14:23:41',0,NULL,NULL),
 (530,66,254727665055,'',0,263,263,'2018-07-13 17:19:36','2018-07-23 14:23:41',0,NULL,NULL),
 (531,66,254728255425,'',0,263,263,'2018-07-13 17:19:36','2018-07-23 14:23:41',0,NULL,NULL),
 (532,66,254728388252,'',0,263,263,'2018-07-13 17:19:36','2018-07-23 14:23:41',0,NULL,NULL),
 (533,66,254728702388,'',0,263,263,'2018-07-13 17:19:36','2018-07-23 14:23:41',0,NULL,NULL),
 (534,66,254733222062,'',0,263,263,'2018-07-13 17:19:36','2018-07-23 14:23:41',0,NULL,NULL),
 (535,66,254733609989,'',0,263,263,'2018-07-13 17:19:36','2018-07-23 14:23:41',0,NULL,NULL),
 (536,66,254736089320,'',0,263,263,'2018-07-13 17:19:36','2018-07-23 14:23:41',0,NULL,NULL),
 (537,66,254736284400,'',0,263,263,'2018-07-13 17:19:36','2018-07-23 14:23:41',0,NULL,NULL),
 (538,66,254736803903,'',0,263,263,'2018-07-13 17:19:36','2018-07-23 14:23:41',0,NULL,NULL),
 (539,66,254737072570,'',0,263,263,'2018-07-13 17:19:36','2018-07-23 14:23:41',0,NULL,NULL),
 (540,66,254740921178,'',0,263,263,'2018-07-13 17:19:36','2018-07-23 14:23:41',0,NULL,NULL),
 (541,66,254748103077,'',0,263,263,'2018-07-13 17:19:36','2018-07-23 14:23:41',0,NULL,NULL),
 (542,66,254771632698,'',0,263,263,'2018-07-13 17:19:36','2018-07-23 14:23:41',0,NULL,NULL),
 (543,66,254771632699,'',0,263,263,'2018-07-13 17:19:36','2018-07-23 14:23:41',0,NULL,NULL),
 (544,66,254775742747,'',0,263,263,'2018-07-13 17:19:36','2018-07-23 14:23:41',0,NULL,NULL),
 (545,66,254777393056,'',0,263,263,'2018-07-13 17:19:36','2018-07-23 14:23:41',0,NULL,NULL),
 (546,66,254786268836,'',0,263,263,'2018-07-13 17:19:36','2018-07-23 14:23:41',0,NULL,NULL),
 (547,66,254788551401,'',0,263,263,'2018-07-13 17:19:36','2018-07-23 14:23:41',0,NULL,NULL),
 (548,67,254705863038,'',0,263,263,'2018-07-16 17:09:10','2018-07-23 14:23:41',0,NULL,NULL),
 (549,67,254706616010,'',0,263,263,'2018-07-16 17:09:10','2018-07-23 14:23:41',0,NULL,NULL),
 (550,67,254707125005,'',0,263,263,'2018-07-16 17:09:10','2018-07-23 14:23:41',0,NULL,NULL),
 (551,67,254707963888,'',0,263,263,'2018-07-16 17:09:10','2018-07-23 14:23:41',0,NULL,NULL),
 (552,67,254708547725,'',0,263,263,'2018-07-16 17:09:10','2018-07-23 14:23:41',0,NULL,NULL),
 (553,67,254709259208,'',0,263,263,'2018-07-16 17:09:10','2018-07-23 14:23:41',0,NULL,NULL),
 (554,67,254709922000,'',0,263,263,'2018-07-16 17:09:10','2018-07-23 14:23:41',0,NULL,NULL),
 (555,67,254710798776,'',0,263,263,'2018-07-16 17:09:10','2018-07-23 14:23:41',0,NULL,NULL),
 (556,67,254711900000,'',0,263,263,'2018-07-16 17:09:10','2018-07-23 14:23:41',0,NULL,NULL),
 (557,67,254712370192,'',0,263,263,'2018-07-16 17:09:10','2018-07-23 14:23:41',0,NULL,NULL),
 (558,67,254713236366,'',0,263,263,'2018-07-16 17:09:10','2018-07-23 14:23:41',0,NULL,NULL),
 (559,67,254715881338,'',0,263,263,'2018-07-16 17:09:10','2018-07-23 14:23:41',0,NULL,NULL),
 (560,67,254717694308,'',0,263,263,'2018-07-16 17:09:10','2018-07-23 14:23:41',0,NULL,NULL),
 (561,67,254720177959,'',0,263,263,'2018-07-16 17:09:10','2018-07-23 14:23:41',0,NULL,NULL),
 (562,67,254720250360,'',0,263,263,'2018-07-16 17:09:10','2018-07-23 14:23:41',0,NULL,NULL),
 (563,67,254720564349,'',0,263,263,'2018-07-16 17:09:10','2018-07-23 14:23:41',0,NULL,NULL),
 (564,67,254720589906,'',0,263,263,'2018-07-16 17:09:10','2018-07-23 14:23:41',0,NULL,NULL),
 (565,67,254720632987,'',0,263,263,'2018-07-16 17:09:10','2018-07-23 14:23:41',0,NULL,NULL),
 (566,67,254720806820,'',0,263,263,'2018-07-16 17:09:10','2018-07-23 14:23:41',0,NULL,NULL),
 (567,67,254721273469,'',0,263,263,'2018-07-16 17:09:10','2018-07-23 14:23:41',0,NULL,NULL),
 (568,67,254721397489,'',0,263,263,'2018-07-16 17:09:10','2018-07-23 14:23:41',0,NULL,NULL),
 (569,67,254721414931,'',0,263,263,'2018-07-16 17:09:10','2018-07-23 14:23:41',0,NULL,NULL),
 (570,67,254721467322,'',0,263,263,'2018-07-16 17:09:10','2018-07-23 14:23:41',0,NULL,NULL),
 (571,67,254721630474,'',0,263,263,'2018-07-16 17:09:10','2018-07-23 14:23:41',0,NULL,NULL),
 (572,67,254721892327,'',0,263,263,'2018-07-16 17:09:10','2018-07-23 14:23:41',0,NULL,NULL),
 (573,67,254722257534,'',0,263,263,'2018-07-16 17:09:10','2018-07-23 14:23:41',0,NULL,NULL),
 (574,67,254722267229,'',0,263,263,'2018-07-16 17:09:10','2018-07-23 14:23:41',0,NULL,NULL),
 (575,67,254722271038,'',0,263,263,'2018-07-16 17:09:10','2018-07-23 14:23:41',0,NULL,NULL),
 (576,67,254722340263,'',0,263,263,'2018-07-16 17:09:10','2018-07-23 14:23:41',0,NULL,NULL),
 (577,67,254722347247,'',0,263,263,'2018-07-16 17:09:10','2018-07-23 14:23:41',0,NULL,NULL),
 (578,67,254722378957,'',0,263,263,'2018-07-16 17:09:10','2018-07-23 14:23:41',0,NULL,NULL),
 (579,67,254722392096,'',0,263,263,'2018-07-16 17:09:10','2018-07-23 14:23:41',0,NULL,NULL),
 (580,67,254722413012,'',0,263,263,'2018-07-16 17:09:10','2018-07-23 14:23:41',0,NULL,NULL),
 (581,67,254722450694,'',0,263,263,'2018-07-16 17:09:10','2018-07-23 14:23:41',0,NULL,NULL),
 (582,67,254722477277,'',0,263,263,'2018-07-16 17:09:10','2018-07-23 14:23:41',0,NULL,NULL),
 (583,67,254722516596,'',0,263,263,'2018-07-16 17:09:10','2018-07-23 14:23:41',0,NULL,NULL),
 (584,67,254722576568,'',0,263,263,'2018-07-16 17:09:10','2018-07-23 14:23:41',0,NULL,NULL),
 (585,67,254722637103,'',0,263,263,'2018-07-16 17:09:10','2018-07-23 14:23:41',0,NULL,NULL),
 (586,67,254722652852,'',0,263,263,'2018-07-16 17:09:10','2018-07-23 14:23:41',0,NULL,NULL),
 (587,67,254722657735,'',0,263,263,'2018-07-16 17:09:10','2018-07-23 14:23:41',0,NULL,NULL),
 (588,67,254722676460,'',0,263,263,'2018-07-16 17:09:10','2018-07-23 14:23:41',0,NULL,NULL),
 (589,67,254722724524,'',0,263,263,'2018-07-16 17:09:10','2018-07-23 14:23:41',0,NULL,NULL),
 (590,67,254722729630,'',0,263,263,'2018-07-16 17:09:10','2018-07-23 14:23:41',0,NULL,NULL),
 (591,67,254722753818,'',0,263,263,'2018-07-16 17:09:10','2018-07-23 14:23:41',0,NULL,NULL),
 (592,67,254722765585,'',0,263,263,'2018-07-16 17:09:10','2018-07-23 14:23:41',0,NULL,NULL),
 (593,67,254722839289,'',0,263,263,'2018-07-16 17:09:10','2018-07-23 14:23:41',0,NULL,NULL),
 (594,67,254723016205,'',0,263,263,'2018-07-16 17:09:10','2018-07-23 14:23:41',0,NULL,NULL),
 (595,67,254723486484,'',0,263,263,'2018-07-16 17:09:10','2018-07-23 14:23:41',0,NULL,NULL),
 (596,67,254723741235,'',0,263,263,'2018-07-16 17:09:10','2018-07-23 14:23:41',0,NULL,NULL),
 (597,67,254723795313,'',0,263,263,'2018-07-16 17:09:10','2018-07-23 14:23:41',0,NULL,NULL),
 (598,67,254723842086,'',0,263,263,'2018-07-16 17:09:10','2018-07-23 14:23:41',0,NULL,NULL),
 (599,67,254724130240,'',0,263,263,'2018-07-16 17:09:10','2018-07-23 14:23:41',0,NULL,NULL),
 (600,67,254724149362,'',0,263,263,'2018-07-16 17:09:10','2018-07-23 14:23:41',0,NULL,NULL),
 (601,67,254724365604,'',0,263,263,'2018-07-16 17:09:10','2018-07-23 14:23:41',0,NULL,NULL),
 (602,67,254724517729,'',0,263,263,'2018-07-16 17:09:10','2018-07-23 14:23:41',0,NULL,NULL),
 (603,67,254724618311,'',0,263,263,'2018-07-16 17:09:10','2018-07-23 14:23:41',0,NULL,NULL),
 (604,67,254724734591,'',0,263,263,'2018-07-16 17:09:10','2018-07-23 14:23:41',0,NULL,NULL),
 (605,67,254724948830,'',0,263,263,'2018-07-16 17:09:10','2018-07-23 14:23:41',0,NULL,NULL),
 (606,67,254725169224,'',0,263,263,'2018-07-16 17:09:10','2018-07-23 14:23:41',0,NULL,NULL),
 (607,67,254725357372,'',0,263,263,'2018-07-16 17:09:10','2018-07-23 14:23:41',0,NULL,NULL),
 (608,67,254725657597,'',0,263,263,'2018-07-16 17:09:10','2018-07-23 14:23:41',0,NULL,NULL),
 (609,67,254725682034,'',0,263,263,'2018-07-16 17:09:10','2018-07-23 14:23:41',0,NULL,NULL),
 (610,67,254726354035,'',0,263,263,'2018-07-16 17:09:10','2018-07-23 14:23:41',0,NULL,NULL),
 (611,67,254726657150,'',0,263,263,'2018-07-16 17:09:10','2018-07-23 14:23:41',0,NULL,NULL),
 (612,67,254726749133,'',0,263,263,'2018-07-16 17:09:10','2018-07-23 14:23:41',0,NULL,NULL),
 (613,67,254727409018,'',0,263,263,'2018-07-16 17:09:10','2018-07-23 14:23:41',0,NULL,NULL),
 (614,67,254727665055,'',0,263,263,'2018-07-16 17:09:10','2018-07-23 14:23:41',0,NULL,NULL),
 (615,67,254727778156,'',0,263,263,'2018-07-16 17:09:10','2018-07-23 14:23:41',0,NULL,NULL),
 (616,67,254727929212,'',0,263,263,'2018-07-16 17:09:10','2018-07-23 14:23:41',0,NULL,NULL),
 (617,67,254728520224,'',0,263,263,'2018-07-16 17:09:10','2018-07-23 14:23:41',0,NULL,NULL),
 (618,67,254728742098,'',0,263,263,'2018-07-16 17:09:10','2018-07-23 14:23:41',0,NULL,NULL),
 (619,67,254728761106,'',0,263,263,'2018-07-16 17:09:10','2018-07-23 14:23:41',0,NULL,NULL),
 (620,67,254729535281,'',0,263,263,'2018-07-16 17:09:10','2018-07-23 14:23:41',0,NULL,NULL),
 (621,67,254729666645,'',0,263,263,'2018-07-16 17:09:10','2018-07-23 14:23:41',0,NULL,NULL),
 (622,67,254732745529,'',0,263,263,'2018-07-16 17:09:10','2018-07-23 14:23:41',0,NULL,NULL),
 (623,67,254733600866,'',0,263,263,'2018-07-16 17:09:10','2018-07-23 14:23:41',0,NULL,NULL),
 (624,67,254733808844,'',0,263,263,'2018-07-16 17:09:10','2018-07-23 14:23:41',0,NULL,NULL),
 (625,67,254733827467,'',0,263,263,'2018-07-16 17:09:10','2018-07-23 14:23:41',0,NULL,NULL),
 (626,67,254733856887,'',0,263,263,'2018-07-16 17:09:10','2018-07-23 14:23:41',0,NULL,NULL),
 (627,67,254733897459,'',0,263,263,'2018-07-16 17:09:10','2018-07-23 14:23:41',0,NULL,NULL),
 (628,67,254734124806,'',0,263,263,'2018-07-16 17:09:10','2018-07-23 14:23:41',0,NULL,NULL),
 (629,67,254734572334,'',0,263,263,'2018-07-16 17:09:10','2018-07-23 14:23:41',0,NULL,NULL),
 (630,67,254736803903,'',0,263,263,'2018-07-16 17:09:10','2018-07-23 14:23:41',0,NULL,NULL),
 (631,67,254737764494,'',0,263,263,'2018-07-16 17:09:10','2018-07-23 14:23:41',0,NULL,NULL),
 (632,67,254738444122,'',0,263,263,'2018-07-16 17:09:10','2018-07-23 14:23:41',0,NULL,NULL),
 (633,67,254747585000,'',0,263,263,'2018-07-16 17:09:10','2018-07-23 14:23:41',0,NULL,NULL),
 (634,67,254748103077,'',0,263,263,'2018-07-16 17:09:10','2018-07-23 14:23:41',0,NULL,NULL),
 (635,67,254750116063,'',0,263,263,'2018-07-16 17:09:10','2018-07-23 14:23:41',0,NULL,NULL),
 (636,67,254771632698,'',0,263,263,'2018-07-16 17:09:10','2018-07-23 14:23:41',0,NULL,NULL),
 (637,67,254778344621,'',0,263,263,'2018-07-16 17:09:10','2018-07-23 14:23:41',0,NULL,NULL),
 (638,67,254780244108,'',0,263,263,'2018-07-16 17:09:10','2018-07-23 14:23:41',0,NULL,NULL),
 (639,67,254780909900,'',0,263,263,'2018-07-16 17:09:10','2018-07-23 14:23:41',0,NULL,NULL),
 (640,67,254786268836,'',0,263,263,'2018-07-16 17:09:10','2018-07-23 14:23:41',0,NULL,NULL),
 (641,67,254790307743,'',0,263,263,'2018-07-16 17:09:10','2018-07-23 14:23:41',0,NULL,NULL),
 (642,67,254790790659,'',0,263,263,'2018-07-16 17:09:11','2018-07-23 14:23:41',0,NULL,NULL),
 (643,67,254796439134,'',0,263,263,'2018-07-16 17:09:11','2018-07-23 14:23:41',0,NULL,NULL),
 (644,67,254798567916,'',0,263,263,'2018-07-16 17:09:11','2018-07-23 14:23:41',0,NULL,NULL),
 (645,68,254702836618,'',0,263,263,'2018-07-17 17:07:11','2018-07-23 14:23:41',0,NULL,NULL),
 (646,68,254703199290,'',0,263,263,'2018-07-17 17:07:11','2018-07-23 14:23:41',0,NULL,NULL),
 (647,68,254710430298,'',0,263,263,'2018-07-17 17:07:11','2018-07-23 14:23:41',0,NULL,NULL),
 (648,68,254710472821,'',0,263,263,'2018-07-17 17:07:11','2018-07-23 14:23:41',0,NULL,NULL),
 (649,68,254710838183,'',0,263,263,'2018-07-17 17:07:11','2018-07-23 14:23:41',0,NULL,NULL),
 (650,68,254711055582,'',0,263,263,'2018-07-17 17:07:11','2018-07-23 14:23:41',0,NULL,NULL),
 (651,68,254711693601,'',0,263,263,'2018-07-17 17:07:11','2018-07-23 14:23:41',0,NULL,NULL),
 (652,68,254713465787,'',0,263,263,'2018-07-17 17:07:11','2018-07-23 14:23:41',0,NULL,NULL),
 (653,68,254713806777,'',0,263,263,'2018-07-17 17:07:11','2018-07-23 14:23:41',0,NULL,NULL),
 (654,68,254714813372,'',0,263,263,'2018-07-17 17:07:11','2018-07-23 14:23:41',0,NULL,NULL),
 (655,68,254715555550,'',0,263,263,'2018-07-17 17:07:11','2018-07-23 14:23:41',0,NULL,NULL),
 (656,68,254717318000,'',0,263,263,'2018-07-17 17:07:11','2018-07-23 14:23:41',0,NULL,NULL),
 (657,68,254717541074,'',0,263,263,'2018-07-17 17:07:11','2018-07-23 14:23:41',0,NULL,NULL),
 (658,68,254717561950,'',0,263,263,'2018-07-17 17:07:11','2018-07-23 14:23:41',0,NULL,NULL),
 (659,68,254717595501,'',0,263,263,'2018-07-17 17:07:11','2018-07-23 14:23:41',0,NULL,NULL),
 (660,68,254718668308,'',0,263,263,'2018-07-17 17:07:11','2018-07-23 14:23:41',0,NULL,NULL),
 (661,68,254720171205,'',0,263,263,'2018-07-17 17:07:11','2018-07-23 14:23:41',0,NULL,NULL),
 (662,68,254720534849,'',0,263,263,'2018-07-17 17:07:11','2018-07-23 14:23:41',0,NULL,NULL),
 (663,68,254720537206,'',0,263,263,'2018-07-17 17:07:11','2018-07-23 14:23:41',0,NULL,NULL),
 (664,68,254720564349,'',0,263,263,'2018-07-17 17:07:11','2018-07-23 14:23:41',0,NULL,NULL),
 (665,68,254720587156,'',0,263,263,'2018-07-17 17:07:11','2018-07-23 14:23:41',0,NULL,NULL),
 (666,68,254720647864,'',0,263,263,'2018-07-17 17:07:11','2018-07-23 14:23:41',0,NULL,NULL),
 (667,68,254720751969,'',0,263,263,'2018-07-17 17:07:11','2018-07-23 14:23:41',0,NULL,NULL),
 (668,68,254720861868,'',0,263,263,'2018-07-17 17:07:11','2018-07-23 14:23:41',0,NULL,NULL),
 (669,68,254721202522,'',0,263,263,'2018-07-17 17:07:11','2018-07-23 14:23:41',0,NULL,NULL),
 (670,68,254721209984,'',0,263,263,'2018-07-17 17:07:11','2018-07-23 14:23:41',0,NULL,NULL),
 (671,68,254721278217,'',0,263,263,'2018-07-17 17:07:11','2018-07-23 14:23:41',0,NULL,NULL),
 (672,68,254721304705,'',0,263,263,'2018-07-17 17:07:11','2018-07-23 14:23:41',0,NULL,NULL),
 (673,68,254721372388,'',0,263,263,'2018-07-17 17:07:11','2018-07-23 14:23:41',0,NULL,NULL),
 (674,68,254721397489,'',0,263,263,'2018-07-17 17:07:11','2018-07-23 14:23:41',0,NULL,NULL),
 (675,68,254721443451,'',0,263,263,'2018-07-17 17:07:11','2018-07-23 14:23:41',0,NULL,NULL),
 (676,68,254721482298,'',0,263,263,'2018-07-17 17:07:11','2018-07-23 14:23:41',0,NULL,NULL),
 (677,68,254721570937,'',0,263,263,'2018-07-17 17:07:11','2018-07-23 14:23:41',0,NULL,NULL),
 (678,68,254721668850,'',0,263,263,'2018-07-17 17:07:11','2018-07-23 14:23:41',0,NULL,NULL),
 (679,68,254721692354,'',0,263,263,'2018-07-17 17:07:11','2018-07-23 14:23:41',0,NULL,NULL),
 (680,68,254721927560,'',0,263,263,'2018-07-17 17:07:11','2018-07-23 14:23:41',0,NULL,NULL),
 (681,68,254721943802,'',0,263,263,'2018-07-17 17:07:11','2018-07-23 14:23:41',0,NULL,NULL),
 (682,68,254721964391,'',0,263,263,'2018-07-17 17:07:11','2018-07-23 14:23:41',0,NULL,NULL),
 (683,68,254722206884,'',0,263,263,'2018-07-17 17:07:11','2018-07-23 14:23:41',0,NULL,NULL),
 (684,68,254722209908,'',0,263,263,'2018-07-17 17:07:11','2018-07-23 14:23:41',0,NULL,NULL),
 (685,68,254722267229,'',0,263,263,'2018-07-17 17:07:11','2018-07-23 14:23:41',0,NULL,NULL),
 (686,68,254722271005,'',0,263,263,'2018-07-17 17:07:11','2018-07-23 14:23:41',0,NULL,NULL),
 (687,68,254722278548,'',0,263,263,'2018-07-17 17:07:11','2018-07-23 14:23:41',0,NULL,NULL),
 (688,68,254722347541,'',0,263,263,'2018-07-17 17:07:11','2018-07-23 14:23:41',0,NULL,NULL),
 (689,68,254722374657,'',0,263,263,'2018-07-17 17:07:11','2018-07-23 14:23:41',0,NULL,NULL);
INSERT INTO `surveyfailedinviteparticipants` (`participantID`,`surveyID`,`MSISDN`,`emailAddress`,`status`,`createdBy`,`updatedBy`,`dateCreated`,`dateModified`,`resends`,`lastReminderDate`,`nextReminderDate`) VALUES 
 (690,68,254722400291,'',0,263,263,'2018-07-17 17:07:11','2018-07-23 14:23:41',0,NULL,NULL),
 (691,68,254722413095,'',0,263,263,'2018-07-17 17:07:11','2018-07-23 14:23:41',0,NULL,NULL),
 (692,68,254722511299,'',0,263,263,'2018-07-17 17:07:11','2018-07-23 14:23:41',0,NULL,NULL),
 (693,68,254722512692,'',0,263,263,'2018-07-17 17:07:11','2018-07-23 14:23:41',0,NULL,NULL),
 (694,68,254722523760,'',0,263,263,'2018-07-17 17:07:11','2018-07-23 14:23:41',0,NULL,NULL),
 (695,68,254722550908,'',0,263,263,'2018-07-17 17:07:11','2018-07-23 14:23:41',0,NULL,NULL),
 (696,68,254722573354,'',0,263,263,'2018-07-17 17:07:11','2018-07-23 14:23:41',0,NULL,NULL),
 (697,68,254722606414,'',0,263,263,'2018-07-17 17:07:11','2018-07-23 14:23:41',0,NULL,NULL),
 (698,68,254722607366,'',0,263,263,'2018-07-17 17:07:11','2018-07-23 14:23:41',0,NULL,NULL),
 (699,68,254722720479,'',0,263,263,'2018-07-17 17:07:11','2018-07-23 14:23:41',0,NULL,NULL),
 (700,68,254722724983,'',0,263,263,'2018-07-17 17:07:11','2018-07-23 14:23:41',0,NULL,NULL),
 (701,68,254722729630,'',0,263,263,'2018-07-17 17:07:11','2018-07-23 14:23:41',0,NULL,NULL),
 (702,68,254722731827,'',0,263,263,'2018-07-17 17:07:11','2018-07-23 14:23:41',0,NULL,NULL),
 (703,68,254722827549,'',0,263,263,'2018-07-17 17:07:11','2018-07-23 14:23:41',0,NULL,NULL),
 (704,68,254722867356,'',0,263,263,'2018-07-17 17:07:11','2018-07-23 14:23:41',0,NULL,NULL),
 (705,68,254722969402,'',0,263,263,'2018-07-17 17:07:11','2018-07-23 14:23:41',0,NULL,NULL),
 (706,68,254723018315,'',0,263,263,'2018-07-17 17:07:11','2018-07-23 14:23:41',0,NULL,NULL),
 (707,68,254723065506,'',0,263,263,'2018-07-17 17:07:11','2018-07-23 14:23:41',0,NULL,NULL),
 (708,68,254723535006,'',0,263,263,'2018-07-17 17:07:11','2018-07-23 14:23:41',0,NULL,NULL),
 (709,68,254723667699,'',0,263,263,'2018-07-17 17:07:11','2018-07-23 14:23:41',0,NULL,NULL),
 (710,68,254724155783,'',0,263,263,'2018-07-17 17:07:11','2018-07-23 14:23:41',0,NULL,NULL),
 (711,68,254724309855,'',0,263,263,'2018-07-17 17:07:11','2018-07-23 14:23:41',0,NULL,NULL),
 (712,68,254724336074,'',0,263,263,'2018-07-17 17:07:11','2018-07-23 14:23:41',0,NULL,NULL),
 (713,68,254724488331,'',0,263,263,'2018-07-17 17:07:11','2018-07-23 14:23:41',0,NULL,NULL),
 (714,68,254724618311,'',0,263,263,'2018-07-17 17:07:11','2018-07-23 14:23:41',0,NULL,NULL),
 (715,68,254724811509,'',0,263,263,'2018-07-17 17:07:11','2018-07-23 14:23:41',0,NULL,NULL),
 (716,68,254725049941,'',0,263,263,'2018-07-17 17:07:11','2018-07-23 14:23:41',0,NULL,NULL),
 (717,68,254725169224,'',0,263,263,'2018-07-17 17:07:11','2018-07-23 14:23:41',0,NULL,NULL),
 (718,68,254725287325,'',0,263,263,'2018-07-17 17:07:11','2018-07-23 14:23:41',0,NULL,NULL),
 (719,68,254725582005,'',0,263,263,'2018-07-17 17:07:11','2018-07-23 14:23:41',0,NULL,NULL),
 (720,68,254725647095,'',0,263,263,'2018-07-17 17:07:11','2018-07-23 14:23:41',0,NULL,NULL),
 (721,68,254725649202,'',0,263,263,'2018-07-17 17:07:11','2018-07-23 14:23:41',0,NULL,NULL),
 (722,68,254725826206,'',0,263,263,'2018-07-17 17:07:11','2018-07-23 14:23:41',0,NULL,NULL),
 (723,68,254726126391,'',0,263,263,'2018-07-17 17:07:11','2018-07-23 14:23:41',0,NULL,NULL),
 (724,68,254726654224,'',0,263,263,'2018-07-17 17:07:11','2018-07-23 14:23:41',0,NULL,NULL),
 (725,68,254726663500,'',0,263,263,'2018-07-17 17:07:11','2018-07-23 14:23:41',0,NULL,NULL),
 (726,68,254726875574,'',0,263,263,'2018-07-17 17:07:11','2018-07-23 14:23:41',0,NULL,NULL),
 (727,68,254726938569,'',0,263,263,'2018-07-17 17:07:11','2018-07-23 14:23:41',0,NULL,NULL),
 (728,68,254727123584,'',0,263,263,'2018-07-17 17:07:11','2018-07-23 14:23:41',0,NULL,NULL),
 (729,68,254728177169,'',0,263,263,'2018-07-17 17:07:11','2018-07-23 14:23:41',0,NULL,NULL),
 (730,68,254728394553,'',0,263,263,'2018-07-17 17:07:11','2018-07-23 14:23:41',0,NULL,NULL),
 (731,68,254728455311,'',0,263,263,'2018-07-17 17:07:11','2018-07-23 14:23:41',0,NULL,NULL),
 (732,68,254729082012,'',0,263,263,'2018-07-17 17:07:11','2018-07-23 14:23:41',0,NULL,NULL),
 (733,68,254729842381,'',0,263,263,'2018-07-17 17:07:11','2018-07-23 14:23:41',0,NULL,NULL),
 (734,68,254729881633,'',0,263,263,'2018-07-17 17:07:11','2018-07-23 14:23:41',0,NULL,NULL),
 (735,68,254729961596,'',0,263,263,'2018-07-17 17:07:11','2018-07-23 14:23:41',0,NULL,NULL),
 (736,68,254730696000,'',0,263,263,'2018-07-17 17:07:11','2018-07-23 14:23:41',0,NULL,NULL),
 (737,68,254730700000,'',0,263,263,'2018-07-17 17:07:11','2018-07-23 14:23:41',0,NULL,NULL),
 (738,68,254732888001,'',0,263,263,'2018-07-17 17:07:11','2018-07-23 14:23:41',0,NULL,NULL),
 (739,68,254733235772,'',0,263,263,'2018-07-17 17:07:11','2018-07-23 14:23:41',0,NULL,NULL),
 (740,68,254733511885,'',0,263,263,'2018-07-17 17:07:11','2018-07-23 14:23:41',0,NULL,NULL),
 (741,68,254733549423,'',0,263,263,'2018-07-17 17:07:11','2018-07-23 14:23:41',0,NULL,NULL),
 (742,68,254733590571,'',0,263,263,'2018-07-17 17:07:11','2018-07-23 14:23:41',0,NULL,NULL),
 (743,68,254733609989,'',0,263,263,'2018-07-17 17:07:11','2018-07-23 14:23:41',0,NULL,NULL),
 (744,68,254733808844,'',0,263,263,'2018-07-17 17:07:11','2018-07-23 14:23:41',0,NULL,NULL),
 (745,68,254733827233,'',0,263,263,'2018-07-17 17:07:11','2018-07-23 14:23:41',0,NULL,NULL),
 (746,68,254733856887,'',0,263,263,'2018-07-17 17:07:11','2018-07-23 14:23:41',0,NULL,NULL),
 (747,68,254734188617,'',0,263,263,'2018-07-17 17:07:11','2018-07-23 14:23:41',0,NULL,NULL),
 (748,68,254736234370,'',0,263,263,'2018-07-17 17:07:11','2018-07-23 14:23:41',0,NULL,NULL),
 (749,68,254737072570,'',0,263,263,'2018-07-17 17:07:11','2018-07-23 14:23:41',0,NULL,NULL),
 (750,68,254737179420,'',0,263,263,'2018-07-17 17:07:11','2018-07-23 14:23:41',0,NULL,NULL),
 (751,68,254738405926,'',0,263,263,'2018-07-17 17:07:11','2018-07-23 14:23:41',0,NULL,NULL),
 (752,68,254741969030,'',0,263,263,'2018-07-17 17:07:11','2018-07-23 14:23:41',0,NULL,NULL),
 (753,68,254750116063,'',0,263,263,'2018-07-17 17:07:11','2018-07-23 14:23:41',0,NULL,NULL),
 (754,68,254752325789,'',0,263,263,'2018-07-17 17:07:11','2018-07-23 14:23:41',0,NULL,NULL),
 (755,68,254771106296,'',0,263,263,'2018-07-17 17:07:11','2018-07-23 14:23:41',0,NULL,NULL),
 (756,68,254773044611,'',0,263,263,'2018-07-17 17:07:11','2018-07-23 14:23:41',0,NULL,NULL),
 (757,68,254786268836,'',0,263,263,'2018-07-17 17:07:11','2018-07-23 14:23:41',0,NULL,NULL),
 (758,68,254786762808,'',0,263,263,'2018-07-17 17:07:11','2018-07-23 14:23:41',0,NULL,NULL),
 (759,68,254791399970,'',0,263,263,'2018-07-17 17:07:11','2018-07-23 14:23:41',0,NULL,NULL),
 (760,70,254700929712,'',0,263,263,'2018-07-19 17:00:58','2018-07-23 14:23:41',0,NULL,NULL),
 (761,70,254700937292,'',0,263,263,'2018-07-19 17:00:58','2018-07-23 14:23:41',0,NULL,NULL),
 (762,70,254702090799,'',0,263,263,'2018-07-19 17:00:58','2018-07-23 14:23:41',0,NULL,NULL),
 (763,70,254703669440,'',0,263,263,'2018-07-19 17:00:58','2018-07-23 14:23:41',0,NULL,NULL),
 (764,70,254705020716,'',0,263,263,'2018-07-19 17:00:58','2018-07-23 14:23:41',0,NULL,NULL),
 (765,70,254707900000,'',0,263,263,'2018-07-19 17:00:58','2018-07-23 14:23:41',0,NULL,NULL),
 (766,70,254707963888,'',0,263,263,'2018-07-19 17:00:58','2018-07-23 14:23:41',0,NULL,NULL),
 (767,70,254708547725,'',0,263,263,'2018-07-19 17:00:58','2018-07-23 14:23:41',0,NULL,NULL),
 (768,70,254710159055,'',0,263,263,'2018-07-19 17:00:58','2018-07-23 14:23:41',0,NULL,NULL),
 (769,70,254710729812,'',0,263,263,'2018-07-19 17:00:58','2018-07-23 14:23:41',0,NULL,NULL),
 (770,70,254711115405,'',0,263,263,'2018-07-19 17:00:58','2018-07-23 14:23:41',0,NULL,NULL),
 (771,70,254711205089,'',0,263,263,'2018-07-19 17:00:58','2018-07-23 14:23:41',0,NULL,NULL),
 (772,70,254712139370,'',0,263,263,'2018-07-19 17:00:58','2018-07-23 14:23:41',0,NULL,NULL),
 (773,70,254713346694,'',0,263,263,'2018-07-19 17:00:58','2018-07-23 14:23:41',0,NULL,NULL),
 (774,70,254717541074,'',0,263,263,'2018-07-19 17:00:58','2018-07-23 14:23:41',0,NULL,NULL),
 (775,70,254719027634,'',0,263,263,'2018-07-19 17:00:58','2018-07-23 14:23:41',0,NULL,NULL),
 (776,70,254720312230,'',0,263,263,'2018-07-19 17:00:58','2018-07-23 14:23:41',0,NULL,NULL),
 (777,70,254720379658,'',0,263,263,'2018-07-19 17:00:58','2018-07-23 14:23:41',0,NULL,NULL),
 (778,70,254720504279,'',0,263,263,'2018-07-19 17:00:58','2018-07-23 14:23:41',0,NULL,NULL),
 (779,70,254720854737,'',0,263,263,'2018-07-19 17:00:58','2018-07-23 14:23:41',0,NULL,NULL),
 (780,70,254720970373,'',0,263,263,'2018-07-19 17:00:58','2018-07-23 14:23:41',0,NULL,NULL),
 (781,70,254721176754,'',0,263,263,'2018-07-19 17:00:58','2018-07-23 14:23:41',0,NULL,NULL),
 (782,70,254721232597,'',0,263,263,'2018-07-19 17:00:58','2018-07-23 14:23:41',0,NULL,NULL),
 (783,70,254721397489,'',0,263,263,'2018-07-19 17:00:58','2018-07-23 14:23:41',0,NULL,NULL),
 (784,70,254721504475,'',0,263,263,'2018-07-19 17:00:58','2018-07-23 14:23:41',0,NULL,NULL),
 (785,70,254721546875,'',0,263,263,'2018-07-19 17:00:58','2018-07-23 14:23:41',0,NULL,NULL),
 (786,70,254721587617,'',0,263,263,'2018-07-19 17:00:58','2018-07-23 14:23:41',0,NULL,NULL),
 (787,70,254721680836,'',0,263,263,'2018-07-19 17:00:58','2018-07-23 14:23:41',0,NULL,NULL),
 (788,70,254721768511,'',0,263,263,'2018-07-19 17:00:58','2018-07-23 14:23:41',0,NULL,NULL),
 (789,70,254721849254,'',0,263,263,'2018-07-19 17:00:58','2018-07-23 14:23:41',0,NULL,NULL),
 (790,70,254721909235,'',0,263,263,'2018-07-19 17:00:58','2018-07-23 14:23:41',0,NULL,NULL),
 (791,70,254722000000,'',0,263,263,'2018-07-19 17:00:58','2018-07-23 14:23:41',0,NULL,NULL),
 (792,70,254722307324,'',0,263,263,'2018-07-19 17:00:58','2018-07-23 14:23:41',0,NULL,NULL),
 (793,70,254722341137,'',0,263,263,'2018-07-19 17:00:58','2018-07-23 14:23:41',0,NULL,NULL),
 (794,70,254722374181,'',0,263,263,'2018-07-19 17:00:58','2018-07-23 14:23:41',0,NULL,NULL),
 (795,70,254722395860,'',0,263,263,'2018-07-19 17:00:58','2018-07-23 14:23:41',0,NULL,NULL),
 (796,70,254722523760,'',0,263,263,'2018-07-19 17:00:58','2018-07-23 14:23:41',0,NULL,NULL),
 (797,70,254722528342,'',0,263,263,'2018-07-19 17:00:58','2018-07-23 14:23:41',0,NULL,NULL),
 (798,70,254722637248,'',0,263,263,'2018-07-19 17:00:58','2018-07-23 14:23:41',0,NULL,NULL),
 (799,70,254722752186,'',0,263,263,'2018-07-19 17:00:58','2018-07-23 14:23:41',0,NULL,NULL),
 (800,70,254722798979,'',0,263,263,'2018-07-19 17:00:58','2018-07-23 14:23:41',0,NULL,NULL),
 (801,70,254723016205,'',0,263,263,'2018-07-19 17:00:58','2018-07-23 14:23:41',0,NULL,NULL),
 (802,70,254723854324,'',0,263,263,'2018-07-19 17:00:58','2018-07-23 14:23:41',0,NULL,NULL),
 (803,70,254723965289,'',0,263,263,'2018-07-19 17:00:58','2018-07-23 14:23:41',0,NULL,NULL),
 (804,70,254724225138,'',0,263,263,'2018-07-19 17:00:58','2018-07-23 14:23:41',0,NULL,NULL),
 (805,70,254724421594,'',0,263,263,'2018-07-19 17:00:58','2018-07-23 14:23:41',0,NULL,NULL),
 (806,70,254725127050,'',0,263,263,'2018-07-19 17:00:58','2018-07-23 14:23:41',0,NULL,NULL),
 (807,70,254725678829,'',0,263,263,'2018-07-19 17:00:58','2018-07-23 14:23:41',0,NULL,NULL),
 (808,70,254726721440,'',0,263,263,'2018-07-19 17:00:58','2018-07-23 14:23:41',0,NULL,NULL),
 (809,70,254727552650,'',0,263,263,'2018-07-19 17:00:58','2018-07-23 14:23:41',0,NULL,NULL),
 (810,70,254728028675,'',0,263,263,'2018-07-19 17:00:58','2018-07-23 14:23:41',0,NULL,NULL),
 (811,70,254728388252,'',0,263,263,'2018-07-19 17:00:58','2018-07-23 14:23:41',0,NULL,NULL),
 (812,70,254728742098,'',0,263,263,'2018-07-19 17:00:58','2018-07-23 14:23:41',0,NULL,NULL),
 (813,70,254728942550,'',0,263,263,'2018-07-19 17:00:58','2018-07-23 14:23:41',0,NULL,NULL),
 (814,70,254728976512,'',0,263,263,'2018-07-19 17:00:58','2018-07-23 14:23:41',0,NULL,NULL),
 (815,70,254730696000,'',0,263,263,'2018-07-19 17:00:58','2018-07-23 14:23:41',0,NULL,NULL),
 (816,70,254732765885,'',0,263,263,'2018-07-19 17:00:58','2018-07-23 14:23:41',0,NULL,NULL),
 (817,70,254733718643,'',0,263,263,'2018-07-19 17:00:58','2018-07-23 14:23:41',0,NULL,NULL),
 (818,70,254735930079,'',0,263,263,'2018-07-19 17:00:58','2018-07-23 14:23:41',0,NULL,NULL),
 (819,70,254736803903,'',0,263,263,'2018-07-19 17:00:58','2018-07-23 14:23:41',0,NULL,NULL),
 (820,70,254736884311,'',0,263,263,'2018-07-19 17:00:58','2018-07-23 14:23:41',0,NULL,NULL),
 (821,70,254738865192,'',0,263,263,'2018-07-19 17:00:58','2018-07-23 14:23:41',0,NULL,NULL),
 (822,70,254750116063,'',0,263,263,'2018-07-19 17:00:58','2018-07-23 14:23:41',0,NULL,NULL),
 (823,70,254752325789,'',0,263,263,'2018-07-19 17:00:58','2018-07-23 14:23:41',0,NULL,NULL),
 (824,70,254756020104,'',0,263,263,'2018-07-19 17:00:58','2018-07-23 14:23:41',0,NULL,NULL),
 (825,70,254771632699,'',0,263,263,'2018-07-19 17:00:58','2018-07-23 14:23:41',0,NULL,NULL),
 (826,70,254780514565,'',0,263,263,'2018-07-19 17:00:58','2018-07-23 14:23:41',0,NULL,NULL),
 (827,70,254786268836,'',0,263,263,'2018-07-19 17:00:58','2018-07-23 14:23:41',0,NULL,NULL),
 (828,70,254786595698,'',0,263,263,'2018-07-19 17:00:58','2018-07-23 14:23:41',0,NULL,NULL),
 (829,70,254788551401,'',0,263,263,'2018-07-19 17:00:58','2018-07-23 14:23:41',0,NULL,NULL),
 (830,70,254790413041,'',0,263,263,'2018-07-19 17:00:58','2018-07-23 14:23:41',0,NULL,NULL),
 (831,70,254709974001,'',0,263,263,'2018-07-19 17:00:58','2018-07-23 14:23:41',0,NULL,NULL),
 (832,70,254729218992,'',0,263,263,'2018-07-19 17:00:58','2018-07-23 14:23:41',0,NULL,NULL),
 (833,71,254700211853,'',0,481,481,'2018-07-20 17:11:43','2018-07-23 14:23:41',0,NULL,NULL),
 (834,71,254700397771,'',0,481,481,'2018-07-20 17:11:43','2018-07-23 14:23:41',0,NULL,NULL),
 (835,71,254700479150,'',0,481,481,'2018-07-20 17:11:43','2018-07-23 14:23:41',0,NULL,NULL),
 (836,71,254700617861,'',0,481,481,'2018-07-20 17:11:43','2018-07-23 14:23:41',0,NULL,NULL),
 (837,71,254702100120,'',0,481,481,'2018-07-20 17:11:43','2018-07-23 14:23:41',0,NULL,NULL),
 (838,71,254703366092,'',0,481,481,'2018-07-20 17:11:43','2018-07-23 14:23:41',0,NULL,NULL),
 (839,71,254703669440,'',0,481,481,'2018-07-20 17:11:43','2018-07-23 14:23:41',0,NULL,NULL),
 (840,71,254705142118,'',0,481,481,'2018-07-20 17:11:43','2018-07-23 14:23:41',0,NULL,NULL),
 (841,71,254707610978,'',0,481,481,'2018-07-20 17:11:43','2018-07-23 14:23:41',0,NULL,NULL),
 (842,71,254708547725,'',0,481,481,'2018-07-20 17:11:43','2018-07-23 14:23:41',0,NULL,NULL),
 (843,71,254709081000,'',0,481,481,'2018-07-20 17:11:43','2018-07-23 14:23:41',0,NULL,NULL),
 (844,71,254709914000,'',0,481,481,'2018-07-20 17:11:43','2018-07-23 14:23:41',0,NULL,NULL),
 (845,71,254710270933,'',0,481,481,'2018-07-20 17:11:43','2018-07-23 14:23:41',0,NULL,NULL),
 (846,71,254711205089,'',0,481,481,'2018-07-20 17:11:43','2018-07-23 14:23:41',0,NULL,NULL),
 (847,71,254712415222,'',0,481,481,'2018-07-20 17:11:43','2018-07-23 14:23:41',0,NULL,NULL),
 (848,71,254713131264,'',0,481,481,'2018-07-20 17:11:43','2018-07-23 14:23:41',0,NULL,NULL),
 (849,71,254713806777,'',0,481,481,'2018-07-20 17:11:43','2018-07-23 14:23:41',0,NULL,NULL),
 (850,71,254715070030,'',0,481,481,'2018-07-20 17:11:43','2018-07-23 14:23:41',0,NULL,NULL),
 (851,71,254715429650,'',0,481,481,'2018-07-20 17:11:43','2018-07-23 14:23:41',0,NULL,NULL),
 (852,71,254716562642,'',0,481,481,'2018-07-20 17:11:43','2018-07-23 14:23:41',0,NULL,NULL),
 (853,71,254717318000,'',0,481,481,'2018-07-20 17:11:43','2018-07-23 14:23:41',0,NULL,NULL),
 (854,71,254719071226,'',0,481,481,'2018-07-20 17:11:43','2018-07-23 14:23:41',0,NULL,NULL),
 (855,71,254719442527,'',0,481,481,'2018-07-20 17:11:43','2018-07-23 14:23:41',0,NULL,NULL),
 (856,71,254719877368,'',0,481,481,'2018-07-20 17:11:43','2018-07-23 14:23:41',0,NULL,NULL),
 (857,71,254720168628,'',0,481,481,'2018-07-20 17:11:43','2018-07-23 14:23:41',0,NULL,NULL),
 (858,71,254720243238,'',0,481,481,'2018-07-20 17:11:43','2018-07-23 14:23:41',0,NULL,NULL),
 (859,71,254720472827,'',0,481,481,'2018-07-20 17:11:43','2018-07-23 14:23:41',0,NULL,NULL),
 (860,71,254720589906,'',0,481,481,'2018-07-20 17:11:43','2018-07-23 14:23:41',0,NULL,NULL),
 (861,71,254720667766,'',0,481,481,'2018-07-20 17:11:43','2018-07-23 14:23:41',0,NULL,NULL),
 (862,71,254720711915,'',0,481,481,'2018-07-20 17:11:43','2018-07-23 14:23:41',0,NULL,NULL),
 (863,71,254720800155,'',0,481,481,'2018-07-20 17:11:43','2018-07-23 14:23:41',0,NULL,NULL),
 (864,71,254720811086,'',0,481,481,'2018-07-20 17:11:43','2018-07-23 14:23:41',0,NULL,NULL),
 (865,71,254720903814,'',0,481,481,'2018-07-20 17:11:43','2018-07-23 14:23:41',0,NULL,NULL),
 (866,71,254720987191,'',0,481,481,'2018-07-20 17:11:43','2018-07-23 14:23:41',0,NULL,NULL),
 (867,71,254721271351,'',0,481,481,'2018-07-20 17:11:43','2018-07-23 14:23:41',0,NULL,NULL),
 (868,71,254721360913,'',0,481,481,'2018-07-20 17:11:43','2018-07-23 14:23:41',0,NULL,NULL),
 (869,71,254721397489,'',0,481,481,'2018-07-20 17:11:43','2018-07-23 14:23:41',0,NULL,NULL),
 (870,71,254721414931,'',0,481,481,'2018-07-20 17:11:43','2018-07-23 14:23:41',0,NULL,NULL),
 (871,71,254721426199,'',0,481,481,'2018-07-20 17:11:43','2018-07-23 14:23:41',0,NULL,NULL),
 (872,71,254721443451,'',0,481,481,'2018-07-20 17:11:43','2018-07-23 14:23:41',0,NULL,NULL),
 (873,71,254721595954,'',0,481,481,'2018-07-20 17:11:43','2018-07-23 14:23:41',0,NULL,NULL),
 (874,71,254721629975,'',0,481,481,'2018-07-20 17:11:43','2018-07-23 14:23:41',0,NULL,NULL),
 (875,71,254721630474,'',0,481,481,'2018-07-20 17:11:43','2018-07-23 14:23:41',0,NULL,NULL),
 (876,71,254721672290,'',0,481,481,'2018-07-20 17:11:43','2018-07-23 14:23:41',0,NULL,NULL),
 (877,71,254721677399,'',0,481,481,'2018-07-20 17:11:43','2018-07-23 14:23:41',0,NULL,NULL),
 (878,71,254721845613,'',0,481,481,'2018-07-20 17:11:43','2018-07-23 14:23:41',0,NULL,NULL),
 (879,71,254721849254,'',0,481,481,'2018-07-20 17:11:43','2018-07-23 14:23:41',0,NULL,NULL),
 (880,71,254721863581,'',0,481,481,'2018-07-20 17:11:43','2018-07-23 14:23:41',0,NULL,NULL),
 (881,71,254721969025,'',0,481,481,'2018-07-20 17:11:43','2018-07-23 14:23:41',0,NULL,NULL),
 (882,71,254722176670,'',0,481,481,'2018-07-20 17:11:43','2018-07-23 14:23:41',0,NULL,NULL),
 (883,71,254722209482,'',0,481,481,'2018-07-20 17:11:43','2018-07-23 14:23:41',0,NULL,NULL),
 (884,71,254722271068,'',0,481,481,'2018-07-20 17:11:43','2018-07-23 14:23:41',0,NULL,NULL),
 (885,71,254722284596,'',0,481,481,'2018-07-20 17:11:43','2018-07-23 14:23:41',0,NULL,NULL),
 (886,71,254722341480,'',0,481,481,'2018-07-20 17:11:43','2018-07-23 14:23:41',0,NULL,NULL),
 (887,71,254722363478,'',0,481,481,'2018-07-20 17:11:43','2018-07-23 14:23:41',0,NULL,NULL),
 (888,71,254722378672,'',0,481,481,'2018-07-20 17:11:43','2018-07-23 14:23:41',0,NULL,NULL),
 (889,71,254722386738,'',0,481,481,'2018-07-20 17:11:43','2018-07-23 14:23:41',0,NULL,NULL),
 (890,71,254722450694,'',0,481,481,'2018-07-20 17:11:43','2018-07-23 14:23:41',0,NULL,NULL),
 (891,71,254722470544,'',0,481,481,'2018-07-20 17:11:43','2018-07-23 14:23:41',0,NULL,NULL),
 (892,71,254722473441,'',0,481,481,'2018-07-20 17:11:43','2018-07-23 14:23:41',0,NULL,NULL),
 (893,71,254722511299,'',0,481,481,'2018-07-20 17:11:43','2018-07-23 14:23:41',0,NULL,NULL),
 (894,71,254722517861,'',0,481,481,'2018-07-20 17:11:43','2018-07-23 14:23:41',0,NULL,NULL),
 (895,71,254722518146,'',0,481,481,'2018-07-20 17:11:43','2018-07-23 14:23:41',0,NULL,NULL),
 (896,71,254722526765,'',0,481,481,'2018-07-20 17:11:43','2018-07-23 14:23:41',0,NULL,NULL),
 (897,71,254722542960,'',0,481,481,'2018-07-20 17:11:43','2018-07-23 14:23:41',0,NULL,NULL),
 (898,71,254722591803,'',0,481,481,'2018-07-20 17:11:43','2018-07-23 14:23:41',0,NULL,NULL),
 (899,71,254722679467,'',0,481,481,'2018-07-20 17:11:43','2018-07-23 14:23:41',0,NULL,NULL),
 (900,71,254722724524,'',0,481,481,'2018-07-20 17:11:43','2018-07-23 14:23:41',0,NULL,NULL),
 (901,71,254722752186,'',0,481,481,'2018-07-20 17:11:43','2018-07-23 14:23:41',0,NULL,NULL),
 (902,71,254722760516,'',0,481,481,'2018-07-20 17:11:43','2018-07-23 14:23:41',0,NULL,NULL),
 (903,71,254722782352,'',0,481,481,'2018-07-20 17:11:43','2018-07-23 14:23:41',0,NULL,NULL),
 (904,71,254722788182,'',0,481,481,'2018-07-20 17:11:43','2018-07-23 14:23:41',0,NULL,NULL),
 (905,71,254722829242,'',0,481,481,'2018-07-20 17:11:43','2018-07-23 14:23:41',0,NULL,NULL),
 (906,71,254722846351,'',0,481,481,'2018-07-20 17:11:43','2018-07-23 14:23:41',0,NULL,NULL),
 (907,71,254722865586,'',0,481,481,'2018-07-20 17:11:43','2018-07-23 14:23:41',0,NULL,NULL),
 (908,71,254722870527,'',0,481,481,'2018-07-20 17:11:43','2018-07-23 14:23:41',0,NULL,NULL),
 (909,71,254722938365,'',0,481,481,'2018-07-20 17:11:43','2018-07-23 14:23:41',0,NULL,NULL),
 (910,71,254723016205,'',0,481,481,'2018-07-20 17:11:43','2018-07-23 14:23:41',0,NULL,NULL),
 (911,71,254723066361,'',0,481,481,'2018-07-20 17:11:43','2018-07-23 14:23:41',0,NULL,NULL),
 (912,71,254723422745,'',0,481,481,'2018-07-20 17:11:43','2018-07-23 14:23:41',0,NULL,NULL),
 (913,71,254723477768,'',0,481,481,'2018-07-20 17:11:43','2018-07-23 14:23:41',0,NULL,NULL),
 (914,71,254723497852,'',0,481,481,'2018-07-20 17:11:43','2018-07-23 14:23:41',0,NULL,NULL),
 (915,71,254723621861,'',0,481,481,'2018-07-20 17:11:43','2018-07-23 14:23:41',0,NULL,NULL),
 (916,71,254723829713,'',0,481,481,'2018-07-20 17:11:43','2018-07-23 14:23:41',0,NULL,NULL),
 (917,71,254723854324,'',0,481,481,'2018-07-20 17:11:43','2018-07-23 14:23:41',0,NULL,NULL),
 (918,71,254723988973,'',0,481,481,'2018-07-20 17:11:43','2018-07-23 14:23:41',0,NULL,NULL),
 (919,71,254724114519,'',0,481,481,'2018-07-20 17:11:43','2018-07-23 14:23:41',0,NULL,NULL),
 (920,71,254724224602,'',0,481,481,'2018-07-20 17:11:43','2018-07-23 14:23:41',0,NULL,NULL),
 (921,71,254724283867,'',0,481,481,'2018-07-20 17:11:43','2018-07-23 14:23:41',0,NULL,NULL),
 (922,71,254724540763,'',0,481,481,'2018-07-20 17:11:43','2018-07-23 14:23:41',0,NULL,NULL),
 (923,71,254724721450,'',0,481,481,'2018-07-20 17:11:43','2018-07-23 14:23:41',0,NULL,NULL),
 (924,71,254724966694,'',0,481,481,'2018-07-20 17:11:43','2018-07-23 14:23:41',0,NULL,NULL),
 (925,71,254725273639,'',0,481,481,'2018-07-20 17:11:43','2018-07-23 14:23:41',0,NULL,NULL),
 (926,71,254725826206,'',0,481,481,'2018-07-20 17:11:43','2018-07-23 14:23:41',0,NULL,NULL),
 (927,71,254725906440,'',0,481,481,'2018-07-20 17:11:43','2018-07-23 14:23:41',0,NULL,NULL),
 (928,71,254726821040,'',0,481,481,'2018-07-20 17:11:43','2018-07-23 14:23:41',0,NULL,NULL),
 (929,71,254727450117,'',0,481,481,'2018-07-20 17:11:43','2018-07-23 14:23:41',0,NULL,NULL),
 (930,71,254728377050,'',0,481,481,'2018-07-20 17:11:43','2018-07-23 14:23:41',0,NULL,NULL),
 (931,71,254728976512,'',0,481,481,'2018-07-20 17:11:43','2018-07-23 14:23:41',0,NULL,NULL),
 (932,71,254729737225,'',0,481,481,'2018-07-20 17:11:43','2018-07-23 14:23:41',0,NULL,NULL),
 (933,71,254730109438,'',0,481,481,'2018-07-20 17:11:43','2018-07-23 14:23:41',0,NULL,NULL),
 (934,71,254733180498,'',0,481,481,'2018-07-20 17:11:43','2018-07-23 14:23:41',0,NULL,NULL),
 (935,71,254733235772,'',0,481,481,'2018-07-20 17:11:43','2018-07-23 14:23:41',0,NULL,NULL),
 (936,71,254733428753,'',0,481,481,'2018-07-20 17:11:43','2018-07-23 14:23:41',0,NULL,NULL),
 (937,71,254733683564,'',0,481,481,'2018-07-20 17:11:43','2018-07-23 14:23:41',0,NULL,NULL),
 (938,71,254733776842,'',0,481,481,'2018-07-20 17:11:43','2018-07-23 14:23:41',0,NULL,NULL),
 (939,71,254735725126,'',0,481,481,'2018-07-20 17:11:43','2018-07-23 14:23:41',0,NULL,NULL),
 (940,71,254735909268,'',0,481,481,'2018-07-20 17:11:43','2018-07-23 14:23:41',0,NULL,NULL),
 (941,71,254736089320,'',0,481,481,'2018-07-20 17:11:43','2018-07-23 14:23:41',0,NULL,NULL),
 (942,71,254736884311,'',0,481,481,'2018-07-20 17:11:43','2018-07-23 14:23:41',0,NULL,NULL),
 (943,71,254738288289,'',0,481,481,'2018-07-20 17:11:43','2018-07-23 14:23:41',0,NULL,NULL),
 (944,71,254738756612,'',0,481,481,'2018-07-20 17:11:43','2018-07-23 14:23:41',0,NULL,NULL),
 (945,71,254738865192,'',0,481,481,'2018-07-20 17:11:43','2018-07-23 14:23:41',0,NULL,NULL),
 (946,71,254748103077,'',0,481,481,'2018-07-20 17:11:43','2018-07-23 14:23:41',0,NULL,NULL),
 (947,71,254750116063,'',0,481,481,'2018-07-20 17:11:43','2018-07-23 14:23:41',0,NULL,NULL),
 (948,71,254771632699,'',0,481,481,'2018-07-20 17:11:43','2018-07-23 14:23:41',0,NULL,NULL),
 (949,71,254772155800,'',0,481,481,'2018-07-20 17:11:43','2018-07-23 14:23:41',0,NULL,NULL),
 (950,71,254773059574,'',0,481,481,'2018-07-20 17:11:43','2018-07-23 14:23:41',0,NULL,NULL),
 (951,71,254782217917,'',0,481,481,'2018-07-20 17:11:43','2018-07-23 14:23:41',0,NULL,NULL),
 (952,71,254786268836,'',0,481,481,'2018-07-20 17:11:43','2018-07-23 14:23:41',0,NULL,NULL),
 (953,71,254795742348,'',0,481,481,'2018-07-20 17:11:43','2018-07-23 14:23:41',0,NULL,NULL),
 (954,71,254796749968,'',0,481,481,'2018-07-20 17:11:43','2018-07-23 14:23:41',0,NULL,NULL),
 (955,72,254700055800,'',0,263,263,'2018-07-23 17:48:16','2018-07-23 17:48:16',0,NULL,NULL),
 (956,72,254701454548,'',0,263,263,'2018-07-23 17:48:16','2018-07-23 17:48:16',0,NULL,NULL),
 (957,72,254703077777,'',0,263,263,'2018-07-23 17:48:16','2018-07-23 17:48:16',0,NULL,NULL),
 (958,72,254706616010,'',0,263,263,'2018-07-23 17:48:16','2018-07-23 17:48:16',0,NULL,NULL),
 (959,72,254708547725,'',0,263,263,'2018-07-23 17:48:16','2018-07-23 17:48:16',0,NULL,NULL),
 (960,72,254708710028,'',0,263,263,'2018-07-23 17:48:16','2018-07-23 17:48:16',0,NULL,NULL),
 (961,72,254708934412,'',0,263,263,'2018-07-23 17:48:16','2018-07-23 17:48:16',0,NULL,NULL),
 (962,72,254710740481,'',0,263,263,'2018-07-23 17:48:16','2018-07-23 17:48:16',0,NULL,NULL),
 (963,72,254711115405,'',0,263,263,'2018-07-23 17:48:16','2018-07-23 17:48:16',0,NULL,NULL),
 (964,72,254711772683,'',0,263,263,'2018-07-23 17:48:16','2018-07-23 17:48:16',0,NULL,NULL),
 (965,72,254711900000,'',0,263,263,'2018-07-23 17:48:16','2018-07-23 17:48:16',0,NULL,NULL),
 (966,72,254711989595,'',0,263,263,'2018-07-23 17:48:16','2018-07-23 17:48:16',0,NULL,NULL),
 (967,72,254712836783,'',0,263,263,'2018-07-23 17:48:16','2018-07-23 17:48:16',0,NULL,NULL),
 (968,72,254712994268,'',0,263,263,'2018-07-23 17:48:16','2018-07-23 17:48:16',0,NULL,NULL),
 (969,72,254713735187,'',0,263,263,'2018-07-23 17:48:16','2018-07-23 17:48:16',0,NULL,NULL),
 (970,72,254713900000,'',0,263,263,'2018-07-23 17:48:16','2018-07-23 17:48:16',0,NULL,NULL),
 (971,72,254715077817,'',0,263,263,'2018-07-23 17:48:16','2018-07-23 17:48:16',0,NULL,NULL),
 (972,72,254717318000,'',0,263,263,'2018-07-23 17:48:16','2018-07-23 17:48:16',0,NULL,NULL),
 (973,72,254719044000,'',0,263,263,'2018-07-23 17:48:16','2018-07-23 17:48:16',0,NULL,NULL),
 (974,72,254720040485,'',0,263,263,'2018-07-23 17:48:16','2018-07-23 17:48:16',0,NULL,NULL),
 (975,72,254720168628,'',0,263,263,'2018-07-23 17:48:16','2018-07-23 17:48:16',0,NULL,NULL),
 (976,72,254720472827,'',0,263,263,'2018-07-23 17:48:16','2018-07-23 17:48:16',0,NULL,NULL),
 (977,72,254720551189,'',0,263,263,'2018-07-23 17:48:16','2018-07-23 17:48:16',0,NULL,NULL),
 (978,72,254720792916,'',0,263,263,'2018-07-23 17:48:16','2018-07-23 17:48:16',0,NULL,NULL),
 (979,72,254721342937,'',0,263,263,'2018-07-23 17:48:16','2018-07-23 17:48:16',0,NULL,NULL),
 (980,72,254721397489,'',0,263,263,'2018-07-23 17:48:16','2018-07-23 17:48:16',0,NULL,NULL),
 (981,72,254721411638,'',0,263,263,'2018-07-23 17:48:16','2018-07-23 17:48:16',0,NULL,NULL),
 (982,72,254721464683,'',0,263,263,'2018-07-23 17:48:16','2018-07-23 17:48:16',0,NULL,NULL),
 (983,72,254721607574,'',0,263,263,'2018-07-23 17:48:16','2018-07-23 17:48:16',0,NULL,NULL),
 (984,72,254722108645,'',0,263,263,'2018-07-23 17:48:16','2018-07-23 17:48:16',0,NULL,NULL),
 (985,72,254722118641,'',0,263,263,'2018-07-23 17:48:16','2018-07-23 17:48:16',0,NULL,NULL),
 (986,72,254722175372,'',0,263,263,'2018-07-23 17:48:16','2018-07-23 17:48:16',0,NULL,NULL),
 (987,72,254722477797,'',0,263,263,'2018-07-23 17:48:16','2018-07-23 17:48:16',0,NULL,NULL),
 (988,72,254722499707,'',0,263,263,'2018-07-23 17:48:16','2018-07-23 17:48:16',0,NULL,NULL),
 (989,72,254722511299,'',0,263,263,'2018-07-23 17:48:16','2018-07-23 17:48:16',0,NULL,NULL),
 (990,72,254722511596,'',0,263,263,'2018-07-23 17:48:16','2018-07-23 17:48:16',0,NULL,NULL),
 (991,72,254722523760,'',0,263,263,'2018-07-23 17:48:16','2018-07-23 17:48:16',0,NULL,NULL),
 (992,72,254722530890,'',0,263,263,'2018-07-23 17:48:16','2018-07-23 17:48:16',0,NULL,NULL),
 (993,72,254722550625,'',0,263,263,'2018-07-23 17:48:16','2018-07-23 17:48:16',0,NULL,NULL),
 (994,72,254722591803,'',0,263,263,'2018-07-23 17:48:16','2018-07-23 17:48:16',0,NULL,NULL),
 (995,72,254722592560,'',0,263,263,'2018-07-23 17:48:16','2018-07-23 17:48:16',0,NULL,NULL),
 (996,72,254722724524,'',0,263,263,'2018-07-23 17:48:16','2018-07-23 17:48:16',0,NULL,NULL),
 (997,72,254722752186,'',0,263,263,'2018-07-23 17:48:16','2018-07-23 17:48:16',0,NULL,NULL),
 (998,72,254722793286,'',0,263,263,'2018-07-23 17:48:16','2018-07-23 17:48:16',0,NULL,NULL),
 (999,72,254722808409,'',0,263,263,'2018-07-23 17:48:16','2018-07-23 17:48:16',0,NULL,NULL),
 (1000,72,254722812694,'',0,263,263,'2018-07-23 17:48:16','2018-07-23 17:48:16',0,NULL,NULL);
/*!40000 ALTER TABLE `surveyfailedinviteparticipants` ENABLE KEYS */;


--
-- Definition of table `surveyinmessages`
--

DROP TABLE IF EXISTS `surveyinmessages`;
CREATE TABLE `surveyinmessages` (
  `messageID` int(11) NOT NULL AUTO_INCREMENT,
  `shortCode` bigint(13) NOT NULL,
  `MSISDN` bigint(13) NOT NULL,
  `surveyID` int(11) NOT NULL,
  `message` text NOT NULL,
  `status` int(11) NOT NULL,
  `createdBy` int(11) NOT NULL,
  `updatedBy` int(11) NOT NULL,
  `dateCreated` datetime NOT NULL,
  `dateModified` timestamp NOT NULL DEFAULT current_timestamp() ON UPDATE current_timestamp(),
  PRIMARY KEY (`messageID`),
  KEY `surveyID` (`surveyID`)
) ENGINE=InnoDB AUTO_INCREMENT=118246 DEFAULT CHARSET=latin1;

--
-- Dumping data for table `surveyinmessages`
--

/*!40000 ALTER TABLE `surveyinmessages` DISABLE KEYS */;
INSERT INTO `surveyinmessages` (`messageID`,`shortCode`,`MSISDN`,`surveyID`,`message`,`status`,`createdBy`,`updatedBy`,`dateCreated`,`dateModified`) VALUES 
 (1,33,254706329850,100,'STOP',1,1,1,'2018-11-21 12:49:01','2018-11-21 12:49:01'),
 (2,33,254726358883,100,'SMS me your customers care number',1,1,1,'2018-11-21 12:50:41','2018-11-21 12:50:41'),
 (3,425,254716601948,2,'ATD/20558',1,1,1,'2018-06-26 11:55:52','2018-06-26 08:55:52'),
 (4,425,254722979873,51,'A',1,1,1,'2018-06-26 12:26:34','2018-06-26 09:26:34'),
 (5,425,254791668870,2,'ATD/127',1,1,1,'2018-06-26 15:14:52','2018-06-26 12:14:52'),
 (6,425,254791668870,2,'ATD/636',1,1,1,'2018-06-26 15:17:57','2018-06-26 12:17:57'),
 (7,425,254708585249,2,'G',1,1,1,'2018-06-26 17:03:07','2018-06-26 14:03:07'),
 (8,425,254703411683,2,'WHATISDRUGABUSE',1,1,1,'2018-06-26 20:41:16','2018-06-26 17:41:16'),
 (9,425,254722979873,52,'C',1,1,1,'2018-06-27 16:33:20','2018-06-27 13:33:20'),
 (10,425,254722979873,52,'A',1,1,1,'2018-06-27 16:34:57','2018-06-27 13:34:57'),
 (11,425,254722979873,52,'10',1,1,1,'2018-06-27 16:35:36','2018-06-27 13:35:36'),
 (12,425,254722979873,52,'Yes very fast experience',1,1,1,'2018-06-27 16:36:14','2018-06-27 13:36:14'),
 (13,425,254715162352,2,'Nsc 262348',1,1,1,'2018-06-27 16:40:11','2018-06-27 13:40:11'),
 (14,425,254726656698,2,'Atd/982',1,1,1,'2018-06-27 17:35:49','2018-06-27 14:35:49'),
 (15,425,254728493719,2,'NAC/937',1,1,1,'2018-06-27 20:43:55','2018-06-27 17:43:55'),
 (16,425,254721377171,2,'NAC/99854',1,1,1,'2018-06-28 10:15:59','2018-06-28 07:15:59'),
 (17,425,254725254573,54,'A',1,1,1,'2018-06-28 16:59:26','2018-06-28 13:59:26'),
 (18,425,254725399399,54,'B',1,1,1,'2018-06-28 16:59:26','2018-06-28 13:59:26'),
 (19,425,254740479347,54,'B',1,1,1,'2018-06-28 16:59:29','2018-06-28 13:59:29'),
 (20,425,254724867732,54,'A',1,1,1,'2018-06-28 16:59:33','2018-06-28 13:59:33'),
 (21,425,254720801709,54,'A',1,1,1,'2018-06-28 16:59:40','2018-06-28 13:59:40'),
 (22,425,254721309210,54,'A',1,1,1,'2018-06-28 16:59:45','2018-06-28 13:59:45'),
 (23,425,254721644113,54,'Yes',1,1,1,'2018-06-28 16:59:47','2018-06-28 13:59:47'),
 (24,425,254725399399,54,'3',1,1,1,'2018-06-28 16:59:49','2018-06-28 13:59:49'),
 (25,425,254716781760,54,'A',1,1,1,'2018-06-28 16:59:52','2018-06-28 13:59:52'),
 (26,425,254722930644,54,'A',1,1,1,'2018-06-28 16:59:53','2018-06-28 13:59:53'),
 (27,425,254724867732,54,'8',1,1,1,'2018-06-28 16:59:55','2018-06-28 13:59:55'),
 (28,425,254705433740,54,'B',1,1,1,'2018-06-28 16:59:57','2018-06-28 13:59:57'),
 (29,425,254722141154,54,'No',1,1,1,'2018-06-28 16:59:58','2018-06-28 13:59:58'),
 (30,425,254721644113,54,'A',1,1,1,'2018-06-28 16:59:58','2018-06-28 13:59:58'),
 (31,425,254722648272,54,'B',1,1,1,'2018-06-28 17:00:04','2018-06-28 14:00:04'),
 (32,425,254722511693,54,'A',1,1,1,'2018-06-28 17:00:10','2018-06-28 14:00:10'),
 (33,425,254722141154,54,'B',1,1,1,'2018-06-28 17:00:12','2018-06-28 14:00:12'),
 (34,425,254724867732,54,'Good job',1,1,1,'2018-06-28 17:00:14','2018-06-28 14:00:14'),
 (35,425,254728529708,54,'A...after along day...had to call five customer care assistants..went to the bank...am really disappointed',1,1,1,'2018-06-28 17:00:15','2018-06-28 14:00:15'),
 (36,425,254797109619,54,'Yes',1,1,1,'2018-06-28 17:00:29','2018-06-28 14:00:29'),
 (37,425,254721309210,54,'8',1,1,1,'2018-06-28 17:00:29','2018-06-28 14:00:29'),
 (38,425,254792576187,54,'A',1,1,1,'2018-06-28 17:00:44','2018-06-28 14:00:44'),
 (39,425,254721644113,54,'10',1,1,1,'2018-06-28 17:00:46','2018-06-28 14:00:46'),
 (40,425,254708934412,54,'A\n\nPeninah handled it very professionally and she was very kind',1,1,1,'2018-06-28 17:00:47','2018-06-28 14:00:47'),
 (41,425,254722648272,54,'0',1,1,1,'2018-06-28 17:00:47','2018-06-28 14:00:47'),
 (42,425,254708157673,54,'B.No',1,1,1,'2018-06-28 17:00:51','2018-06-28 14:00:51'),
 (43,425,254722777350,54,'A',1,1,1,'2018-06-28 17:00:51','2018-06-28 14:00:51'),
 (44,425,254720801709,54,'Check options',1,1,1,'2018-06-28 17:00:51','2018-06-28 14:00:51'),
 (45,425,254722141154,54,'0',1,1,1,'2018-06-28 17:00:53','2018-06-28 14:00:53'),
 (46,425,254721309210,54,'Very helpful. Excellent',1,1,1,'2018-06-28 17:00:55','2018-06-28 14:00:55'),
 (47,425,254720553915,54,'A',1,1,1,'2018-06-28 17:00:59','2018-06-28 14:00:59'),
 (48,425,254729737225,54,'A',1,1,1,'2018-06-28 17:01:07','2018-06-28 14:01:07'),
 (49,425,254721664972,54,'B',1,1,1,'2018-06-28 17:01:11','2018-06-28 14:01:11'),
 (50,425,254722777350,54,'10',1,1,1,'2018-06-28 17:01:13','2018-06-28 14:01:13'),
 (51,425,254720801709,54,'5',1,1,1,'2018-06-28 17:01:13','2018-06-28 14:01:13'),
 (52,425,254708157673,54,'B',1,1,1,'2018-06-28 17:01:21','2018-06-28 14:01:21'),
 (53,425,254722814206,54,'A',1,1,1,'2018-06-28 17:01:28','2018-06-28 14:01:28'),
 (54,425,254720548942,54,'A',1,1,1,'2018-06-28 17:01:28','2018-06-28 14:01:28'),
 (55,425,254721664972,54,'B',1,1,1,'2018-06-28 17:01:29','2018-06-28 14:01:29'),
 (56,425,254722141154,54,'Resolve my concerns immediately',1,1,1,'2018-06-28 17:01:31','2018-06-28 14:01:31'),
 (57,425,254722761047,54,'A\n',1,1,1,'2018-06-28 17:01:33','2018-06-28 14:01:33'),
 (58,425,254721644113,54,'Excellent Bank.',1,1,1,'2018-06-28 17:01:39','2018-06-28 14:01:39'),
 (59,425,254721767388,54,'A',1,1,1,'2018-06-28 17:01:42','2018-06-28 14:01:42'),
 (60,425,254724075015,54,'A',1,1,1,'2018-06-28 17:01:47','2018-06-28 14:01:47'),
 (61,425,254720548942,54,'10',1,1,1,'2018-06-28 17:01:57','2018-06-28 14:01:57'),
 (62,425,254722777350,54,'Keep innovating',1,1,1,'2018-06-28 17:01:58','2018-06-28 14:01:58'),
 (63,425,254722511693,54,'0, likely',1,1,1,'2018-06-28 17:01:58','2018-06-28 14:01:58'),
 (64,425,254723483803,54,'A',1,1,1,'2018-06-28 17:02:00','2018-06-28 14:02:00'),
 (65,425,254720801709,54,'Options for Q2 above are not clear',1,1,1,'2018-06-28 17:02:03','2018-06-28 14:02:03'),
 (66,425,254721644113,54,'Thankyou',1,1,1,'2018-06-28 17:02:05','2018-06-28 14:02:05'),
 (67,425,254725399399,54,'The bank rep should be well informed on all issues to assist customers better. My fraudulent card charge is still pending cancellation',1,1,1,'2018-06-28 17:02:07','2018-06-28 14:02:07'),
 (68,425,254721767388,54,'10',1,1,1,'2018-06-28 17:02:14','2018-06-28 14:02:14'),
 (69,425,254708157673,54,'0',1,1,1,'2018-06-28 17:02:22','2018-06-28 14:02:22'),
 (70,425,254724075015,54,'Likely',1,1,1,'2018-06-28 17:02:36','2018-06-28 14:02:36'),
 (71,425,254721767388,54,'Am great.\nThank you.',1,1,1,'2018-06-28 17:02:39','2018-06-28 14:02:39'),
 (72,425,254724075015,54,'0',1,1,1,'2018-06-28 17:02:48','2018-06-28 14:02:48'),
 (73,425,254722814206,54,'0',1,1,1,'2018-06-28 17:02:51','2018-06-28 14:02:51'),
 (74,425,254720553915,54,'0',1,1,1,'2018-06-28 17:02:56','2018-06-28 14:02:56'),
 (75,425,254722511693,54,'0',1,1,1,'2018-06-28 17:03:08','2018-06-28 14:03:08'),
 (76,425,254724277569,54,'Yes',1,1,1,'2018-06-28 17:03:16','2018-06-28 14:03:16'),
 (77,425,254724075015,54,'Am OK. I will let you know  if I have one',1,1,1,'2018-06-28 17:03:28','2018-06-28 14:03:28'),
 (78,425,254722481913,54,'B',1,1,1,'2018-06-28 17:03:38','2018-06-28 14:03:38'),
 (79,425,254710992853,54,'B no',1,1,1,'2018-06-28 17:03:45','2018-06-28 14:03:45'),
 (80,425,254724075015,54,'Welcome',1,1,1,'2018-06-28 17:03:50','2018-06-28 14:03:50'),
 (81,425,254722312012,54,'A',1,1,1,'2018-06-28 17:03:55','2018-06-28 14:03:55'),
 (82,425,254720553915,54,' Good quality service',1,1,1,'2018-06-28 17:03:58','2018-06-28 14:03:58'),
 (83,425,254722481913,54,'5',1,1,1,'2018-06-28 17:04:02','2018-06-28 14:04:02'),
 (84,425,254721797731,54,'No',1,1,1,'2018-06-28 17:04:03','2018-06-28 14:04:03'),
 (85,425,254708157673,54,'Most emails to NIC never go through; they bounce back!',1,1,1,'2018-06-28 17:04:06','2018-06-28 14:04:06'),
 (86,425,254722511693,54,'Yes, favourable',1,1,1,'2018-06-28 17:04:12','2018-06-28 14:04:12'),
 (87,425,254722814206,54,'Just fine thanks',1,1,1,'2018-06-28 17:04:41','2018-06-28 14:04:41'),
 (88,425,254720801661,54,'B',1,1,1,'2018-06-28 17:05:42','2018-06-28 14:05:42'),
 (89,425,254714589508,54,'A',1,1,1,'2018-06-28 17:05:49','2018-06-28 14:05:49'),
 (90,425,254720801661,54,'2',1,1,1,'2018-06-28 17:05:58','2018-06-28 14:05:58'),
 (91,425,254722521640,54,'B',1,1,1,'2018-06-28 17:06:01','2018-06-28 14:06:01'),
 (92,425,254722521640,54,'7',1,1,1,'2018-06-28 17:06:23','2018-06-28 14:06:23'),
 (93,425,254701378279,54,'B',1,1,1,'2018-06-28 17:06:39','2018-06-28 14:06:39'),
 (94,425,254708421180,54,'A',1,1,1,'2018-06-28 17:06:44','2018-06-28 14:06:44'),
 (95,425,254701378279,54,'3',1,1,1,'2018-06-28 17:06:52','2018-06-28 14:06:52'),
 (96,425,254722521640,54,'Unfriendly lending services for loyal customers',1,1,1,'2018-06-28 17:07:11','2018-06-28 14:07:11'),
 (97,425,254718033238,2,'B',1,1,1,'2018-06-28 17:07:17','2018-06-28 14:07:17'),
 (98,425,254722521640,54,'K',1,1,1,'2018-06-28 17:07:22','2018-06-28 14:07:22'),
 (99,425,254708421180,54,'10',1,1,1,'2018-06-28 17:07:25','2018-06-28 14:07:25'),
 (100,425,254722521640,54,'Ok',1,1,1,'2018-06-28 17:07:34','2018-06-28 14:07:34'),
 (101,425,254720801661,54,'My issue has not been sorted for one week after I called. You have not credited a transaction thAt was paid by Mpesa for my card below.\n\nMFO5588GXF Confirmed. Ksh10,000.00 sent to NIC Bank  for account 4132701010008411 on 24/6/18 at 8:14 AM New M-PESA balance is Ksh68,660.80. Transaction cost, Ksh110.00.\n',1,1,1,'2018-06-28 17:07:34','2018-06-28 14:07:34'),
 (102,425,254722521640,54,'K',1,1,1,'2018-06-28 17:07:44','2018-06-28 14:07:44'),
 (103,425,254702764732,54,'B',1,1,1,'2018-06-28 17:08:56','2018-06-28 14:08:56'),
 (104,425,254726646886,54,'B',1,1,1,'2018-06-28 17:09:09','2018-06-28 14:09:09'),
 (105,425,254702764732,54,'5',1,1,1,'2018-06-28 17:09:18','2018-06-28 14:09:18'),
 (106,425,254726646886,54,'4.5',1,1,1,'2018-06-28 17:09:34','2018-06-28 14:09:34'),
 (107,425,254722748047,54,'A',1,1,1,'2018-06-28 17:09:39','2018-06-28 14:09:39'),
 (108,425,254726863590,54,'A',1,1,1,'2018-06-28 17:09:47','2018-06-28 14:09:47'),
 (109,425,254721417794,54,'Yes. Tell me    till no. I want to pay my loan.',1,1,1,'2018-06-28 17:09:50','2018-06-28 14:09:50'),
 (110,425,254726646886,54,'4',1,1,1,'2018-06-28 17:09:50','2018-06-28 14:09:50'),
 (111,425,254726646886,54,'Call back customers a few times because they might miss the first call back.',1,1,1,'2018-06-28 17:10:29','2018-06-28 14:10:29'),
 (112,425,254717567958,54,'A',1,1,1,'2018-06-28 17:10:32','2018-06-28 14:10:32'),
 (113,425,254720362580,54,'A',1,1,1,'2018-06-28 17:10:38','2018-06-28 14:10:38'),
 (114,425,254722768782,54,'A',1,1,1,'2018-06-28 17:10:41','2018-06-28 14:10:41'),
 (115,425,254722748047,54,'8',1,1,1,'2018-06-28 17:10:46','2018-06-28 14:10:46'),
 (116,425,254722748047,54,'No',1,1,1,'2018-06-28 17:11:04','2018-06-28 14:11:04'),
 (117,425,254720362580,54,'10',1,1,1,'2018-06-28 17:11:16','2018-06-28 14:11:16'),
 (118,425,254722648272,54,'Kyc and stop stealing from customers in the name of your third-party det collector yet we pay Nic on tym i.e this month\' we credited our account ksh 170,000/= on 16/06/2018 to date you\'ve not deduct our repayment after several calls n visiting the eldoret branch personal zero action taken but only to my surprise your so called det collectors came for the truck ',1,1,1,'2018-06-28 17:11:17','2018-06-28 14:11:17'),
 (119,425,254796046045,54,'A',1,1,1,'2018-06-28 17:12:01','2018-06-28 14:12:01'),
 (120,425,254720362580,54,'no',1,1,1,'2018-06-28 17:12:06','2018-06-28 14:12:06'),
 (121,425,254705810785,54,'A',1,1,1,'2018-06-28 17:12:10','2018-06-28 14:12:10'),
 (122,425,254721176754,54,'A',1,1,1,'2018-06-28 17:12:14','2018-06-28 14:12:14'),
 (123,425,254722648272,54,'Kyc and stop stealing from customers in the name of your third-party det collector yet we pay Nic on tym i.e this month\' we credited our account ksh 170,000/= on 16/06/2018 to date you\'ve not deduct our repayment after several calls n visiting the eldoret branch personal zero action taken but only to my surprise your so called det collectors came for the truck ',1,1,1,'2018-06-28 17:12:19','2018-06-28 14:12:19'),
 (124,425,254705810785,54,'10',1,1,1,'2018-06-28 17:12:23','2018-06-28 14:12:23'),
 (125,425,254705810785,54,'Satisfaction',1,1,1,'2018-06-28 17:12:40','2018-06-28 14:12:40'),
 (126,425,254721417794,54,'A',1,1,1,'2018-06-28 17:12:44','2018-06-28 14:12:44'),
 (127,425,254722648272,54,'You are wrong pple to do business with',1,1,1,'2018-06-28 17:13:19','2018-06-28 14:13:19'),
 (128,425,254714481488,54,'A',1,1,1,'2018-06-28 17:14:25','2018-06-28 14:14:25'),
 (129,425,254702799071,54,'B',1,1,1,'2018-06-28 17:14:45','2018-06-28 14:14:45'),
 (130,425,254796046045,54,'10',1,1,1,'2018-06-28 17:14:51','2018-06-28 14:14:51'),
 (131,425,254702799071,54,'0',1,1,1,'2018-06-28 17:15:01','2018-06-28 14:15:01'),
 (132,425,254723709067,54,'A',1,1,1,'2018-06-28 17:15:06','2018-06-28 14:15:06'),
 (133,425,254729760374,54,'A.',1,1,1,'2018-06-28 17:15:37','2018-06-28 14:15:37'),
 (134,425,254796046045,54,'It good and satisfying',1,1,1,'2018-06-28 17:15:41','2018-06-28 14:15:41'),
 (135,425,254702799071,54,'Inexperienced and arrogant customer care',1,1,1,'2018-06-28 17:15:46','2018-06-28 14:15:46'),
 (136,425,254729760374,54,'A',1,1,1,'2018-06-28 17:17:20','2018-06-28 14:17:20'),
 (137,425,254712821479,54,'A',1,1,1,'2018-06-28 17:18:45','2018-06-28 14:18:45'),
 (138,425,254712821479,54,'10',1,1,1,'2018-06-28 17:19:01','2018-06-28 14:19:01'),
 (139,425,254712821479,54,'No',1,1,1,'2018-06-28 17:19:21','2018-06-28 14:19:21'),
 (140,425,254712821479,54,'Not likely and very unlikely mean the same',1,1,1,'2018-06-28 17:20:38','2018-06-28 14:20:38'),
 (141,425,254718924159,54,'B',1,1,1,'2018-06-28 17:21:12','2018-06-28 14:21:12'),
 (142,425,254718491929,54,'B',1,1,1,'2018-06-28 17:22:01','2018-06-28 14:22:01'),
 (143,425,254719755333,54,'B',1,1,1,'2018-06-28 17:23:23','2018-06-28 14:23:23'),
 (144,425,254721359000,54,'B',1,1,1,'2018-06-28 17:26:21','2018-06-28 14:26:21'),
 (145,425,254722484025,54,'B',1,1,1,'2018-06-28 17:26:43','2018-06-28 14:26:43'),
 (146,425,254722484025,54,'0',1,1,1,'2018-06-28 17:27:22','2018-06-28 14:27:22'),
 (147,425,254722484025,54,'Not considerate on customers situation.\nSlow to act on situation',1,1,1,'2018-06-28 17:28:34','2018-06-28 14:28:34'),
 (148,425,254722474070,54,'A',1,1,1,'2018-06-28 17:29:29','2018-06-28 14:29:29'),
 (149,425,254722474070,54,'10',1,1,1,'2018-06-28 17:29:56','2018-06-28 14:29:56'),
 (150,425,254791399315,2,'A',1,1,1,'2018-06-28 17:32:21','2018-06-28 14:32:21'),
 (151,425,254722997071,54,'A',1,1,1,'2018-06-28 17:33:09','2018-06-28 14:33:09'),
 (152,425,254712920859,54,'yes',1,1,1,'2018-06-28 17:34:51','2018-06-28 14:34:51'),
 (153,425,254722706638,54,'A',1,1,1,'2018-06-28 17:35:16','2018-06-28 14:35:16'),
 (154,425,254722997071,54,'8',1,1,1,'2018-06-28 17:35:55','2018-06-28 14:35:55'),
 (155,425,254720210940,54,'Fantastic and convincing',1,1,1,'2018-06-28 17:35:55','2018-06-28 14:35:55'),
 (156,425,254720210940,54,'A',1,1,1,'2018-06-28 17:36:31','2018-06-28 14:36:31'),
 (157,425,254723128755,54,'B',1,1,1,'2018-06-28 17:38:52','2018-06-28 14:38:52'),
 (158,425,254723128755,54,'5',1,1,1,'2018-06-28 17:40:12','2018-06-28 14:40:12'),
 (159,425,254722997071,54,'When I am called and I miss the call and I call back ensure I am routed to the person who had called me. or at least information on who called and the reason  I was called for be available to all cc team.It is frustrating to be told we do not know who called you neither the reason we were calling you.',1,1,1,'2018-06-28 17:44:08','2018-06-28 14:44:08'),
 (160,425,254724621150,54,'A',1,1,1,'2018-06-28 17:47:10','2018-06-28 14:47:10'),
 (161,425,254714531403,54,'A',1,1,1,'2018-06-28 17:51:05','2018-06-28 14:51:05'),
 (162,425,254714531403,54,'10',1,1,1,'2018-06-28 17:51:31','2018-06-28 14:51:31'),
 (163,425,254721370391,54,'A',1,1,1,'2018-06-28 17:51:43','2018-06-28 14:51:43'),
 (164,425,254721370391,54,'6',1,1,1,'2018-06-28 17:52:28','2018-06-28 14:52:28'),
 (165,425,254721370391,54,'It took 2 calls and some waiting to get the response',1,1,1,'2018-06-28 17:54:16','2018-06-28 14:54:16'),
 (166,425,254723709067,54,'9',1,1,1,'2018-06-28 18:11:50','2018-06-28 15:11:50'),
 (167,425,254707146675,54,'A',1,1,1,'2018-06-28 18:12:07','2018-06-28 15:12:07'),
 (168,425,254707146675,54,'10',1,1,1,'2018-06-28 18:13:27','2018-06-28 15:13:27'),
 (169,425,254707146675,54,'Yes',1,1,1,'2018-06-28 18:18:39','2018-06-28 15:18:39'),
 (170,425,254728028675,54,'',1,1,1,'2018-06-28 18:30:00','2018-06-28 15:30:00'),
 (171,425,254726116780,54,'B. No',1,1,1,'2018-06-28 19:44:30','2018-06-28 16:44:30'),
 (172,425,254726116780,54,'B',1,1,1,'2018-06-28 19:44:55','2018-06-28 16:44:55'),
 (173,425,254726116780,54,'7',1,1,1,'2018-06-28 19:45:32','2018-06-28 16:45:32'),
 (174,425,254726116780,54,'We are waiting for further advice on the subject matter of the matter raised through the contact centre.',1,1,1,'2018-06-28 19:47:46','2018-06-28 16:47:46'),
 (175,425,254716403017,54,'B',1,1,1,'2018-06-28 19:54:09','2018-06-28 16:54:09'),
 (176,425,254716403017,54,'0',1,1,1,'2018-06-28 19:56:01','2018-06-28 16:56:01'),
 (177,425,254716403017,54,'No',1,1,1,'2018-06-28 19:57:46','2018-06-28 16:57:46'),
 (178,425,254790740380,2,'ATD/11549',1,1,1,'2018-06-28 20:12:28','2018-06-28 17:12:28'),
 (179,425,254720696689,54,'A',1,1,1,'2018-06-28 20:41:59','2018-06-28 17:41:59'),
 (180,425,254722465457,54,'A',1,1,1,'2018-06-28 21:15:42','2018-06-28 18:15:42'),
 (181,425,254722465457,54,'10',1,1,1,'2018-06-28 21:16:03','2018-06-28 18:16:03'),
 (182,425,254722465457,54,'No, thank you.',1,1,1,'2018-06-28 21:16:22','2018-06-28 18:16:22'),
 (183,425,254712920859,54,'A',1,1,1,'2018-06-28 21:48:48','2018-06-28 18:48:48'),
 (184,425,254720575989,54,'A',1,1,1,'2018-06-28 21:58:41','2018-06-28 18:58:41'),
 (185,425,254720575989,54,'8',1,1,1,'2018-06-28 21:59:22','2018-06-28 18:59:22'),
 (186,425,254720575989,54,'Is it possible to introduce ATM cards for foreign accounts? If yes,  please expedite that.',1,1,1,'2018-06-28 22:00:42','2018-06-28 19:00:42'),
 (187,425,254723982901,54,'A',1,1,1,'2018-06-28 22:17:06','2018-06-28 19:17:06'),
 (188,425,254723982901,54,'very likely',1,1,1,'2018-06-28 22:19:31','2018-06-28 19:19:31'),
 (189,425,254723982901,54,'10',1,1,1,'2018-06-28 22:20:51','2018-06-28 19:20:51'),
 (190,425,254723982901,54,'no',1,1,1,'2018-06-28 22:21:18','2018-06-28 19:21:18'),
 (191,425,254725500719,54,'A',1,1,1,'2018-06-28 22:45:50','2018-06-28 19:45:50'),
 (192,425,254725500719,54,'0',1,1,1,'2018-06-28 22:46:32','2018-06-28 19:46:32'),
 (193,425,254725500719,54,'Process of calling takes too long thus alot of airtime wasted.',1,1,1,'2018-06-28 22:48:06','2018-06-28 19:48:06'),
 (194,425,254719755333,54,'0',1,1,1,'2018-06-28 23:11:43','2018-06-28 20:11:43'),
 (195,425,254719755333,54,'Your mobile banking system is wanting.',1,1,1,'2018-06-28 23:12:13','2018-06-28 20:12:13'),
 (196,425,254727783147,54,'Yes',1,1,1,'2018-06-29 05:22:12','2018-06-29 02:22:12'),
 (197,425,254727783147,54,'A',1,1,1,'2018-06-29 05:23:15','2018-06-29 02:23:15'),
 (198,425,254727783147,54,'A',1,1,1,'2018-06-29 05:32:01','2018-06-29 02:32:01'),
 (199,425,254726116780,54,'Surely your ratibg',1,1,1,'2018-06-29 07:45:42','2018-06-29 04:45:42'),
 (200,425,254726116780,54,'Surely your rating should be 0 = not likely and 10 = very LIKELY. At the moment it reads \'very UNLIKELY\'',1,1,1,'2018-06-29 07:48:48','2018-06-29 04:48:48'),
 (201,425,254723483803,54,'0',1,1,1,'2018-06-29 08:02:50','2018-06-29 05:02:50'),
 (202,425,254723483803,54,'Why do you involve auctioneers to harras your customers who have defaulted in less than 30 days.don\'t you think this is unlawfull?.can you create a fair debt collection team.a customer who is committed should not be harrassed.',1,1,1,'2018-06-29 08:06:53','2018-06-29 05:06:53'),
 (203,425,254722989543,54,'B',1,1,1,'2018-06-29 09:20:23','2018-06-29 06:20:23'),
 (204,425,254723765480,2,'ATD/17736',1,1,1,'2018-06-29 09:54:02','2018-06-29 06:54:02'),
 (205,425,254791708537,2,'A?',1,1,1,'2018-06-29 12:30:25','2018-06-29 09:30:25'),
 (206,425,254791708537,2,'A?',1,1,1,'2018-06-29 12:31:38','2018-06-29 09:31:38'),
 (207,425,254726029820,2,'Atd/1699',1,1,1,'2018-06-29 14:47:37','2018-06-29 11:47:37'),
 (208,425,254713442004,2,'Nac/300704',1,1,1,'2018-06-29 16:33:49','2018-06-29 13:33:49'),
 (209,425,254722454779,55,'A',1,1,1,'2018-06-29 17:45:37','2018-06-29 14:45:37'),
 (210,425,254726509445,55,'B',1,1,1,'2018-06-29 17:45:40','2018-06-29 14:45:40'),
 (211,425,254740924994,55,'B',1,1,1,'2018-06-29 17:45:40','2018-06-29 14:45:40'),
 (212,425,254722739129,55,'A',1,1,1,'2018-06-29 17:45:40','2018-06-29 14:45:40'),
 (213,425,254799342018,55,'B',1,1,1,'2018-06-29 17:45:45','2018-06-29 14:45:45'),
 (214,425,254706316696,55,'A',1,1,1,'2018-06-29 17:45:47','2018-06-29 14:45:47'),
 (215,425,254722702426,55,'B',1,1,1,'2018-06-29 17:45:48','2018-06-29 14:45:48'),
 (216,425,254722218980,55,'A',1,1,1,'2018-06-29 17:45:48','2018-06-29 14:45:48'),
 (217,425,254722739129,55,'10',1,1,1,'2018-06-29 17:45:55','2018-06-29 14:45:55'),
 (218,425,254724744599,55,'B',1,1,1,'2018-06-29 17:45:59','2018-06-29 14:45:59'),
 (219,425,254722998952,55,'A',1,1,1,'2018-06-29 17:46:00','2018-06-29 14:46:00'),
 (220,425,254722334467,55,'A',1,1,1,'2018-06-29 17:46:01','2018-06-29 14:46:01'),
 (221,425,254728504087,55,'A',1,1,1,'2018-06-29 17:46:01','2018-06-29 14:46:01'),
 (222,425,254726974153,55,'A',1,1,1,'2018-06-29 17:46:05','2018-06-29 14:46:05'),
 (223,425,254722454779,55,'10',1,1,1,'2018-06-29 17:46:06','2018-06-29 14:46:06'),
 (224,425,254704589618,55,'A',1,1,1,'2018-06-29 17:46:09','2018-06-29 14:46:09'),
 (225,425,254725845142,55,'B',1,1,1,'2018-06-29 17:46:10','2018-06-29 14:46:10'),
 (226,425,254722218980,55,'8',1,1,1,'2018-06-29 17:46:10','2018-06-29 14:46:10'),
 (227,425,254791891878,2,'B',1,1,1,'2018-06-29 17:46:12','2018-06-29 14:46:12'),
 (228,425,254740924994,55,'8',1,1,1,'2018-06-29 17:46:18','2018-06-29 14:46:18'),
 (229,425,254722998952,55,'5',1,1,1,'2018-06-29 17:46:18','2018-06-29 14:46:18'),
 (230,425,254721658992,55,'A',1,1,1,'2018-06-29 17:46:20','2018-06-29 14:46:20'),
 (231,425,254721735369,55,'B',1,1,1,'2018-06-29 17:46:22','2018-06-29 14:46:22'),
 (232,425,254706316696,55,'10',1,1,1,'2018-06-29 17:46:24','2018-06-29 14:46:24'),
 (233,425,254724744599,55,'0',1,1,1,'2018-06-29 17:46:24','2018-06-29 14:46:24'),
 (234,425,254722998952,55,'No',1,1,1,'2018-06-29 17:46:31','2018-06-29 14:46:31'),
 (235,425,254717712487,55,'B',1,1,1,'2018-06-29 17:46:32','2018-06-29 14:46:32'),
 (236,425,254728504087,55,'10',1,1,1,'2018-06-29 17:46:32','2018-06-29 14:46:32'),
 (237,425,254722334467,55,'8',1,1,1,'2018-06-29 17:46:35','2018-06-29 14:46:35'),
 (238,425,254725845142,55,'0',1,1,1,'2018-06-29 17:46:35','2018-06-29 14:46:35'),
 (239,425,254799342018,55,'1',1,1,1,'2018-06-29 17:46:37','2018-06-29 14:46:37'),
 (240,425,254726974153,55,'10',1,1,1,'2018-06-29 17:46:38','2018-06-29 14:46:38'),
 (241,425,254722739129,55,'Very helpful staff',1,1,1,'2018-06-29 17:46:38','2018-06-29 14:46:38'),
 (242,425,254740924994,55,'Yes please call back to finalize the call',1,1,1,'2018-06-29 17:46:53','2018-06-29 14:46:53'),
 (243,425,254721930627,55,'A',1,1,1,'2018-06-29 17:46:55','2018-06-29 14:46:55'),
 (244,425,254728504087,55,'NO',1,1,1,'2018-06-29 17:46:57','2018-06-29 14:46:57'),
 (245,425,254725845142,55,'No',1,1,1,'2018-06-29 17:47:00','2018-06-29 14:47:00'),
 (246,425,254704589618,55,'8',1,1,1,'2018-06-29 17:47:00','2018-06-29 14:47:00'),
 (247,425,254722218980,55,'Keep it up you are a market leader',1,1,1,'2018-06-29 17:47:06','2018-06-29 14:47:06'),
 (248,425,254722844134,55,'B',1,1,1,'2018-06-29 17:47:10','2018-06-29 14:47:10'),
 (249,425,254727318277,55,'No',1,1,1,'2018-06-29 17:47:19','2018-06-29 14:47:19'),
 (250,425,254721658992,55,'10',1,1,1,'2018-06-29 17:47:21','2018-06-29 14:47:21'),
 (251,425,254722827174,55,'A',1,1,1,'2018-06-29 17:47:23','2018-06-29 14:47:23'),
 (252,425,254722454779,55,'Continue with your good work',1,1,1,'2018-06-29 17:47:28','2018-06-29 14:47:28'),
 (253,425,254722218980,55,'Karibu',1,1,1,'2018-06-29 17:47:31','2018-06-29 14:47:31'),
 (254,425,254722430836,55,'B',1,1,1,'2018-06-29 17:47:39','2018-06-29 14:47:39'),
 (255,425,254722827174,55,'6',1,1,1,'2018-06-29 17:47:50','2018-06-29 14:47:50'),
 (256,425,254722844134,55,'2',1,1,1,'2018-06-29 17:47:58','2018-06-29 14:47:58'),
 (257,425,254799342018,55,'Whoever I tried reaching wouldn\'t pick my calls',1,1,1,'2018-06-29 17:48:00','2018-06-29 14:48:00'),
 (258,425,254722951217,55,'A',1,1,1,'2018-06-29 17:48:24','2018-06-29 14:48:24'),
 (259,425,254722827174,55,'Response was very fast',1,1,1,'2018-06-29 17:48:24','2018-06-29 14:48:24'),
 (260,425,254723313237,55,'A',1,1,1,'2018-06-29 17:48:26','2018-06-29 14:48:26'),
 (261,425,254721658992,55,'Keep up good customer service',1,1,1,'2018-06-29 17:48:29','2018-06-29 14:48:29'),
 (262,425,254723313237,55,'10',1,1,1,'2018-06-29 17:48:53','2018-06-29 14:48:53'),
 (263,425,254722920300,55,'A',1,1,1,'2018-06-29 17:48:56','2018-06-29 14:48:56'),
 (264,425,254720908911,55,'A',1,1,1,'2018-06-29 17:49:00','2018-06-29 14:49:00'),
 (265,425,254722920300,55,'7',1,1,1,'2018-06-29 17:49:09','2018-06-29 14:49:09'),
 (266,425,254722920300,55,'Pesa link sms are disappointing',1,1,1,'2018-06-29 17:49:52','2018-06-29 14:49:52'),
 (267,425,254724719484,55,'B',1,1,1,'2018-06-29 17:50:25','2018-06-29 14:50:25'),
 (268,425,254791263799,55,'Yes..though I wanted to deposit some amount to be able to access my account.',1,1,1,'2018-06-29 17:50:33','2018-06-29 14:50:33'),
 (269,425,254700587111,55,'No',1,1,1,'2018-06-29 17:50:43','2018-06-29 14:50:43'),
 (270,425,254722951217,55,'10',1,1,1,'2018-06-29 17:50:59','2018-06-29 14:50:59'),
 (271,425,254700587111,55,'B',1,1,1,'2018-06-29 17:51:03','2018-06-29 14:51:03'),
 (272,425,254791263799,55,'A.yes',1,1,1,'2018-06-29 17:51:10','2018-06-29 14:51:10'),
 (273,425,254723013455,55,'A',1,1,1,'2018-06-29 17:51:27','2018-06-29 14:51:27'),
 (274,425,254746373522,55,'B',1,1,1,'2018-06-29 17:51:31','2018-06-29 14:51:31'),
 (275,425,254700587111,55,'2',1,1,1,'2018-06-29 17:51:34','2018-06-29 14:51:34'),
 (276,425,254723013455,55,'10',1,1,1,'2018-06-29 17:51:41','2018-06-29 14:51:41'),
 (277,425,254721746589,55,'A',1,1,1,'2018-06-29 17:51:48','2018-06-29 14:51:48'),
 (278,425,254723013455,55,'None',1,1,1,'2018-06-29 17:51:55','2018-06-29 14:51:55'),
 (279,425,254700587111,55,'Poor communication by my Branch staff.',1,1,1,'2018-06-29 17:52:11','2018-06-29 14:52:11'),
 (280,425,254722677119,55,'The issue at hand was handled professionally. I am very happy with yr services considering the fact that as a customer i speak 2 different officers every time i call. Keep it up',1,1,1,'2018-06-29 17:52:38','2018-06-29 14:52:38'),
 (281,425,254720811086,55,'A',1,1,1,'2018-06-29 17:52:39','2018-06-29 14:52:39'),
 (282,425,254722302823,55,'A',1,1,1,'2018-06-29 17:52:44','2018-06-29 14:52:44'),
 (283,425,254722302823,55,'5',1,1,1,'2018-06-29 17:53:13','2018-06-29 14:53:13'),
 (284,425,254720811086,55,'8',1,1,1,'2018-06-29 17:53:23','2018-06-29 14:53:23'),
 (285,425,254736981990,55,'A',1,1,1,'2018-06-29 17:53:38','2018-06-29 14:53:38'),
 (286,425,254722951217,55,'I am fully satisfied with NIC BANK.',1,1,1,'2018-06-29 17:54:06','2018-06-29 14:54:06'),
 (287,425,254722677119,55,'A',1,1,1,'2018-06-29 17:54:09','2018-06-29 14:54:09'),
 (288,425,254720479714,2,'A',1,1,1,'2018-06-29 17:54:15','2018-06-29 14:54:15'),
 (289,425,254701332211,55,'B',1,1,1,'2018-06-29 17:54:19','2018-06-29 14:54:19'),
 (290,425,254721384704,55,'A',1,1,1,'2018-06-29 17:54:43','2018-06-29 14:54:43'),
 (291,425,254721931655,55,'A',1,1,1,'2018-06-29 17:54:52','2018-06-29 14:54:52'),
 (292,425,254701332211,55,'0',1,1,1,'2018-06-29 17:55:02','2018-06-29 14:55:02'),
 (293,425,254727047948,55,'B',1,1,1,'2018-06-29 17:55:05','2018-06-29 14:55:05'),
 (294,425,254701332211,55,'Get your act right',1,1,1,'2018-06-29 17:55:26','2018-06-29 14:55:26'),
 (295,425,254727047948,55,'0',1,1,1,'2018-06-29 17:55:47','2018-06-29 14:55:47'),
 (296,425,254722334467,55,'Yes',1,1,1,'2018-06-29 17:56:12','2018-06-29 14:56:12'),
 (297,425,254721384704,55,'10',1,1,1,'2018-06-29 17:56:41','2018-06-29 14:56:41'),
 (298,425,254720285181,55,'A',1,1,1,'2018-06-29 17:56:44','2018-06-29 14:56:44'),
 (299,425,254722840467,55,'A most certainly',1,1,1,'2018-06-29 17:56:47','2018-06-29 14:56:47'),
 (300,425,254722302823,55,'I was totally disappointed when you returned a cheque and yet there were uncleared balances which were to be made available within hours.This is despite me operating my account for 5yrs now.It was the worst experience ever.It would be good to know your customers better rather than blanket treatment.',1,1,1,'2018-06-29 17:56:51','2018-06-29 14:56:51'),
 (301,425,254721746589,55,'10',1,1,1,'2018-06-29 17:57:15','2018-06-29 14:57:15'),
 (302,425,254720285181,55,'10',1,1,1,'2018-06-29 17:57:25','2018-06-29 14:57:25'),
 (303,425,254722480647,55,'B',1,1,1,'2018-06-29 17:57:51','2018-06-29 14:57:51'),
 (304,425,254727047948,55,'The lady promised to call back she never did',1,1,1,'2018-06-29 17:58:04','2018-06-29 14:58:04'),
 (305,425,254722480647,55,'6',1,1,1,'2018-06-29 17:58:16','2018-06-29 14:58:16'),
 (306,425,254729685006,55,'A',1,1,1,'2018-06-29 17:58:44','2018-06-29 14:58:44'),
 (307,425,254722793522,55,'A',1,1,1,'2018-06-29 17:58:45','2018-06-29 14:58:45'),
 (308,425,254722840467,55,'A',1,1,1,'2018-06-29 17:59:05','2018-06-29 14:59:05'),
 (309,425,254722480647,55,'Non',1,1,1,'2018-06-29 17:59:26','2018-06-29 14:59:26'),
 (310,425,254729685006,55,'10',1,1,1,'2018-06-29 17:59:31','2018-06-29 14:59:31'),
 (311,425,254706539681,55,'B.No',1,1,1,'2018-06-29 17:59:40','2018-06-29 14:59:40'),
 (312,425,254716889054,2,'B',1,1,1,'2018-06-29 17:59:47','2018-06-29 14:59:47'),
 (313,425,254724096228,55,'A',1,1,1,'2018-06-29 17:59:59','2018-06-29 14:59:59'),
 (314,425,254706539681,55,'B',1,1,1,'2018-06-29 18:00:20','2018-06-29 15:00:20'),
 (315,425,254722212958,55,'B',1,1,1,'2018-06-29 18:00:38','2018-06-29 15:00:38'),
 (316,425,254719740330,55,'S',1,1,1,'2018-06-29 18:01:53','2018-06-29 15:01:53'),
 (317,425,254719740330,55,'A',1,1,1,'2018-06-29 18:02:19','2018-06-29 15:02:19'),
 (318,425,254722917073,55,'B',1,1,1,'2018-06-29 18:02:54','2018-06-29 15:02:54'),
 (319,425,254722839289,55,'A',1,1,1,'2018-06-29 18:03:27','2018-06-29 15:03:27'),
 (320,425,254724723844,55,'A',1,1,1,'2018-06-29 18:03:30','2018-06-29 15:03:30'),
 (321,425,254722917073,55,'2',1,1,1,'2018-06-29 18:03:39','2018-06-29 15:03:39'),
 (322,425,254722917073,55,'No',1,1,1,'2018-06-29 18:03:59','2018-06-29 15:03:59'),
 (323,425,254736981990,55,'10',1,1,1,'2018-06-29 18:04:15','2018-06-29 15:04:15'),
 (324,425,254737911300,55,'B.',1,1,1,'2018-06-29 18:07:11','2018-06-29 15:07:11'),
 (325,425,254736981990,55,'No',1,1,1,'2018-06-29 18:07:34','2018-06-29 15:07:34'),
 (326,425,254723443040,55,'A',1,1,1,'2018-06-29 18:08:21','2018-06-29 15:08:21'),
 (327,425,254708722409,55,'B',1,1,1,'2018-06-29 18:10:03','2018-06-29 15:10:03'),
 (328,425,254708722409,55,'3',1,1,1,'2018-06-29 18:11:15','2018-06-29 15:11:15'),
 (329,425,254722631308,55,'A',1,1,1,'2018-06-29 18:11:56','2018-06-29 15:11:56'),
 (330,425,254720236972,2,'A',1,1,1,'2018-06-29 18:11:59','2018-06-29 15:11:59'),
 (331,425,254701272800,55,'A',1,1,1,'2018-06-29 18:12:00','2018-06-29 15:12:00'),
 (332,425,254722631308,55,'8',1,1,1,'2018-06-29 18:12:27','2018-06-29 15:12:27'),
 (333,425,254708722409,55,'Your staff doesn\'t know the locality. Wanted the location of NIC Diani from ukunda., said they don\'t know.',1,1,1,'2018-06-29 18:12:45','2018-06-29 15:12:45'),
 (334,425,254722631308,55,'No',1,1,1,'2018-06-29 18:12:52','2018-06-29 15:12:52'),
 (335,425,254708722409,55,'Thanks',1,1,1,'2018-06-29 18:13:01','2018-06-29 15:13:01'),
 (336,425,254708722409,55,'Ok',1,1,1,'2018-06-29 18:13:11','2018-06-29 15:13:11'),
 (337,425,254711123606,55,'B',1,1,1,'2018-06-29 18:13:22','2018-06-29 15:13:22'),
 (338,425,254720346150,55,'B',1,1,1,'2018-06-29 18:13:42','2018-06-29 15:13:42'),
 (339,425,254720811086,55,'NIC is a good bank but please improve on lending',1,1,1,'2018-06-29 18:14:17','2018-06-29 15:14:17'),
 (340,425,254720346150,55,'2',1,1,1,'2018-06-29 18:14:27','2018-06-29 15:14:27'),
 (341,425,254720811086,55,'Welcome',1,1,1,'2018-06-29 18:14:53','2018-06-29 15:14:53'),
 (342,425,254737911300,55,'B',1,1,1,'2018-06-29 18:15:08','2018-06-29 15:15:08'),
 (343,425,254720346150,55,'Nic banassurance very innefficient',1,1,1,'2018-06-29 18:15:37','2018-06-29 15:15:37'),
 (344,425,254720811086,55,'Yes',1,1,1,'2018-06-29 18:16:06','2018-06-29 15:16:06'),
 (345,425,254722334467,55,'NIC online banking is great but it\'s expensive, I suggest it\'s made free to attract more users which in turn would reduce queues at the banking hall',1,1,1,'2018-06-29 18:16:13','2018-06-29 15:16:13'),
 (346,425,254712361215,55,'A',1,1,1,'2018-06-29 18:22:57','2018-06-29 15:22:57'),
 (347,425,254712361215,55,'8',1,1,1,'2018-06-29 18:23:15','2018-06-29 15:23:15'),
 (348,425,254722677119,55,'10',1,1,1,'2018-06-29 18:29:01','2018-06-29 15:29:01'),
 (349,425,254722677119,55,'No.',1,1,1,'2018-06-29 18:30:03','2018-06-29 15:30:03'),
 (350,425,254713960246,55,'A',1,1,1,'2018-06-29 18:30:52','2018-06-29 15:30:52'),
 (351,425,254713960246,55,'A',1,1,1,'2018-06-29 18:31:00','2018-06-29 15:31:00'),
 (352,425,254737911300,55,'B.',1,1,1,'2018-06-29 18:33:07','2018-06-29 15:33:07'),
 (353,425,254746373522,55,'10',1,1,1,'2018-06-29 18:36:34','2018-06-29 15:36:34'),
 (354,425,254746373522,55,'No.i would like to know how you work out with NIC bank',1,1,1,'2018-06-29 18:39:00','2018-06-29 15:39:00'),
 (355,425,254746373522,55,'I would like to join NIC bank',1,1,1,'2018-06-29 18:41:03','2018-06-29 15:41:03'),
 (356,425,254746373522,55,'Okey',1,1,1,'2018-06-29 18:41:41','2018-06-29 15:41:41'),
 (357,425,254701272800,55,'9',1,1,1,'2018-06-29 18:42:19','2018-06-29 15:42:19'),
 (358,425,254701272800,55,'I was not put on hold for such a long time and am grateful for that.',1,1,1,'2018-06-29 18:43:31','2018-06-29 15:43:31'),
 (359,425,254720723335,55,'A.Yes',1,1,1,'2018-06-29 18:46:53','2018-06-29 15:46:53'),
 (360,425,254720723335,55,'A',1,1,1,'2018-06-29 18:47:08','2018-06-29 15:47:08'),
 (361,425,254712361215,55,'Service is great overall. Good online and mobile platform with excellent uptime.',1,1,1,'2018-06-29 19:04:32','2018-06-29 16:04:32'),
 (362,425,254726348519,55,'A',1,1,1,'2018-06-29 19:33:26','2018-06-29 16:33:26'),
 (363,425,254726348519,55,'9',1,1,1,'2018-06-29 19:33:59','2018-06-29 16:33:59'),
 (364,425,254726236519,55,'B',1,1,1,'2018-06-29 19:45:53','2018-06-29 16:45:53'),
 (365,425,254722654346,2,'AUTO#30#8',1,1,1,'2018-06-29 20:06:54','2018-06-29 17:06:54'),
 (366,425,254722841451,2,'ISP/5248',1,1,1,'2018-06-29 20:15:22','2018-06-29 17:15:22'),
 (367,425,254723430480,55,'A',1,1,1,'2018-06-29 20:24:04','2018-06-29 17:24:04'),
 (368,425,254724980191,55,'Yes.',1,1,1,'2018-06-29 20:59:50','2018-06-29 17:59:50'),
 (369,425,254724980191,55,'A for yes.',1,1,1,'2018-06-29 21:00:21','2018-06-29 18:00:21'),
 (370,425,254712213704,2,'KASNEB /ISP/7072',1,1,1,'2018-06-29 21:10:57','2018-06-29 18:10:57'),
 (371,425,254727534348,55,'B',1,1,1,'2018-06-29 21:17:23','2018-06-29 18:17:23'),
 (372,425,254727534348,55,'2',1,1,1,'2018-06-29 21:18:09','2018-06-29 18:18:09'),
 (373,425,254722766799,55,'A',1,1,1,'2018-06-29 21:26:06','2018-06-29 18:26:06'),
 (374,425,254722766799,55,'10',1,1,1,'2018-06-29 21:26:18','2018-06-29 18:26:18'),
 (375,425,254722766799,55,'Competent, professional, very good customer response',1,1,1,'2018-06-29 21:27:20','2018-06-29 18:27:20'),
 (376,425,254723444763,55,'A',1,1,1,'2018-06-29 21:49:12','2018-06-29 18:49:12'),
 (377,425,254723444763,55,'10',1,1,1,'2018-06-29 21:49:40','2018-06-29 18:49:40'),
 (378,425,254723374413,2,'NAC/269811',1,1,1,'2018-06-29 22:27:03','2018-06-29 19:27:03'),
 (379,425,254795412889,2,'NAC/279611',1,1,1,'2018-06-29 23:00:34','2018-06-29 20:00:34'),
 (380,425,254701969655,55,'A',1,1,1,'2018-06-29 23:11:36','2018-06-29 20:11:36'),
 (381,425,254721282829,55,'A',1,1,1,'2018-06-30 06:45:18','2018-06-30 03:45:18'),
 (382,425,254721282829,55,'10',1,1,1,'2018-06-30 06:45:37','2018-06-30 03:45:37'),
 (383,425,254721282829,55,'No',1,1,1,'2018-06-30 06:45:51','2018-06-30 03:45:51'),
 (384,425,254723968341,2,'A',1,1,1,'2018-06-30 07:32:02','2018-06-30 04:32:02'),
 (385,425,254707286687,2,'',1,1,1,'2018-06-30 07:38:13','2018-06-30 04:38:13'),
 (386,425,254704029036,2,'Atd/9185',1,1,1,'2018-06-30 08:32:08','2018-06-30 05:32:08'),
 (387,425,254713156668,55,'B',1,1,1,'2018-06-30 09:01:17','2018-06-30 06:01:17'),
 (388,425,254713156668,55,'7',1,1,1,'2018-06-30 09:03:02','2018-06-30 06:03:02'),
 (389,425,254713156668,55,'Itm.',1,1,1,'2018-06-30 09:04:37','2018-06-30 06:04:37'),
 (390,425,254722233381,55,'A',1,1,1,'2018-06-30 10:29:04','2018-06-30 07:29:04'),
 (391,425,254710586949,2,'Nac/85654',1,1,1,'2018-06-30 11:04:51','2018-06-30 08:04:51'),
 (392,425,254701969655,55,'10',1,1,1,'2018-06-30 11:25:40','2018-06-30 08:25:40'),
 (393,425,254701969655,55,'Still new, but am already enjoying the new experience.',1,1,1,'2018-06-30 11:26:16','2018-06-30 08:26:16'),
 (394,425,254701969655,55,'Welcome.',1,1,1,'2018-06-30 11:26:33','2018-06-30 08:26:33'),
 (395,425,254727314964,2,'ATD/10276',1,1,1,'2018-06-30 13:56:55','2018-06-30 10:56:55'),
 (396,425,254724574350,55,'B',1,1,1,'2018-06-30 15:26:17','2018-06-30 12:26:17'),
 (397,425,254724574350,55,'10',1,1,1,'2018-06-30 15:31:25','2018-06-30 12:31:25'),
 (398,425,254799262095,2,'NAC/295704',1,1,1,'2018-06-30 16:13:26','2018-06-30 13:13:26'),
 (399,425,254723057027,54,'A',1,1,1,'2018-06-30 19:51:49','2018-06-30 16:51:49'),
 (400,425,254723057027,54,'10',1,1,1,'2018-06-30 19:52:22','2018-06-30 16:52:22'),
 (401,425,254723057027,54,'Definitely your best bank',1,1,1,'2018-06-30 19:53:26','2018-06-30 16:53:26'),
 (402,425,254704382582,2,'G',1,1,1,'2018-06-30 20:26:04','2018-06-30 17:26:04'),
 (403,425,254704382582,2,'G',1,1,1,'2018-06-30 20:26:27','2018-06-30 17:26:27'),
 (404,425,254746864620,2,'AUTO#20#8',1,1,1,'2018-06-30 23:11:04','2018-06-30 20:11:04'),
 (405,425,254715145059,2,'ATD/1543',1,1,1,'2018-07-01 09:53:33','2018-07-01 06:53:33'),
 (406,425,254712957702,2,'ATD/6572',1,1,1,'2018-07-01 15:03:22','2018-07-01 12:03:22'),
 (407,425,254715942589,2,'NSC/246615',1,1,1,'2018-07-01 18:04:14','2018-07-01 15:04:14'),
 (408,425,254722928752,2,'NAC/70092',1,1,1,'2018-07-01 20:45:11','2018-07-01 17:45:11'),
 (409,425,254718295811,2,'NAC/275033',1,1,1,'2018-07-02 03:47:58','2018-07-02 00:47:58'),
 (410,425,254712784200,2,'NSC236917',1,1,1,'2018-07-02 06:03:06','2018-07-02 03:03:06'),
 (411,425,254720162488,2,'ATD 253',1,1,1,'2018-07-02 08:47:11','2018-07-02 05:47:11'),
 (412,425,254720162488,2,'result may 2018 ATD/253',1,1,1,'2018-07-02 09:01:42','2018-07-02 06:01:42'),
 (413,425,254700030160,2,'ATD/11787',1,1,1,'2018-07-02 11:23:22','2018-07-02 08:23:22'),
 (414,425,254715145059,2,'ATD/1543',1,1,1,'2018-07-02 11:32:43','2018-07-02 08:32:43'),
 (415,425,254737911300,55,'0',1,1,1,'2018-07-02 12:07:08','2018-07-02 09:07:08'),
 (416,425,254737911300,55,'Your phone line kept droppeing before I was able to speak to someone at customer care. Only managed to get through today.',1,1,1,'2018-07-02 12:08:21','2018-07-02 09:08:21'),
 (417,425,254713442004,2,'Nac/300704',1,1,1,'2018-07-02 12:14:32','2018-07-02 09:14:32'),
 (418,425,254721992408,2,'ATD/7806',1,1,1,'2018-07-02 12:47:04','2018-07-02 09:47:04'),
 (419,425,254721992408,2,'ATD/7806',1,1,1,'2018-07-02 12:50:29','2018-07-02 09:50:29'),
 (420,425,254727989782,2,'Nac/246475',1,1,1,'2018-07-02 13:37:51','2018-07-02 10:37:51'),
 (421,425,254728493719,2,'NCA/937',1,1,1,'2018-07-02 14:04:15','2018-07-02 11:04:15'),
 (422,425,254710619238,2,'NAC/277781',1,1,1,'2018-07-02 14:07:05','2018-07-02 11:07:05'),
 (423,425,254700657735,2,'Atd/7184',1,1,1,'2018-07-02 14:20:09','2018-07-02 11:20:09'),
 (424,425,254719577253,2,'NAC/290058',1,1,1,'2018-07-02 14:47:21','2018-07-02 11:47:21'),
 (425,425,254713685017,2,'ATD/16274',1,1,1,'2018-07-02 15:10:42','2018-07-02 12:10:42'),
 (426,425,254722928752,2,'NAC/70092',1,1,1,'2018-07-02 15:19:44','2018-07-02 12:19:44'),
 (427,425,254791668870,2,'ATD/636',1,1,1,'2018-07-02 15:58:20','2018-07-02 12:58:20'),
 (428,425,254791668870,2,'ATD/636',1,1,1,'2018-07-02 15:59:31','2018-07-02 12:59:31'),
 (429,425,254790588712,2,'Mxico',1,1,1,'2018-07-02 16:02:01','2018-07-02 13:02:01'),
 (430,425,254700037423,2,'ATD/7888',1,1,1,'2018-07-02 16:08:16','2018-07-02 13:08:16'),
 (431,425,254790588712,2,'Mxico',1,1,1,'2018-07-02 16:18:51','2018-07-02 13:18:51'),
 (432,425,254700480739,56,'B',1,1,1,'2018-07-02 17:57:14','2018-07-02 14:57:14'),
 (433,425,254722411197,56,'A',1,1,1,'2018-07-02 17:57:14','2018-07-02 14:57:14'),
 (434,425,254725155408,56,'A',1,1,1,'2018-07-02 17:57:23','2018-07-02 14:57:23'),
 (435,425,254707739092,56,'A',1,1,1,'2018-07-02 17:57:24','2018-07-02 14:57:24'),
 (436,425,254722785435,56,'No',1,1,1,'2018-07-02 17:57:35','2018-07-02 14:57:35'),
 (437,425,254722995085,56,'A',1,1,1,'2018-07-02 17:57:36','2018-07-02 14:57:36'),
 (438,425,254703421203,56,'A',1,1,1,'2018-07-02 17:57:36','2018-07-02 14:57:36'),
 (439,425,254724667823,56,'A',1,1,1,'2018-07-02 17:57:38','2018-07-02 14:57:38'),
 (440,425,254722785435,56,'B',1,1,1,'2018-07-02 17:57:40','2018-07-02 14:57:40'),
 (441,425,254710616092,56,'B',1,1,1,'2018-07-02 17:57:41','2018-07-02 14:57:41'),
 (442,425,254797164071,56,'A',1,1,1,'2018-07-02 17:57:43','2018-07-02 14:57:43'),
 (443,425,254711154298,56,'B',1,1,1,'2018-07-02 17:57:44','2018-07-02 14:57:44'),
 (444,425,254722834234,56,'B',1,1,1,'2018-07-02 17:57:44','2018-07-02 14:57:44'),
 (445,425,254717489985,56,'A',1,1,1,'2018-07-02 17:57:45','2018-07-02 14:57:45'),
 (446,425,254727878698,56,'B',1,1,1,'2018-07-02 17:57:48','2018-07-02 14:57:48'),
 (447,425,254702090799,56,'No',1,1,1,'2018-07-02 17:57:48','2018-07-02 14:57:48'),
 (448,425,254722995085,56,'9',1,1,1,'2018-07-02 17:57:50','2018-07-02 14:57:50'),
 (449,425,254726114586,56,'A',1,1,1,'2018-07-02 17:57:51','2018-07-02 14:57:51'),
 (450,425,254718308421,56,'B',1,1,1,'2018-07-02 17:57:51','2018-07-02 14:57:51'),
 (451,425,254723573609,56,'A',1,1,1,'2018-07-02 17:57:52','2018-07-02 14:57:52'),
 (452,425,254707739092,56,'10',1,1,1,'2018-07-02 17:57:52','2018-07-02 14:57:52'),
 (453,425,254725155408,56,'8',1,1,1,'2018-07-02 17:57:53','2018-07-02 14:57:53'),
 (454,425,254721988280,56,'B',1,1,1,'2018-07-02 17:57:54','2018-07-02 14:57:54'),
 (455,425,254723952658,56,'A',1,1,1,'2018-07-02 17:57:55','2018-07-02 14:57:55'),
 (456,425,254722785758,56,' No',1,1,1,'2018-07-02 17:57:58','2018-07-02 14:57:58'),
 (457,425,254700124780,56,'B',1,1,1,'2018-07-02 17:57:58','2018-07-02 14:57:58'),
 (458,425,254711387623,56,'B',1,1,1,'2018-07-02 17:57:59','2018-07-02 14:57:59'),
 (459,425,254710616092,56,'0',1,1,1,'2018-07-02 17:57:59','2018-07-02 14:57:59'),
 (460,425,254720305378,56,'A',1,1,1,'2018-07-02 17:58:03','2018-07-02 14:58:03'),
 (461,425,254702090799,56,'B',1,1,1,'2018-07-02 17:58:05','2018-07-02 14:58:05'),
 (462,425,254722836331,56,'A',1,1,1,'2018-07-02 17:58:06','2018-07-02 14:58:06'),
 (463,425,254720177225,56,'a',1,1,1,'2018-07-02 17:58:07','2018-07-02 14:58:07'),
 (464,425,254703421203,56,'10',1,1,1,'2018-07-02 17:58:08','2018-07-02 14:58:08'),
 (465,425,254722770579,56,'B',1,1,1,'2018-07-02 17:58:11','2018-07-02 14:58:11'),
 (466,425,254725155408,56,'No',1,1,1,'2018-07-02 17:58:13','2018-07-02 14:58:13'),
 (467,425,254725504215,56,'A',1,1,1,'2018-07-02 17:58:13','2018-07-02 14:58:13'),
 (468,425,254707739092,56,'at the moment no',1,1,1,'2018-07-02 17:58:19','2018-07-02 14:58:19'),
 (469,425,254700124780,56,'7',1,1,1,'2018-07-02 17:58:20','2018-07-02 14:58:20'),
 (470,425,254723573609,56,'8',1,1,1,'2018-07-02 17:58:20','2018-07-02 14:58:20'),
 (471,425,254711154298,56,'1',1,1,1,'2018-07-02 17:58:22','2018-07-02 14:58:22'),
 (472,425,254722175372,56,'A',1,1,1,'2018-07-02 17:58:23','2018-07-02 14:58:23'),
 (473,425,254703143494,56,'B',1,1,1,'2018-07-02 17:58:25','2018-07-02 14:58:25'),
 (474,425,254726114586,56,'7',1,1,1,'2018-07-02 17:58:26','2018-07-02 14:58:26'),
 (475,425,254703421203,56,'Thanks',1,1,1,'2018-07-02 17:58:28','2018-07-02 14:58:28'),
 (476,425,254724667823,56,'8',1,1,1,'2018-07-02 17:58:28','2018-07-02 14:58:28'),
 (477,425,254710153222,56,'1\n',1,1,1,'2018-07-02 17:58:35','2018-07-02 14:58:35'),
 (478,425,254728864201,56,'B',1,1,1,'2018-07-02 17:58:37','2018-07-02 14:58:37'),
 (479,425,254722834234,56,'0',1,1,1,'2018-07-02 17:58:38','2018-07-02 14:58:38'),
 (480,425,254707739092,56,'Thank you so much too',1,1,1,'2018-07-02 17:58:38','2018-07-02 14:58:38'),
 (481,425,254721768511,56,'B',1,1,1,'2018-07-02 17:58:40','2018-07-02 14:58:40'),
 (482,425,254720177225,56,'10',1,1,1,'2018-07-02 17:58:49','2018-07-02 14:58:49'),
 (483,425,254722722559,56,' A',1,1,1,'2018-07-02 17:58:56','2018-07-02 14:58:56'),
 (484,425,254710153222,56,'A',1,1,1,'2018-07-02 17:59:00','2018-07-02 14:59:00'),
 (485,425,254723506523,56,'A',1,1,1,'2018-07-02 17:59:03','2018-07-02 14:59:03'),
 (486,425,254722834234,56,'Very bad',1,1,1,'2018-07-02 17:59:03','2018-07-02 14:59:03'),
 (487,425,254702090799,56,'0',1,1,1,'2018-07-02 17:59:06','2018-07-02 14:59:06'),
 (488,425,254721768511,56,'0',1,1,1,'2018-07-02 17:59:25','2018-07-02 14:59:25'),
 (489,425,254728864201,56,'5',1,1,1,'2018-07-02 17:59:30','2018-07-02 14:59:30'),
 (490,425,254721790882,56,'A',1,1,1,'2018-07-02 17:59:31','2018-07-02 14:59:31'),
 (491,425,254723330732,56,'B',1,1,1,'2018-07-02 17:59:34','2018-07-02 14:59:34'),
 (492,425,254711154298,56,'I called, no one answered and you know clearly your line isn\'t free. I wrote an email with clear information of my request...nothing positive so far',1,1,1,'2018-07-02 17:59:39','2018-07-02 14:59:39'),
 (493,425,254720632987,56,'A',1,1,1,'2018-07-02 17:59:40','2018-07-02 14:59:40'),
 (494,425,254720177225,56,'one life one bank',1,1,1,'2018-07-02 17:59:42','2018-07-02 14:59:42'),
 (495,425,254720934863,56,'A',1,1,1,'2018-07-02 17:59:44','2018-07-02 14:59:44'),
 (496,425,254722910149,56,'A',1,1,1,'2018-07-02 17:59:44','2018-07-02 14:59:44'),
 (497,425,254710153222,56,'10',1,1,1,'2018-07-02 17:59:46','2018-07-02 14:59:46'),
 (498,425,254722632548,56,'A',1,1,1,'2018-07-02 17:59:46','2018-07-02 14:59:46'),
 (499,425,254702090799,56,'Am still waiting for my reset password',1,1,1,'2018-07-02 17:59:52','2018-07-02 14:59:52'),
 (500,425,254710472821,56,'A',1,1,1,'2018-07-02 17:59:53','2018-07-02 14:59:53'),
 (501,425,254723330732,56,'0',1,1,1,'2018-07-02 17:59:54','2018-07-02 14:59:54'),
 (502,425,254706901115,56,'Yes',1,1,1,'2018-07-02 17:59:59','2018-07-02 14:59:59'),
 (503,425,254715585720,56,'A',1,1,1,'2018-07-02 18:00:12','2018-07-02 15:00:12'),
 (504,425,254710153222,56,'If I can top up my loan',1,1,1,'2018-07-02 18:00:24','2018-07-02 15:00:24'),
 (505,425,254706901115,56,'A',1,1,1,'2018-07-02 18:00:25','2018-07-02 15:00:25'),
 (506,425,254722632548,56,'Very likely',1,1,1,'2018-07-02 18:00:27','2018-07-02 15:00:27'),
 (507,425,254712385224,56,'A',1,1,1,'2018-07-02 18:00:42','2018-07-02 15:00:42'),
 (508,425,254722632548,56,'10',1,1,1,'2018-07-02 18:00:43','2018-07-02 15:00:43'),
 (509,425,254722548373,56,'A',1,1,1,'2018-07-02 18:00:51','2018-07-02 15:00:51'),
 (510,425,254706901115,56,'6',1,1,1,'2018-07-02 18:00:59','2018-07-02 15:00:59'),
 (511,425,254722548373,56,'10',1,1,1,'2018-07-02 18:01:19','2018-07-02 15:01:19'),
 (512,425,254710472821,56,'10',1,1,1,'2018-07-02 18:01:24','2018-07-02 15:01:24'),
 (513,425,254718850128,56,'A',1,1,1,'2018-07-02 18:01:30','2018-07-02 15:01:30'),
 (514,425,254722548373,56,'No',1,1,1,'2018-07-02 18:01:38','2018-07-02 15:01:38'),
 (515,425,254720934863,56,'9',1,1,1,'2018-07-02 18:01:45','2018-07-02 15:01:45'),
 (516,425,254720461197,56,'A',1,1,1,'2018-07-02 18:02:10','2018-07-02 15:02:10'),
 (517,425,254723585904,56,'B',1,1,1,'2018-07-02 18:02:10','2018-07-02 15:02:10'),
 (518,425,254718850128,56,'10',1,1,1,'2018-07-02 18:02:27','2018-07-02 15:02:27'),
 (519,425,254706901115,56,'I wanted to ask you about loan issue, wat is the procedure?',1,1,1,'2018-07-02 18:02:35','2018-07-02 15:02:35'),
 (520,425,254722157134,56,'A',1,1,1,'2018-07-02 18:02:52','2018-07-02 15:02:52'),
 (521,425,254721486436,56,'A',1,1,1,'2018-07-02 18:02:57','2018-07-02 15:02:57'),
 (522,425,254720264411,56,'A',1,1,1,'2018-07-02 18:03:09','2018-07-02 15:03:09'),
 (523,425,254722462186,56,'A',1,1,1,'2018-07-02 18:03:25','2018-07-02 15:03:25'),
 (524,425,254720415906,56,'A',1,1,1,'2018-07-02 18:03:38','2018-07-02 15:03:38'),
 (525,425,254723952658,56,'10',1,1,1,'2018-07-02 18:04:01','2018-07-02 15:04:01'),
 (526,425,254714502695,56,'A',1,1,1,'2018-07-02 18:04:11','2018-07-02 15:04:11'),
 (527,425,254724546219,56,'Yes',1,1,1,'2018-07-02 18:04:44','2018-07-02 15:04:44'),
 (528,425,254743144815,56,'A',1,1,1,'2018-07-02 18:04:58','2018-07-02 15:04:58'),
 (529,425,254725592708,56,'A',1,1,1,'2018-07-02 18:05:02','2018-07-02 15:05:02'),
 (530,425,254720728803,56,'A',1,1,1,'2018-07-02 18:05:19','2018-07-02 15:05:19'),
 (531,425,254715585720,56,'10',1,1,1,'2018-07-02 18:05:22','2018-07-02 15:05:22'),
 (532,425,254710472821,56,'My experience with the bank has always been good. Keep up the good work. Thanks',1,1,1,'2018-07-02 18:05:41','2018-07-02 15:05:41'),
 (533,425,254725592708,56,'10',1,1,1,'2018-07-02 18:05:48','2018-07-02 15:05:48'),
 (534,425,254720728803,56,'9',1,1,1,'2018-07-02 18:06:04','2018-07-02 15:06:04'),
 (535,425,254722995085,56,'Very rigid as a bank on loans to SMEs.',1,1,1,'2018-07-02 18:06:15','2018-07-02 15:06:15'),
 (536,425,254723585904,56,'O',1,1,1,'2018-07-02 18:06:20','2018-07-02 15:06:20'),
 (537,425,254727552650,56,'No',1,1,1,'2018-07-02 18:06:30','2018-07-02 15:06:30'),
 (538,425,254702072927,56,'A',1,1,1,'2018-07-02 18:06:36','2018-07-02 15:06:36'),
 (539,425,254720728803,56,'Keep it up,',1,1,1,'2018-07-02 18:06:54','2018-07-02 15:06:54'),
 (540,425,254702072927,56,'10',1,1,1,'2018-07-02 18:07:25','2018-07-02 15:07:25'),
 (541,425,254740031051,56,'A',1,1,1,'2018-07-02 18:08:33','2018-07-02 15:08:33'),
 (542,425,254702072927,56,'Ur just amazing ....quick response \nVery promising and satisfactory answers',1,1,1,'2018-07-02 18:09:00','2018-07-02 15:09:00'),
 (543,425,254740031051,56,'10',1,1,1,'2018-07-02 18:09:03','2018-07-02 15:09:03'),
 (544,425,254720415906,56,'9',1,1,1,'2018-07-02 18:09:24','2018-07-02 15:09:24'),
 (545,425,254725592708,56,'Keep up the good work',1,1,1,'2018-07-02 18:09:34','2018-07-02 15:09:34'),
 (546,425,254727979693,56,'B',1,1,1,'2018-07-02 18:09:52','2018-07-02 15:09:52'),
 (547,425,254727979693,56,'10',1,1,1,'2018-07-02 18:10:39','2018-07-02 15:10:39'),
 (548,425,254720313246,56,'B',1,1,1,'2018-07-02 18:10:50','2018-07-02 15:10:50'),
 (549,425,254720313246,56,'5',1,1,1,'2018-07-02 18:11:16','2018-07-02 15:11:16'),
 (550,425,254723585904,56,'2',1,1,1,'2018-07-02 18:12:48','2018-07-02 15:12:48'),
 (551,425,254720728803,56,'Welcome',1,1,1,'2018-07-02 18:13:05','2018-07-02 15:13:05'),
 (552,425,254727361402,56,'B',1,1,1,'2018-07-02 18:13:39','2018-07-02 15:13:39'),
 (553,425,254722910149,56,'10',1,1,1,'2018-07-02 18:14:05','2018-07-02 15:14:05'),
 (554,425,254722722559,56,'A',1,1,1,'2018-07-02 18:14:38','2018-07-02 15:14:38'),
 (555,425,254729451461,56,'A',1,1,1,'2018-07-02 18:15:07','2018-07-02 15:15:07'),
 (556,425,254729451461,56,'8',1,1,1,'2018-07-02 18:15:27','2018-07-02 15:15:27'),
 (557,425,254726553644,56,'A',1,1,1,'2018-07-02 18:15:36','2018-07-02 15:15:36'),
 (558,425,254710740481,56,'A',1,1,1,'2018-07-02 18:17:32','2018-07-02 15:17:32'),
 (559,425,254726553644,56,'STOP',1,1,1,'2018-07-02 18:17:46','2018-07-02 15:17:46'),
 (560,425,254727979693,56,'There should  be a n easier way of dealing with pin block',1,1,1,'2018-07-02 18:18:08','2018-07-02 15:18:08'),
 (561,425,254722722559,56,'8',1,1,1,'2018-07-02 18:18:54','2018-07-02 15:18:54'),
 (562,425,254726553644,56,'STOP',1,1,1,'2018-07-02 18:18:55','2018-07-02 15:18:55'),
 (563,425,254726553644,56,'2',1,1,1,'2018-07-02 18:20:30','2018-07-02 15:20:30'),
 (564,425,254721331380,56,'No',1,1,1,'2018-07-02 18:21:00','2018-07-02 15:21:00'),
 (565,425,254722722520,56,'B',1,1,1,'2018-07-02 18:21:09','2018-07-02 15:21:09'),
 (566,425,254722722520,56,'6',1,1,1,'2018-07-02 18:21:42','2018-07-02 15:21:42'),
 (567,425,254726553644,56,' 0',1,1,1,'2018-07-02 18:22:14','2018-07-02 15:22:14'),
 (568,425,254722722520,56,'The team need to remember to come back to customers once they raise issues and they are not fully resolved.',1,1,1,'2018-07-02 18:22:42','2018-07-02 15:22:42'),
 (569,425,254722826052,56,'A',1,1,1,'2018-07-02 18:22:59','2018-07-02 15:22:59'),
 (570,425,254727852521,56,'A',1,1,1,'2018-07-02 18:23:23','2018-07-02 15:23:23'),
 (571,425,254722826052,56,'10',1,1,1,'2018-07-02 18:23:23','2018-07-02 15:23:23'),
 (572,425,254710740481,56,'10',1,1,1,'2018-07-02 18:23:31','2018-07-02 15:23:31'),
 (573,425,254727852521,56,'10',1,1,1,'2018-07-02 18:23:52','2018-07-02 15:23:52'),
 (574,425,254727361402,56,'0',1,1,1,'2018-07-02 18:23:56','2018-07-02 15:23:56'),
 (575,425,254727852521,56,'No',1,1,1,'2018-07-02 18:24:17','2018-07-02 15:24:17'),
 (576,425,254795346601,56,'A',1,1,1,'2018-07-02 18:24:31','2018-07-02 15:24:31'),
 (577,425,254721331380,56,'B',1,1,1,'2018-07-02 18:24:31','2018-07-02 15:24:31'),
 (578,425,254722826052,56,'Continue with the good services',1,1,1,'2018-07-02 18:24:58','2018-07-02 15:24:58'),
 (579,425,254795346601,56,'10',1,1,1,'2018-07-02 18:25:11','2018-07-02 15:25:11'),
 (580,425,254722859225,56,'A',1,1,1,'2018-07-02 18:26:32','2018-07-02 15:26:32'),
 (581,425,254723952246,56,'A',1,1,1,'2018-07-02 18:27:10','2018-07-02 15:27:10'),
 (582,425,254724734591,56,'B',1,1,1,'2018-07-02 18:27:52','2018-07-02 15:27:52'),
 (583,425,254723952246,56,'10',1,1,1,'2018-07-02 18:28:25','2018-07-02 15:28:25'),
 (584,425,254722477818,56,'Yes',1,1,1,'2018-07-02 18:29:12','2018-07-02 15:29:12'),
 (585,425,254722717243,56,'A',1,1,1,'2018-07-02 18:29:13','2018-07-02 15:29:13'),
 (586,425,254724734591,56,'8',1,1,1,'2018-07-02 18:29:16','2018-07-02 15:29:16'),
 (587,425,254723952246,56,'No',1,1,1,'2018-07-02 18:29:22','2018-07-02 15:29:22'),
 (588,425,254722477818,56,'A for Yes',1,1,1,'2018-07-02 18:29:42','2018-07-02 15:29:42'),
 (589,425,254722477818,56,'A',1,1,1,'2018-07-02 18:30:25','2018-07-02 15:30:25'),
 (590,425,254722477818,56,'10',1,1,1,'2018-07-02 18:31:01','2018-07-02 15:31:01'),
 (591,425,254722717243,56,'7',1,1,1,'2018-07-02 18:31:21','2018-07-02 15:31:21'),
 (592,425,254722477818,56,'I like your services',1,1,1,'2018-07-02 18:31:53','2018-07-02 15:31:53'),
 (593,425,254722717243,56,'The call took a bit long to be answered.',1,1,1,'2018-07-02 18:32:30','2018-07-02 15:32:30'),
 (594,425,254718850128,56,'NIC Bank is very understandable and much helping small people to own assets and other needs.Good interest rate.only too much penalty this could have after amonth defauld.Thanks the management for good workment.',1,1,1,'2018-07-02 18:34:33','2018-07-02 15:34:33'),
 (595,425,254718850128,56,'Thanks too',1,1,1,'2018-07-02 18:35:22','2018-07-02 15:35:22'),
 (596,425,254722176050,56,'B',1,1,1,'2018-07-02 18:36:43','2018-07-02 15:36:43'),
 (597,425,254727361402,56,'The customer experience that i got is zero rated.train your agents to improve on good service delivery',1,1,1,'2018-07-02 18:37:05','2018-07-02 15:37:05'),
 (598,425,254722175372,56,'8',1,1,1,'2018-07-02 18:37:17','2018-07-02 15:37:17'),
 (599,425,254723331547,56,'A',1,1,1,'2018-07-02 18:37:20','2018-07-02 15:37:20'),
 (600,425,254722175372,56,'No',1,1,1,'2018-07-02 18:37:31','2018-07-02 15:37:31'),
 (601,425,254723331547,56,'10',1,1,1,'2018-07-02 18:37:37','2018-07-02 15:37:37'),
 (602,425,254725156529,56,'A. Yes',1,1,1,'2018-07-02 18:41:41','2018-07-02 15:41:41'),
 (603,425,254706503052,56,'A',1,1,1,'2018-07-02 18:43:33','2018-07-02 15:43:33'),
 (604,425,254726495619,56,'B',1,1,1,'2018-07-02 18:46:19','2018-07-02 15:46:19'),
 (605,425,254726495619,56,'10',1,1,1,'2018-07-02 18:46:45','2018-07-02 15:46:45'),
 (606,425,254726495619,56,'Please ensure that when someone requests for something as simple as a bank statement he gets it immediately. Otherwise this us a great bank',1,1,1,'2018-07-02 18:47:55','2018-07-02 15:47:55'),
 (607,425,254725008922,56,'Yes',1,1,1,'2018-07-02 18:49:50','2018-07-02 15:49:50'),
 (608,425,254725008922,56,'A',1,1,1,'2018-07-02 18:50:11','2018-07-02 15:50:11'),
 (609,425,254722412832,56,'B',1,1,1,'2018-07-02 18:50:15','2018-07-02 15:50:15'),
 (610,425,254725008922,56,'10',1,1,1,'2018-07-02 18:50:34','2018-07-02 15:50:34'),
 (611,425,254723585904,56,'I realised that some of the workers work with auctioneers to get money yet they are paid by bank',1,1,1,'2018-07-02 18:50:40','2018-07-02 15:50:40'),
 (612,425,254722412832,56,'0',1,1,1,'2018-07-02 18:50:53','2018-07-02 15:50:53'),
 (613,425,254723585904,56,'I regret to open account with Nic yet u can\'t assist',1,1,1,'2018-07-02 18:53:26','2018-07-02 15:53:26'),
 (614,425,254724488331,56,'B',1,1,1,'2018-07-02 18:56:21','2018-07-02 15:56:21'),
 (615,425,254724488331,56,'1',1,1,1,'2018-07-02 18:57:31','2018-07-02 15:57:31'),
 (616,425,254727361402,56,'Thank you',1,1,1,'2018-07-02 18:59:34','2018-07-02 15:59:34'),
 (617,425,254722412832,56,'i wanted to transfer money by pesalink but did not go so the bank filled the form for me to transfer they said pesalink can only tranfer by saving n not current A/c',1,1,1,'2018-07-02 19:08:24','2018-07-02 16:08:24'),
 (618,425,254720033200,56,'A',1,1,1,'2018-07-02 19:27:48','2018-07-02 16:27:48'),
 (619,425,254720033200,56,'0',1,1,1,'2018-07-02 19:28:20','2018-07-02 16:28:20'),
 (620,425,254720033200,56,'Very poor services',1,1,1,'2018-07-02 19:29:07','2018-07-02 16:29:07'),
 (621,425,254721715050,56,'A',1,1,1,'2018-07-02 19:40:44','2018-07-02 16:40:44'),
 (622,425,254715925014,2,'A',1,1,1,'2018-07-02 19:48:05','2018-07-02 16:48:05'),
 (623,425,254722512327,56,'Yes',1,1,1,'2018-07-02 19:51:29','2018-07-02 16:51:29'),
 (624,425,254722512327,56,'A',1,1,1,'2018-07-02 19:51:51','2018-07-02 16:51:51'),
 (625,425,254722512327,56,'10',1,1,1,'2018-07-02 19:52:19','2018-07-02 16:52:19'),
 (626,425,254722512327,56,'Very good and pleasant customer service representative who dealt with all issues promptly and professionally',1,1,1,'2018-07-02 19:54:59','2018-07-02 16:54:59'),
 (627,425,254722752350,56,'Yes now.',1,1,1,'2018-07-02 20:11:59','2018-07-02 17:11:59'),
 (628,425,254725157894,56,'Yes',1,1,1,'2018-07-02 20:12:45','2018-07-02 17:12:45'),
 (629,425,254725157894,56,'A',1,1,1,'2018-07-02 20:44:41','2018-07-02 17:44:41'),
 (630,425,254717442440,56,'A',1,1,1,'2018-07-02 20:46:33','2018-07-02 17:46:33'),
 (631,425,254713374724,2,'284755',1,1,1,'2018-07-02 20:57:24','2018-07-02 17:57:24'),
 (632,425,254721615636,56,'B',1,1,1,'2018-07-02 21:14:45','2018-07-02 18:14:45'),
 (633,425,254722927819,56,'A',1,1,1,'2018-07-02 21:21:08','2018-07-02 18:21:08'),
 (634,425,254722927819,56,'10',1,1,1,'2018-07-02 21:21:29','2018-07-02 18:21:29'),
 (635,425,254722927819,56,'No',1,1,1,'2018-07-02 21:21:39','2018-07-02 18:21:39'),
 (636,425,254728263181,2,'NSC/271298',1,1,1,'2018-07-02 21:45:56','2018-07-02 18:45:56'),
 (637,425,254712372288,56,'A',1,1,1,'2018-07-02 21:47:29','2018-07-02 18:47:29'),
 (638,425,254715145059,2,'ATD/1543',1,1,1,'2018-07-02 22:20:03','2018-07-02 19:20:03'),
 (639,425,254715145059,2,'ATD/1543',1,1,1,'2018-07-02 22:21:51','2018-07-02 19:21:51'),
 (640,425,254796144157,2,'atd/11715',1,1,1,'2018-07-02 23:00:29','2018-07-02 20:00:29'),
 (641,425,254796144157,2,'atd11715',1,1,1,'2018-07-02 23:02:08','2018-07-02 20:02:08'),
 (642,425,254708900806,2,'ATD/8557',1,1,1,'2018-07-03 06:42:38','2018-07-03 03:42:38'),
 (643,425,254722978546,56,'B',1,1,1,'2018-07-03 07:16:03','2018-07-03 04:16:03'),
 (644,425,254722978546,56,'0',1,1,1,'2018-07-03 07:16:28','2018-07-03 04:16:28'),
 (645,425,254723497852,56,'B',1,1,1,'2018-07-03 07:33:21','2018-07-03 04:33:21'),
 (646,425,254723497852,56,'8',1,1,1,'2018-07-03 07:33:46','2018-07-03 04:33:46'),
 (647,425,254723497852,56,'Sometimes call centre drop calls or take almost 10 minutes to attend to calls.',1,1,1,'2018-07-03 07:35:53','2018-07-03 04:35:53'),
 (648,425,254704932818,2,'ATD/7359',1,1,1,'2018-07-03 08:16:45','2018-07-03 05:16:45'),
 (649,425,254716557814,56,'A',1,1,1,'2018-07-03 08:34:52','2018-07-03 05:34:52'),
 (650,425,254716557814,56,'10',1,1,1,'2018-07-03 08:35:25','2018-07-03 05:35:25'),
 (651,425,254716557814,56,'Counter service need to improve on speed..',1,1,1,'2018-07-03 08:36:33','2018-07-03 05:36:33'),
 (652,425,254725442250,2,'CPA/298733',1,1,1,'2018-07-03 08:45:42','2018-07-03 05:45:42'),
 (653,425,254721277519,56,'B',1,1,1,'2018-07-03 09:09:43','2018-07-03 06:09:43'),
 (654,425,254721277519,56,'3',1,1,1,'2018-07-03 09:10:08','2018-07-03 06:10:08'),
 (655,425,254721277519,56,'Reversals are too complicated',1,1,1,'2018-07-03 09:10:42','2018-07-03 06:10:42'),
 (656,425,254796165900,2,'NSC/299153',1,1,1,'2018-07-03 09:53:07','2018-07-03 06:53:07'),
 (657,425,254796165900,2,'NSC/299153',1,1,1,'2018-07-03 10:00:07','2018-07-03 07:00:07'),
 (658,425,254705394276,2,'ATd/9985',1,1,1,'2018-07-03 10:33:06','2018-07-03 07:33:06'),
 (659,425,254795639273,2,'Atd/10872',1,1,1,'2018-07-03 10:51:03','2018-07-03 07:51:03'),
 (660,425,254703242370,2,'NAC/274040',1,1,1,'2018-07-03 11:10:21','2018-07-03 08:10:21'),
 (661,425,254703242370,2,'NAC/274040',1,1,1,'2018-07-03 11:12:16','2018-07-03 08:12:16'),
 (662,425,254703242370,2,'NAC 274040',1,1,1,'2018-07-03 11:14:33','2018-07-03 08:14:33'),
 (663,425,254707672290,2,'NSC/281903',1,1,1,'2018-07-03 11:39:17','2018-07-03 08:39:17'),
 (664,425,254707672290,2,'NSC/281903',1,1,1,'2018-07-03 11:41:16','2018-07-03 08:41:16'),
 (665,425,254700657735,2,'Atd/7184',1,1,1,'2018-07-03 12:05:36','2018-07-03 09:05:36'),
 (666,425,254724720133,2,'C',1,1,1,'2018-07-03 13:11:21','2018-07-03 10:11:21'),
 (667,425,254717674154,2,'NSC/298674',1,1,1,'2018-07-03 14:14:03','2018-07-03 11:14:03'),
 (668,425,254715770603,2,'ATD/988',1,1,1,'2018-07-03 14:55:45','2018-07-03 11:55:45'),
 (669,425,254722378860,57,'A',1,1,1,'2018-07-03 17:43:32','2018-07-03 14:43:32'),
 (670,425,254704406549,57,'A',1,1,1,'2018-07-03 17:43:46','2018-07-03 14:43:46'),
 (671,425,254717866216,57,'A',1,1,1,'2018-07-03 17:43:47','2018-07-03 14:43:47'),
 (672,425,254724163781,57,'B',1,1,1,'2018-07-03 17:43:47','2018-07-03 14:43:47'),
 (673,425,254724911069,57,'A',1,1,1,'2018-07-03 17:43:48','2018-07-03 14:43:48'),
 (674,425,254722235526,57,'A',1,1,1,'2018-07-03 17:43:49','2018-07-03 14:43:49'),
 (675,425,254722707787,57,'A',1,1,1,'2018-07-03 17:43:49','2018-07-03 14:43:49'),
 (676,425,254724333335,57,'Yes',1,1,1,'2018-07-03 17:43:54','2018-07-03 14:43:54'),
 (677,425,254722842936,57,'A',1,1,1,'2018-07-03 17:43:58','2018-07-03 14:43:58'),
 (678,425,254722550625,57,'A',1,1,1,'2018-07-03 17:44:03','2018-07-03 14:44:03'),
 (679,425,254718499065,57,'B',1,1,1,'2018-07-03 17:44:04','2018-07-03 14:44:04'),
 (680,425,254722682266,2,'A',1,1,1,'2018-07-03 17:44:04','2018-07-03 14:44:04'),
 (681,425,254721403805,57,'B',1,1,1,'2018-07-03 17:44:08','2018-07-03 14:44:08'),
 (682,425,254720094417,57,'A',1,1,1,'2018-07-03 17:44:11','2018-07-03 14:44:11'),
 (683,425,254724333335,57,'A',1,1,1,'2018-07-03 17:44:13','2018-07-03 14:44:13'),
 (684,425,254722860389,57,'A',1,1,1,'2018-07-03 17:44:16','2018-07-03 14:44:16'),
 (685,425,254721589171,57,'A',1,1,1,'2018-07-03 17:44:17','2018-07-03 14:44:17'),
 (686,425,254720856699,57,'A',1,1,1,'2018-07-03 17:44:18','2018-07-03 14:44:18'),
 (687,425,254728115293,57,'Yes',1,1,1,'2018-07-03 17:44:20','2018-07-03 14:44:20'),
 (688,425,254704406549,57,'10',1,1,1,'2018-07-03 17:44:21','2018-07-03 14:44:21'),
 (689,425,254721216897,57,'A',1,1,1,'2018-07-03 17:44:23','2018-07-03 14:44:23'),
 (690,425,254722513136,57,'B',1,1,1,'2018-07-03 17:44:25','2018-07-03 14:44:25');
INSERT INTO `surveyinmessages` (`messageID`,`shortCode`,`MSISDN`,`surveyID`,`message`,`status`,`createdBy`,`updatedBy`,`dateCreated`,`dateModified`) VALUES 
 (691,425,254711546811,57,'A',1,1,1,'2018-07-03 17:44:28','2018-07-03 14:44:28'),
 (692,425,254724333335,57,'10',1,1,1,'2018-07-03 17:44:30','2018-07-03 14:44:30'),
 (693,425,254722653128,57,'A',1,1,1,'2018-07-03 17:44:31','2018-07-03 14:44:31'),
 (694,425,254700144778,57,'B',1,1,1,'2018-07-03 17:44:31','2018-07-03 14:44:31'),
 (695,425,254722443258,57,'A',1,1,1,'2018-07-03 17:44:31','2018-07-03 14:44:31'),
 (696,425,254720708814,57,'No',1,1,1,'2018-07-03 17:44:32','2018-07-03 14:44:32'),
 (697,425,254721553064,57,'B. No',1,1,1,'2018-07-03 17:44:35','2018-07-03 14:44:35'),
 (698,425,254725564728,57,'A',1,1,1,'2018-07-03 17:44:35','2018-07-03 14:44:35'),
 (699,425,254722711198,57,'B',1,1,1,'2018-07-03 17:44:36','2018-07-03 14:44:36'),
 (700,425,254701603319,57,'B',1,1,1,'2018-07-03 17:44:36','2018-07-03 14:44:36'),
 (701,425,254723413176,57,'B',1,1,1,'2018-07-03 17:44:39','2018-07-03 14:44:39'),
 (702,425,254712076407,57,'A.\nAntony ICT went an extra mile\nThank you!',1,1,1,'2018-07-03 17:44:39','2018-07-03 14:44:39'),
 (703,425,254724454617,57,'B',1,1,1,'2018-07-03 17:44:39','2018-07-03 14:44:39'),
 (704,425,254718080276,57,'A.',1,1,1,'2018-07-03 17:44:42','2018-07-03 14:44:42'),
 (705,425,254792810179,57,'B',1,1,1,'2018-07-03 17:44:42','2018-07-03 14:44:42'),
 (706,425,254720915041,57,'A',1,1,1,'2018-07-03 17:44:42','2018-07-03 14:44:42'),
 (707,425,254727901441,57,'B',1,1,1,'2018-07-03 17:44:42','2018-07-03 14:44:42'),
 (708,425,254722726990,57,'B',1,1,1,'2018-07-03 17:44:45','2018-07-03 14:44:45'),
 (709,425,254704406549,57,'Flexible loan terms',1,1,1,'2018-07-03 17:44:47','2018-07-03 14:44:47'),
 (710,425,254724333335,57,'All good. Thank you',1,1,1,'2018-07-03 17:44:52','2018-07-03 14:44:52'),
 (711,425,254720708814,57,'B',1,1,1,'2018-07-03 17:44:57','2018-07-03 14:44:57'),
 (712,425,254722711198,57,'0',1,1,1,'2018-07-03 17:44:57','2018-07-03 14:44:57'),
 (713,425,254721589171,57,'10',1,1,1,'2018-07-03 17:44:59','2018-07-03 14:44:59'),
 (714,425,254705640793,57,'A',1,1,1,'2018-07-03 17:45:01','2018-07-03 14:45:01'),
 (715,425,254723049605,57,'A',1,1,1,'2018-07-03 17:45:05','2018-07-03 14:45:05'),
 (716,425,254722443258,57,'10',1,1,1,'2018-07-03 17:45:05','2018-07-03 14:45:05'),
 (717,425,254729784153,57,'No...someone was supposed to get back to me on a company account opening but they didnt, so i went to equity',1,1,1,'2018-07-03 17:45:06','2018-07-03 14:45:06'),
 (718,425,254722756949,57,'B',1,1,1,'2018-07-03 17:45:10','2018-07-03 14:45:10'),
 (719,425,254700144778,57,'1',1,1,1,'2018-07-03 17:45:13','2018-07-03 14:45:13'),
 (720,425,254722860389,57,'10',1,1,1,'2018-07-03 17:45:14','2018-07-03 14:45:14'),
 (721,425,254721216897,57,'9',1,1,1,'2018-07-03 17:45:14','2018-07-03 14:45:14'),
 (722,425,254705640793,57,'10',1,1,1,'2018-07-03 17:45:15','2018-07-03 14:45:15'),
 (723,425,254718080276,57,'A',1,1,1,'2018-07-03 17:45:20','2018-07-03 14:45:20'),
 (724,425,254726988551,57,'Yes',1,1,1,'2018-07-03 17:45:20','2018-07-03 14:45:20'),
 (725,425,254705640793,57,'It was great. Thanks',1,1,1,'2018-07-03 17:45:31','2018-07-03 14:45:31'),
 (726,425,254711546811,57,'10',1,1,1,'2018-07-03 17:45:31','2018-07-03 14:45:31'),
 (727,425,254729784153,57,'B',1,1,1,'2018-07-03 17:45:35','2018-07-03 14:45:35'),
 (728,425,254720915041,57,'10',1,1,1,'2018-07-03 17:45:36','2018-07-03 14:45:36'),
 (729,425,254717647502,57,'A yes',1,1,1,'2018-07-03 17:45:41','2018-07-03 14:45:41'),
 (730,425,254721487373,57,'B',1,1,1,'2018-07-03 17:45:43','2018-07-03 14:45:43'),
 (731,425,254722653128,57,'10',1,1,1,'2018-07-03 17:45:47','2018-07-03 14:45:47'),
 (732,425,254721886657,57,'A',1,1,1,'2018-07-03 17:45:48','2018-07-03 14:45:48'),
 (733,425,254721589171,57,'Excellent.',1,1,1,'2018-07-03 17:45:54','2018-07-03 14:45:54'),
 (734,425,254720915041,57,'Keep up the good work.',1,1,1,'2018-07-03 17:46:02','2018-07-03 14:46:02'),
 (735,425,254720450152,57,'A',1,1,1,'2018-07-03 17:46:03','2018-07-03 14:46:03'),
 (736,425,254717647502,57,'A',1,1,1,'2018-07-03 17:46:03','2018-07-03 14:46:03'),
 (737,425,254722756949,57,'8',1,1,1,'2018-07-03 17:46:05','2018-07-03 14:46:05'),
 (738,425,254729784153,57,'0',1,1,1,'2018-07-03 17:46:06','2018-07-03 14:46:06'),
 (739,425,254708275288,57,'Yes',1,1,1,'2018-07-03 17:46:06','2018-07-03 14:46:06'),
 (740,425,254721216897,57,'Improve on credit cards',1,1,1,'2018-07-03 17:46:08','2018-07-03 14:46:08'),
 (741,425,254792810179,57,'2',1,1,1,'2018-07-03 17:46:13','2018-07-03 14:46:13'),
 (742,425,254718080276,57,'10',1,1,1,'2018-07-03 17:46:14','2018-07-03 14:46:14'),
 (743,425,254720450152,57,'10',1,1,1,'2018-07-03 17:46:15','2018-07-03 14:46:15'),
 (744,425,254723576162,57,'B',1,1,1,'2018-07-03 17:46:20','2018-07-03 14:46:20'),
 (745,425,254708275288,57,'A',1,1,1,'2018-07-03 17:46:22','2018-07-03 14:46:22'),
 (746,425,254720450152,57,'No',1,1,1,'2018-07-03 17:46:29','2018-07-03 14:46:29'),
 (747,425,254720450152,57,'You\'re welcome',1,1,1,'2018-07-03 17:46:38','2018-07-03 14:46:38'),
 (748,425,254722711198,57,'IT solutions to issues should be instantly solved if possible or passed to IT team instead of call booking',1,1,1,'2018-07-03 17:46:38','2018-07-03 14:46:38'),
 (749,425,254725094805,57,'B',1,1,1,'2018-07-03 17:46:43','2018-07-03 14:46:43'),
 (750,425,254722842936,57,'8',1,1,1,'2018-07-03 17:46:44','2018-07-03 14:46:44'),
 (751,425,254708126128,57,'B',1,1,1,'2018-07-03 17:46:45','2018-07-03 14:46:45'),
 (752,425,254717647502,57,'10',1,1,1,'2018-07-03 17:46:56','2018-07-03 14:46:56'),
 (753,425,254721886657,57,'9',1,1,1,'2018-07-03 17:46:57','2018-07-03 14:46:57'),
 (754,425,254718080276,57,'Keep it up!!',1,1,1,'2018-07-03 17:46:58','2018-07-03 14:46:58'),
 (755,425,254720641448,57,'A',1,1,1,'2018-07-03 17:46:59','2018-07-03 14:46:59'),
 (756,425,254792810179,57,'YES',1,1,1,'2018-07-03 17:47:09','2018-07-03 14:47:09'),
 (757,425,254722756949,57,'Pls sort out my issue',1,1,1,'2018-07-03 17:47:13','2018-07-03 14:47:13'),
 (758,425,254708126128,57,'3',1,1,1,'2018-07-03 17:47:14','2018-07-03 14:47:14'),
 (759,425,254708126128,57,'I need lone',1,1,1,'2018-07-03 17:47:37','2018-07-03 14:47:37'),
 (760,425,254720641448,57,'10',1,1,1,'2018-07-03 17:47:43','2018-07-03 14:47:43'),
 (761,425,254723413176,57,'0',1,1,1,'2018-07-03 17:47:49','2018-07-03 14:47:49'),
 (762,425,254717647502,57,'Yes',1,1,1,'2018-07-03 17:47:55','2018-07-03 14:47:55'),
 (763,425,254722330622,57,'B',1,1,1,'2018-07-03 17:47:57','2018-07-03 14:47:57'),
 (764,425,254720436923,57,'A',1,1,1,'2018-07-03 17:48:38','2018-07-03 14:48:38'),
 (765,425,254720334408,57,'A',1,1,1,'2018-07-03 17:48:41','2018-07-03 14:48:41'),
 (766,425,254722446659,57,'A',1,1,1,'2018-07-03 17:48:47','2018-07-03 14:48:47'),
 (767,425,254720436923,57,'8',1,1,1,'2018-07-03 17:48:54','2018-07-03 14:48:54'),
 (768,425,254720334408,57,'7',1,1,1,'2018-07-03 17:48:59','2018-07-03 14:48:59'),
 (769,425,254722653128,57,'Financial support by giving many to buy assets based vehicles and equipment s',1,1,1,'2018-07-03 17:49:06','2018-07-03 14:49:06'),
 (770,425,254722820914,57,'B',1,1,1,'2018-07-03 17:49:11','2018-07-03 14:49:11'),
 (771,425,254722794968,57,'A',1,1,1,'2018-07-03 17:49:15','2018-07-03 14:49:15'),
 (772,425,254720334408,57,'I am not happy about delay in cashing cheques.',1,1,1,'2018-07-03 17:49:27','2018-07-03 14:49:27'),
 (773,425,254721995041,57,'A',1,1,1,'2018-07-03 17:49:34','2018-07-03 14:49:34'),
 (774,425,254717647502,57,'NIC Bank',1,1,1,'2018-07-03 17:49:44','2018-07-03 14:49:44'),
 (775,425,254720488730,57,'A. Yes',1,1,1,'2018-07-03 17:49:44','2018-07-03 14:49:44'),
 (776,425,254720641448,57,'Check on interest rates on existing loans as per central bank rates',1,1,1,'2018-07-03 17:49:49','2018-07-03 14:49:49'),
 (777,425,254720436923,57,'Aim to reduce d the incoming calls waiting time',1,1,1,'2018-07-03 17:49:54','2018-07-03 14:49:54'),
 (778,425,254721995041,57,'10',1,1,1,'2018-07-03 17:49:55','2018-07-03 14:49:55'),
 (779,425,254720488730,57,'A',1,1,1,'2018-07-03 17:50:07','2018-07-03 14:50:07'),
 (780,425,254722341137,57,'A',1,1,1,'2018-07-03 17:50:10','2018-07-03 14:50:10'),
 (781,425,254721824329,57,'B',1,1,1,'2018-07-03 17:50:10','2018-07-03 14:50:10'),
 (782,425,254722341137,57,'10',1,1,1,'2018-07-03 17:50:23','2018-07-03 14:50:23'),
 (783,425,254707651192,57,'Yes',1,1,1,'2018-07-03 17:50:45','2018-07-03 14:50:45'),
 (784,425,254722820914,57,'7',1,1,1,'2018-07-03 17:50:47','2018-07-03 14:50:47'),
 (785,425,254722341137,57,'Overall good experience',1,1,1,'2018-07-03 17:50:49','2018-07-03 14:50:49'),
 (786,425,254722711639,57,'A',1,1,1,'2018-07-03 17:50:55','2018-07-03 14:50:55'),
 (787,425,254725855369,57,'A',1,1,1,'2018-07-03 17:51:09','2018-07-03 14:51:09'),
 (788,425,254707651192,57,'A',1,1,1,'2018-07-03 17:51:12','2018-07-03 14:51:12'),
 (789,425,254727778156,57,'A',1,1,1,'2018-07-03 17:51:15','2018-07-03 14:51:15'),
 (790,425,254721824329,57,'0',1,1,1,'2018-07-03 17:51:16','2018-07-03 14:51:16'),
 (791,425,254723413176,57,'Poor customer care! I made transaction for Gotv on 30th up to now has not been credited. Imgn I called at 1pm today no positive feedback. Thus cant watch World Cup',1,1,1,'2018-07-03 17:51:17','2018-07-03 14:51:17'),
 (792,425,254721886657,57,'Good environmen/ communication.reception n care',1,1,1,'2018-07-03 17:51:19','2018-07-03 14:51:19'),
 (793,425,254713226662,57,'A',1,1,1,'2018-07-03 17:51:27','2018-07-03 14:51:27'),
 (794,425,254721824329,57,'Pick my calls',1,1,1,'2018-07-03 17:51:42','2018-07-03 14:51:42'),
 (795,425,254718848499,57,'B',1,1,1,'2018-07-03 17:51:52','2018-07-03 14:51:52'),
 (796,425,254725855369,57,'10',1,1,1,'2018-07-03 17:51:54','2018-07-03 14:51:54'),
 (797,425,254727505989,57,'B',1,1,1,'2018-07-03 17:51:56','2018-07-03 14:51:56'),
 (798,425,254721886657,57,'Thank  you',1,1,1,'2018-07-03 17:52:12','2018-07-03 14:52:12'),
 (799,425,254724570085,57,'B',1,1,1,'2018-07-03 17:52:23','2018-07-03 14:52:23'),
 (800,425,254722685045,57,'A',1,1,1,'2018-07-03 17:52:26','2018-07-03 14:52:26'),
 (801,425,254713226662,57,'10',1,1,1,'2018-07-03 17:52:33','2018-07-03 14:52:33'),
 (802,425,254722685045,57,'10',1,1,1,'2018-07-03 17:52:53','2018-07-03 14:52:53'),
 (803,425,254725855369,57,'You\'re the best bank of all I know. Keep it up!',1,1,1,'2018-07-03 17:53:02','2018-07-03 14:53:02'),
 (804,425,254722305504,57,'Yes',1,1,1,'2018-07-03 17:53:12','2018-07-03 14:53:12'),
 (805,425,254721534914,57,'A. Yes',1,1,1,'2018-07-03 17:53:35','2018-07-03 14:53:35'),
 (806,425,254722685045,57,'Keep it up.',1,1,1,'2018-07-03 17:53:38','2018-07-03 14:53:38'),
 (807,425,254721534914,57,'A',1,1,1,'2018-07-03 17:53:54','2018-07-03 14:53:54'),
 (808,425,254721534914,57,'10',1,1,1,'2018-07-03 17:54:18','2018-07-03 14:54:18'),
 (809,425,254721486044,57,'B',1,1,1,'2018-07-03 17:54:28','2018-07-03 14:54:28'),
 (810,425,254721534914,57,'Yes, your customer service are also there to respond to my calls, whatever time i call for assistance and are kind and gladly to advice. Thanks for that',1,1,1,'2018-07-03 17:55:55','2018-07-03 14:55:55'),
 (811,425,254713442004,2,'Nac/300704',1,1,1,'2018-07-03 17:56:40','2018-07-03 14:56:40'),
 (812,425,254719491187,2,'Join',1,1,1,'2018-07-03 17:56:54','2018-07-03 14:56:54'),
 (813,425,254720780400,57,'B',1,1,1,'2018-07-03 17:57:00','2018-07-03 14:57:00'),
 (814,425,254724948830,57,'B',1,1,1,'2018-07-03 17:57:26','2018-07-03 14:57:26'),
 (815,425,254726490691,57,'A',1,1,1,'2018-07-03 17:58:40','2018-07-03 14:58:40'),
 (816,425,254718499065,57,'2',1,1,1,'2018-07-03 17:58:56','2018-07-03 14:58:56'),
 (817,425,254718848499,57,'0',1,1,1,'2018-07-03 17:59:19','2018-07-03 14:59:19'),
 (818,425,254724163781,57,'0',1,1,1,'2018-07-03 17:59:34','2018-07-03 14:59:34'),
 (819,425,254724163781,57,'I haven\'t been sorted yet despite the promise',1,1,1,'2018-07-03 18:00:05','2018-07-03 15:00:05'),
 (820,425,254722711639,57,'10',1,1,1,'2018-07-03 18:00:32','2018-07-03 15:00:32'),
 (821,425,254726490691,57,'7',1,1,1,'2018-07-03 18:00:38','2018-07-03 15:00:38'),
 (822,425,254720950791,57,'A',1,1,1,'2018-07-03 18:00:58','2018-07-03 15:00:58'),
 (823,425,254706538651,57,'A',1,1,1,'2018-07-03 18:01:02','2018-07-03 15:01:02'),
 (824,425,254718848499,57,'Yeah bt l would like to know the rates and interest of fixed savings account',1,1,1,'2018-07-03 18:01:09','2018-07-03 15:01:09'),
 (825,425,254706538651,57,'10',1,1,1,'2018-07-03 18:01:12','2018-07-03 15:01:12'),
 (826,425,254723248172,57,'A',1,1,1,'2018-07-03 18:01:30','2018-07-03 15:01:30'),
 (827,425,254722473441,57,'A',1,1,1,'2018-07-03 18:01:38','2018-07-03 15:01:38'),
 (828,425,254706538651,57,'I am impresses',1,1,1,'2018-07-03 18:01:39','2018-07-03 15:01:39'),
 (829,425,254721403937,57,'Yes',1,1,1,'2018-07-03 18:01:40','2018-07-03 15:01:40'),
 (830,425,254720488730,57,'10= Very likely',1,1,1,'2018-07-03 18:01:41','2018-07-03 15:01:41'),
 (831,425,254706538651,57,'Thank you too',1,1,1,'2018-07-03 18:01:53','2018-07-03 15:01:53'),
 (832,425,254790909996,57,'A',1,1,1,'2018-07-03 18:03:22','2018-07-03 15:03:22'),
 (833,425,254790909996,57,'9',1,1,1,'2018-07-03 18:03:43','2018-07-03 15:03:43'),
 (834,425,254721403937,57,'A',1,1,1,'2018-07-03 18:03:58','2018-07-03 15:03:58'),
 (835,425,254714596586,57,'A',1,1,1,'2018-07-03 18:04:24','2018-07-03 15:04:24'),
 (836,425,254721403937,57,'10',1,1,1,'2018-07-03 18:04:29','2018-07-03 15:04:29'),
 (837,425,254722759776,57,'A',1,1,1,'2018-07-03 18:04:44','2018-07-03 15:04:44'),
 (838,425,254714596586,57,'9',1,1,1,'2018-07-03 18:04:53','2018-07-03 15:04:53'),
 (839,425,254722759776,57,'10',1,1,1,'2018-07-03 18:05:12','2018-07-03 15:05:12'),
 (840,425,254714596586,57,'Good customer service.',1,1,1,'2018-07-03 18:05:33','2018-07-03 15:05:33'),
 (841,425,254719289186,57,'',1,1,1,'2018-07-03 18:05:38','2018-07-03 15:05:38'),
 (842,425,254722235526,57,'9',1,1,1,'2018-07-03 18:06:44','2018-07-03 15:06:44'),
 (843,425,254722759776,57,'I wasn\'t called back to solve my problem.',1,1,1,'2018-07-03 18:06:44','2018-07-03 15:06:44'),
 (844,425,254718138966,57,'A',1,1,1,'2018-07-03 18:06:52','2018-07-03 15:06:52'),
 (845,425,254722235526,57,'No',1,1,1,'2018-07-03 18:07:18','2018-07-03 15:07:18'),
 (846,425,254729703550,57,'B',1,1,1,'2018-07-03 18:08:08','2018-07-03 15:08:08'),
 (847,425,254729703550,57,'0',1,1,1,'2018-07-03 18:08:33','2018-07-03 15:08:33'),
 (848,425,254725239710,57,'A',1,1,1,'2018-07-03 18:08:38','2018-07-03 15:08:38'),
 (849,425,254729703550,57,'No',1,1,1,'2018-07-03 18:08:51','2018-07-03 15:08:51'),
 (850,425,254718138966,57,'0',1,1,1,'2018-07-03 18:09:43','2018-07-03 15:09:43'),
 (851,425,254721256976,57,'Yes',1,1,1,'2018-07-03 18:10:05','2018-07-03 15:10:05'),
 (852,425,254721256976,57,'A',1,1,1,'2018-07-03 18:10:21','2018-07-03 15:10:21'),
 (853,425,254718138966,57,'NO',1,1,1,'2018-07-03 18:10:43','2018-07-03 15:10:43'),
 (854,425,254721256976,57,'9',1,1,1,'2018-07-03 18:11:23','2018-07-03 15:11:23'),
 (855,425,254722383942,57,'B',1,1,1,'2018-07-03 18:15:48','2018-07-03 15:15:48'),
 (856,425,254701235293,57,'B',1,1,1,'2018-07-03 18:16:42','2018-07-03 15:16:42'),
 (857,425,254701235293,57,'0',1,1,1,'2018-07-03 18:17:09','2018-07-03 15:17:09'),
 (858,425,254714836002,57,'',1,1,1,'2018-07-03 18:21:42','2018-07-03 15:21:42'),
 (859,425,254701235293,57,'There is not a single issue that customer care can resolve but to transfer calls to upper hill head office and then hang up the calls after a long wait to reach the rightful person. Very amateur being a financial institution. Why publish your contact phone and email address when no one knows its usefulness. Do I have to be physically present, the traditional way, to get a resolution ?',1,1,1,'2018-07-03 18:23:15','2018-07-03 15:23:15'),
 (860,425,254701235293,57,'Very amateur resolution being a financial institution.',1,1,1,'2018-07-03 18:24:35','2018-07-03 15:24:35'),
 (861,425,254722353726,57,'B',1,1,1,'2018-07-03 18:24:54','2018-07-03 15:24:54'),
 (862,425,254722612572,57,'A',1,1,1,'2018-07-03 18:26:48','2018-07-03 15:26:48'),
 (863,425,254722612572,57,'10',1,1,1,'2018-07-03 18:27:08','2018-07-03 15:27:08'),
 (864,425,254722707204,57,'A',1,1,1,'2018-07-03 18:27:44','2018-07-03 15:27:44'),
 (865,425,254722707204,57,'8',1,1,1,'2018-07-03 18:27:55','2018-07-03 15:27:55'),
 (866,425,254722530890,57,'A',1,1,1,'2018-07-03 18:28:00','2018-07-03 15:28:00'),
 (867,425,254722410374,57,'A',1,1,1,'2018-07-03 18:28:42','2018-07-03 15:28:42'),
 (868,425,254722410374,57,'8',1,1,1,'2018-07-03 18:29:53','2018-07-03 15:29:53'),
 (869,425,254722591756,57,'A',1,1,1,'2018-07-03 18:30:14','2018-07-03 15:30:14'),
 (870,425,254722410374,57,'No.',1,1,1,'2018-07-03 18:30:45','2018-07-03 15:30:45'),
 (871,425,254722591756,57,'10=very likely',1,1,1,'2018-07-03 18:33:07','2018-07-03 15:33:07'),
 (872,425,254722591756,57,'9',1,1,1,'2018-07-03 18:34:13','2018-07-03 15:34:13'),
 (873,425,254722591756,57,'Polite attedance',1,1,1,'2018-07-03 18:35:32','2018-07-03 15:35:32'),
 (874,425,254722767076,57,'B',1,1,1,'2018-07-03 18:40:58','2018-07-03 15:40:58'),
 (875,425,254714836002,57,'A',1,1,1,'2018-07-03 18:41:44','2018-07-03 15:41:44'),
 (876,425,254724219488,2,'B',1,1,1,'2018-07-03 18:42:12','2018-07-03 15:42:12'),
 (877,425,254714836002,57,'10',1,1,1,'2018-07-03 18:42:30','2018-07-03 15:42:30'),
 (878,425,254704307082,2,'B',1,1,1,'2018-07-03 18:43:34','2018-07-03 15:43:34'),
 (879,425,254726943245,57,'A',1,1,1,'2018-07-03 18:44:00','2018-07-03 15:44:00'),
 (880,425,254723230840,57,'A',1,1,1,'2018-07-03 18:44:04','2018-07-03 15:44:04'),
 (881,425,254726943245,57,'9',1,1,1,'2018-07-03 18:44:57','2018-07-03 15:44:57'),
 (882,425,254723230840,57,'8',1,1,1,'2018-07-03 18:45:18','2018-07-03 15:45:18'),
 (883,425,254726943245,57,'No i was satisfied',1,1,1,'2018-07-03 18:45:30','2018-07-03 15:45:30'),
 (884,425,254723230840,57,'No',1,1,1,'2018-07-03 18:46:23','2018-07-03 15:46:23'),
 (885,425,254726113495,57,'A',1,1,1,'2018-07-03 18:50:11','2018-07-03 15:50:11'),
 (886,425,254726113495,57,'10',1,1,1,'2018-07-03 18:50:41','2018-07-03 15:50:41'),
 (887,425,254726113495,57,'Just my appreciation for the assistance.',1,1,1,'2018-07-03 18:51:44','2018-07-03 15:51:44'),
 (888,425,254720243238,57,'B',1,1,1,'2018-07-03 18:51:54','2018-07-03 15:51:54'),
 (889,425,254720243238,57,'4',1,1,1,'2018-07-03 18:52:28','2018-07-03 15:52:28'),
 (890,425,254722758716,57,'Bq',1,1,1,'2018-07-03 18:53:30','2018-07-03 15:53:30'),
 (891,425,254720243238,57,'Third call and no way forward on the issue.',1,1,1,'2018-07-03 18:53:32','2018-07-03 15:53:32'),
 (892,425,254722767076,57,'0',1,1,1,'2018-07-03 18:53:33','2018-07-03 15:53:33'),
 (893,425,254724285976,57,'A',1,1,1,'2018-07-03 18:54:00','2018-07-03 15:54:00'),
 (894,425,254724285976,57,'10',1,1,1,'2018-07-03 18:54:26','2018-07-03 15:54:26'),
 (895,425,254724006329,57,'A',1,1,1,'2018-07-03 18:55:40','2018-07-03 15:55:40'),
 (896,425,254724006329,57,'9',1,1,1,'2018-07-03 18:56:26','2018-07-03 15:56:26'),
 (897,425,254718721369,57,'A',1,1,1,'2018-07-03 18:56:41','2018-07-03 15:56:41'),
 (898,425,254724285976,57,'ATMs,please ADD them. make them reachable.',1,1,1,'2018-07-03 18:56:51','2018-07-03 15:56:51'),
 (899,425,254724006329,57,'No',1,1,1,'2018-07-03 18:57:21','2018-07-03 15:57:21'),
 (900,425,254718721369,57,'10',1,1,1,'2018-07-03 18:57:30','2018-07-03 15:57:30'),
 (901,425,254707234996,57,'Yeah',1,1,1,'2018-07-03 18:58:28','2018-07-03 15:58:28'),
 (902,425,254707234996,57,'A',1,1,1,'2018-07-03 18:59:00','2018-07-03 15:59:00'),
 (903,425,254723774481,57,'B',1,1,1,'2018-07-03 18:59:25','2018-07-03 15:59:25'),
 (904,425,254707234996,57,'10',1,1,1,'2018-07-03 18:59:32','2018-07-03 15:59:32'),
 (905,425,254707234996,57,'Awesome experience',1,1,1,'2018-07-03 18:59:57','2018-07-03 15:59:57'),
 (906,425,254725584211,57,'A',1,1,1,'2018-07-03 19:00:22','2018-07-03 16:00:22'),
 (907,425,254725584211,57,'10',1,1,1,'2018-07-03 19:00:42','2018-07-03 16:00:42'),
 (908,425,254725584211,57,'No. My issue was sorted\n',1,1,1,'2018-07-03 19:01:26','2018-07-03 16:01:26'),
 (909,425,254723946582,57,'A',1,1,1,'2018-07-03 19:02:29','2018-07-03 16:02:29'),
 (910,425,254723946582,57,'10',1,1,1,'2018-07-03 19:02:47','2018-07-03 16:02:47'),
 (911,425,254723946582,57,'No. Keep up the good work.',1,1,1,'2018-07-03 19:03:12','2018-07-03 16:03:12'),
 (912,425,254722241399,57,'B',1,1,1,'2018-07-03 19:05:50','2018-07-03 16:05:50'),
 (913,425,254722241399,57,'5',1,1,1,'2018-07-03 19:06:43','2018-07-03 16:06:43'),
 (914,425,254746930516,57,'',1,1,1,'2018-07-03 19:13:42','2018-07-03 16:13:42'),
 (915,425,254746930516,57,'A',1,1,1,'2018-07-03 19:15:22','2018-07-03 16:15:22'),
 (916,425,254746930516,57,'B',1,1,1,'2018-07-03 19:17:42','2018-07-03 16:17:42'),
 (917,425,254722758716,57,'B',1,1,1,'2018-07-03 19:31:36','2018-07-03 16:31:36'),
 (918,425,254714836002,57,'So far my experience with you has been pleasant',1,1,1,'2018-07-03 19:40:33','2018-07-03 16:40:33'),
 (919,425,254722558036,57,'A',1,1,1,'2018-07-03 19:50:35','2018-07-03 16:50:35'),
 (920,425,254722558036,57,'5',1,1,1,'2018-07-03 19:50:51','2018-07-03 16:50:51'),
 (921,425,254722558036,57,'No',1,1,1,'2018-07-03 19:51:03','2018-07-03 16:51:03'),
 (922,425,254798481994,57,'A',1,1,1,'2018-07-03 20:07:32','2018-07-03 17:07:32'),
 (923,425,254725919359,57,'A',1,1,1,'2018-07-03 20:08:44','2018-07-03 17:08:44'),
 (924,425,254725919359,57,'9',1,1,1,'2018-07-03 20:09:23','2018-07-03 17:09:23'),
 (925,425,254746791771,2,'NAIROBI',1,1,1,'2018-07-03 20:18:04','2018-07-03 17:18:04'),
 (926,425,254722206629,57,'Yes',1,1,1,'2018-07-03 20:23:24','2018-07-03 17:23:24'),
 (927,425,254722206629,57,'A',1,1,1,'2018-07-03 20:23:41','2018-07-03 17:23:41'),
 (928,425,254722206629,57,'8',1,1,1,'2018-07-03 20:24:38','2018-07-03 17:24:38'),
 (929,425,254722206629,57,'Try and take a shorter period of time while handling customers matters. It took me days for approval of a loan to Kinginya. I had to look for alternative funding before you approved. Hope it won\'t happen again.',1,1,1,'2018-07-03 20:28:05','2018-07-03 17:28:05'),
 (930,425,254720622119,57,'B',1,1,1,'2018-07-03 20:32:29','2018-07-03 17:32:29'),
 (931,425,254721273469,57,'A',1,1,1,'2018-07-03 20:48:16','2018-07-03 17:48:16'),
 (932,425,254704240871,57,'A',1,1,1,'2018-07-03 21:35:59','2018-07-03 18:35:59'),
 (933,425,254726366583,57,'B',1,1,1,'2018-07-03 21:36:15','2018-07-03 18:36:15'),
 (934,425,254704240871,57,'20',1,1,1,'2018-07-03 21:36:28','2018-07-03 18:36:28'),
 (935,425,254704240871,57,'10',1,1,1,'2018-07-03 21:36:41','2018-07-03 18:36:41'),
 (936,425,254726366583,57,'3',1,1,1,'2018-07-03 21:36:58','2018-07-03 18:36:58'),
 (937,425,254722695703,57,'A',1,1,1,'2018-07-03 22:10:48','2018-07-03 19:10:48'),
 (938,425,254722695703,57,'10',1,1,1,'2018-07-03 22:11:01','2018-07-03 19:11:01'),
 (939,425,254721669563,57,'A',1,1,1,'2018-07-03 22:26:35','2018-07-03 19:26:35'),
 (940,425,254721669563,57,'10',1,1,1,'2018-07-03 22:27:06','2018-07-03 19:27:06'),
 (941,425,254721669563,57,'Efficiency is good',1,1,1,'2018-07-03 22:27:51','2018-07-03 19:27:51'),
 (942,425,254704628304,2,'H0me',1,1,1,'2018-07-04 00:57:47','2018-07-03 21:57:47'),
 (943,425,254720766566,57,'A',1,1,1,'2018-07-04 06:11:09','2018-07-04 03:11:09'),
 (944,425,254720766566,57,'8',1,1,1,'2018-07-04 06:12:48','2018-07-04 03:12:48'),
 (945,425,254720766566,57,'No',1,1,1,'2018-07-04 06:13:20','2018-07-04 03:13:20'),
 (946,425,254720766566,57,'Welcome!',1,1,1,'2018-07-04 06:13:46','2018-07-04 03:13:46'),
 (947,425,254720766566,57,'Ok',1,1,1,'2018-07-04 06:14:15','2018-07-04 03:14:15'),
 (948,425,254722872823,57,'Yes',1,1,1,'2018-07-04 06:58:55','2018-07-04 03:58:55'),
 (949,425,254722872823,57,'A',1,1,1,'2018-07-04 08:18:23','2018-07-04 05:18:23'),
 (950,425,254722872823,57,'10',1,1,1,'2018-07-04 08:19:28','2018-07-04 05:19:28'),
 (951,425,254726737143,2,'15421',1,1,1,'2018-07-04 09:01:22','2018-07-04 06:01:22'),
 (952,425,254740243373,2,'gatundu',1,1,1,'2018-07-04 10:43:02','2018-07-04 07:43:02'),
 (953,425,254712223015,56,'A',1,1,1,'2018-07-04 10:44:02','2018-07-04 07:44:02'),
 (954,425,254712223015,56,'10',1,1,1,'2018-07-04 10:44:56','2018-07-04 07:44:56'),
 (955,425,254712223015,56,'To thank u for the u have helped us in asset finance',1,1,1,'2018-07-04 10:49:00','2018-07-04 07:49:00'),
 (956,425,254705026937,2,'NAC/275927',1,1,1,'2018-07-04 11:38:27','2018-07-04 08:38:27'),
 (957,425,254725246589,2,'CPA/294414',1,1,1,'2018-07-04 11:43:01','2018-07-04 08:43:01'),
 (958,425,254719758974,2,'ATD/10875',1,1,1,'2018-07-04 12:45:44','2018-07-04 09:45:44'),
 (959,425,254725948551,2,'ATD/11868',1,1,1,'2018-07-04 12:55:00','2018-07-04 09:55:00'),
 (960,425,254715145059,2,'ATD/1543',1,1,1,'2018-07-04 14:21:58','2018-07-04 11:21:58'),
 (961,425,254707023653,2,'NAC/248058',1,1,1,'2018-07-04 14:22:24','2018-07-04 11:22:24'),
 (962,425,254721273469,57,'10: Very likely.',1,1,1,'2018-07-04 14:51:22','2018-07-04 11:51:22'),
 (963,425,254725502285,2,'Cpa/193024',1,1,1,'2018-07-04 15:05:34','2018-07-04 12:05:34'),
 (964,425,254727687841,57,'Yes',1,1,1,'2018-07-04 15:10:28','2018-07-04 12:10:28'),
 (965,425,254727687841,57,'A',1,1,1,'2018-07-04 15:10:54','2018-07-04 12:10:54'),
 (966,425,254727687841,57,'10',1,1,1,'2018-07-04 15:11:33','2018-07-04 12:11:33'),
 (967,425,254743026561,2,'Kasneb 17511',1,1,1,'2018-07-04 15:13:48','2018-07-04 12:13:48'),
 (968,425,254724831590,2,'NAC/298805',1,1,1,'2018-07-04 15:15:19','2018-07-04 12:15:19'),
 (969,425,254746431303,2,'Kasneb result:17060id:33056125',1,1,1,'2018-07-04 18:08:41','2018-07-04 15:08:41'),
 (970,425,254737778899,58,'No',1,1,1,'2018-07-04 18:52:28','2018-07-04 15:52:28'),
 (971,425,254707367956,58,'A',1,1,1,'2018-07-04 18:52:33','2018-07-04 15:52:33'),
 (972,425,254722315513,58,'A',1,1,1,'2018-07-04 18:52:38','2018-07-04 15:52:38'),
 (973,425,254706667732,58,'A',1,1,1,'2018-07-04 18:52:38','2018-07-04 15:52:38'),
 (974,425,254724136986,58,'B',1,1,1,'2018-07-04 18:52:40','2018-07-04 15:52:40'),
 (975,425,254737778899,58,'B',1,1,1,'2018-07-04 18:52:44','2018-07-04 15:52:44'),
 (976,425,254729457262,58,'A',1,1,1,'2018-07-04 18:52:46','2018-07-04 15:52:46'),
 (977,425,254720514619,58,'A',1,1,1,'2018-07-04 18:52:47','2018-07-04 15:52:47'),
 (978,425,254707367956,58,'10',1,1,1,'2018-07-04 18:52:49','2018-07-04 15:52:49'),
 (979,425,254715704972,58,'A',1,1,1,'2018-07-04 18:52:51','2018-07-04 15:52:51'),
 (980,425,254741022388,58,'A',1,1,1,'2018-07-04 18:52:54','2018-07-04 15:52:54'),
 (981,425,254721541660,58,'A',1,1,1,'2018-07-04 18:52:55','2018-07-04 15:52:55'),
 (982,425,254707648639,58,'A',1,1,1,'2018-07-04 18:52:55','2018-07-04 15:52:55'),
 (983,425,254720054628,58,'A',1,1,1,'2018-07-04 18:52:56','2018-07-04 15:52:56'),
 (984,425,254722235261,58,'A',1,1,1,'2018-07-04 18:52:58','2018-07-04 15:52:58'),
 (985,425,254737778899,58,'0',1,1,1,'2018-07-04 18:53:00','2018-07-04 15:53:00'),
 (986,425,254724136986,58,'0',1,1,1,'2018-07-04 18:53:03','2018-07-04 15:53:03'),
 (987,425,254722526356,58,'A',1,1,1,'2018-07-04 18:53:04','2018-07-04 15:53:04'),
 (988,425,254720962087,58,'B',1,1,1,'2018-07-04 18:53:05','2018-07-04 15:53:05'),
 (989,425,254720792764,58,'A',1,1,1,'2018-07-04 18:53:07','2018-07-04 15:53:07'),
 (990,425,254722315513,58,'10',1,1,1,'2018-07-04 18:53:08','2018-07-04 15:53:08'),
 (991,425,254725582005,58,'A',1,1,1,'2018-07-04 18:53:09','2018-07-04 15:53:09'),
 (992,425,254723201624,58,'A',1,1,1,'2018-07-04 18:53:11','2018-07-04 15:53:11'),
 (993,425,254706667732,58,'10',1,1,1,'2018-07-04 18:53:15','2018-07-04 15:53:15'),
 (994,425,254725662764,58,'No',1,1,1,'2018-07-04 18:53:15','2018-07-04 15:53:15'),
 (995,425,254722868584,58,'A',1,1,1,'2018-07-04 18:53:16','2018-07-04 15:53:16'),
 (996,425,254718769216,58,'A',1,1,1,'2018-07-04 18:53:17','2018-07-04 15:53:17'),
 (997,425,254722526356,58,'4',1,1,1,'2018-07-04 18:53:19','2018-07-04 15:53:19'),
 (998,425,254722877660,58,'A.',1,1,1,'2018-07-04 18:53:19','2018-07-04 15:53:19'),
 (999,425,254725476664,58,'A',1,1,1,'2018-07-04 18:53:20','2018-07-04 15:53:20'),
 (1000,425,254728484884,58,'A',1,1,1,'2018-07-04 18:53:22','2018-07-04 15:53:22');
/*!40000 ALTER TABLE `surveyinmessages` ENABLE KEYS */;


--
-- Definition of trigger `surveyLogic`
--

DROP TRIGGER /*!50030 IF EXISTS */ `surveyLogic`;

DELIMITER $$

CREATE DEFINER = `root`@`localhost` TRIGGER `surveyLogic` AFTER INSERT ON `surveyinmessages` FOR EACH ROW main_label: begin
DECLARE s_participantType INT DEFAULT FALSE;
DECLARE p_allowed INT default 0;
DECLARE s_participated INT default FALSE;
DECLARE s_questionID INT default 0;
DECLARE current_questionID INT default 0;
DECLARE s_questionOneID INT default 0;
DECLARE s_questionOrder INT default 0;
DECLARE s_shortCode varChar(100) default "";
DECLARE s_status INT default FALSE;
DECLARE s_question1 varChar(1000) default '';
Declare s_expirationDate date default null;
Declare s_expirationMessage varchar(1000) default 'This survey has ended';
declare s_completionLimit int default null;
declare s_totalCompleted int default 0;
DECLARE s_declineMessage varChar(1000) default 'Sorry, you are not allowed to participate in this survey.';

call log_msg(concat('surveyLogic:: Now beginning the survey logic'));
select participantType, sourceAddr, endDate, expirationMessage, completionLimit into s_participantType, s_shortCode, s_expirationDate, s_expirationMessage, s_completionLimit from surveys s join bulkMessages.clientSourceAddr bcs on s.questionsShortcodeID=bcs.addrID where surveyID = NEW.surveyID;

IF s_expirationDate is not null and s_expirationDate < CURDATE() then
    call log_msg(concat('surveyLogic:: This survey has expired surveyID: ',new.surveyID));
    insert into surveyOutMessages values(null,new.surveyID,null,4,s_shortCode,new.MSISDN,s_expirationMessage,1,1,1,now(),now());  
    LEAVE main_label;      
end if; 

IF s_completionLimit is not null then

 select count(*) into s_totalCompleted from surveyAnswers where questionID = (select questionID from surveyQuestions where surveyID=new.surveyID order by 1 desc limit 1) and surveyID =new.surveyID;
  if s_totalCompleted > s_completionLimit then
    call log_msg(concat('surveyLogic:: This survey has reached its limit::',new.surveyID));
    insert into surveyOutMessages values(null,new.surveyID,null,4,s_shortCode,new.MSISDN,s_expirationMessage,1,1,1,now(),now());
    LEAVE main_label; 
   end if;
end if; 

call log_msg(concat('surveyLogic:: This survey is not expired and has not reached limit: surveyID ',new.surveyID));
if s_participantType =1 
then
        
        select count(MSISDN) into p_allowed from surveyAllowedParticipants where MSISDN = NEW.MSISDN and surveyID =NEW.surveyID limit 1;      
        if p_allowed >0 
        then
              call log_msg(concat('surveyLogic:: Allowed to participate so proceed'));
              CALL surveyNextQuestion(NEW.surveyID, new.MSISDN, s_shortCode, new.message, new.messageID);
        else 
               call log_msg(concat('surveyLogic:: Not allowed to participate'));
               
        end if; 
else 
        call log_msg(concat('surveyLogic:: Anybody can participate'));
          CALL surveyNextQuestion(NEW.surveyID,new.MSISDN, s_shortCode, new.message, new.messageID);
end if; 
END $$

DELIMITER ;

--
-- Definition of table `surveylogic`
--

DROP TABLE IF EXISTS `surveylogic`;
CREATE TABLE `surveylogic` (
  `logicID` int(11) NOT NULL AUTO_INCREMENT,
  `questionID` int(11) NOT NULL,
  `respondedQuestionID` int(11) NOT NULL,
  `response` varchar(255) NOT NULL,
  `status` smallint(6) NOT NULL,
  `createdBy` int(11) NOT NULL,
  `updatedBy` int(11) NOT NULL,
  `dateCreated` datetime NOT NULL,
  `dateModified` timestamp NOT NULL DEFAULT current_timestamp() ON UPDATE current_timestamp(),
  PRIMARY KEY (`logicID`)
) ENGINE=InnoDB AUTO_INCREMENT=11 DEFAULT CHARSET=latin1;

--
-- Dumping data for table `surveylogic`
--

/*!40000 ALTER TABLE `surveylogic` DISABLE KEYS */;
INSERT INTO `surveylogic` (`logicID`,`questionID`,`respondedQuestionID`,`response`,`status`,`createdBy`,`updatedBy`,`dateCreated`,`dateModified`) VALUES 
 (1,343,342,'B',1,601,601,'2019-04-24 07:18:36','2019-04-24 07:18:36'),
 (2,526,524,'B',1,163,163,'2019-10-23 16:23:34','2019-10-23 16:23:34'),
 (3,525,524,'A',1,163,163,'2019-10-23 16:25:04','2019-10-23 16:25:04'),
 (4,548,547,'A',1,406,406,'2019-12-17 14:19:18','2019-12-17 14:19:18'),
 (6,549,549,'A,B',1,406,406,'2019-12-17 14:29:12','2019-12-17 14:29:12'),
 (7,551,550,'A',1,406,406,'2019-12-17 14:51:49','2019-12-17 14:51:49'),
 (9,643,643,'A',1,406,406,'2020-09-23 15:43:19','2020-09-23 15:43:19'),
 (10,645,644,'B',1,696,696,'2020-09-23 17:20:14','2020-09-23 17:20:14');
/*!40000 ALTER TABLE `surveylogic` ENABLE KEYS */;


--
-- Definition of table `surveyoutmessages`
--

DROP TABLE IF EXISTS `surveyoutmessages`;
CREATE TABLE `surveyoutmessages` (
  `messageID` int(11) NOT NULL AUTO_INCREMENT,
  `surveyID` int(11) NOT NULL,
  `questionID` int(11) DEFAULT NULL,
  `messageType` int(11) NOT NULL,
  `sourceAddr` varchar(15) NOT NULL,
  `destAddr` bigint(15) NOT NULL,
  `message` text NOT NULL,
  `status` int(11) NOT NULL,
  `createdBy` int(11) NOT NULL,
  `updatedBy` int(11) NOT NULL,
  `dateCreated` datetime NOT NULL,
  `dateModified` timestamp NOT NULL DEFAULT current_timestamp() ON UPDATE current_timestamp(),
  PRIMARY KEY (`messageID`)
) ENGINE=InnoDB DEFAULT CHARSET=latin1;

--
-- Dumping data for table `surveyoutmessages`
--

/*!40000 ALTER TABLE `surveyoutmessages` DISABLE KEYS */;
/*!40000 ALTER TABLE `surveyoutmessages` ENABLE KEYS */;


--
-- Definition of trigger `sendResponses`
--

DROP TRIGGER /*!50030 IF EXISTS */ `sendResponses`;

DELIMITER $$

CREATE DEFINER = `root`@`localhost` TRIGGER `sendResponses` BEFORE INSERT ON `surveyoutmessages` FOR EACH ROW begin
DECLARE messageIDD INT default 0;
DECLARE clientIDD int default null;
DECLARE v_route_info text default ""; 
DECLARE var_dlr_url text;
DECLARE final_dlr_url text;
DECLARE var_append_dlr_url tinyint(3) default 0;
DECLARE v_network_id bigint(20) unsigned DEFAULT 0;
DECLARE theRouteUSed varChar(200) DEFAULT '';
DECLARE v_sender_id varchar(255) DEFAULT "";
DECLARE var_the_client_message_id varChar(32) default '';
DECLARE outboundIDD INT DEFAULT FALSE;
DECLARE var_serviceID varChar(200) DEFAULT 'null';
DECLARE var_linkID varChar(200) DEFAULT 'null';
DECLARE var_offerCode varChar(200) DEFAULT 'null'; 

IF NEW.status=1 and NEW.dateCreated>subdate(NOW(),INTERVAL 10 MINUTE) THEN

select clientID into clientIDD from surveys surv where surveyID=NEW.surveyID;

insert into bulkMessages.outMessages (messageContent,messageLength ,messagePages ,status ,replyID,dateCreated,dateModified,createdBy,updatedBy) values (NEW.message,length(NEW.message),CEIL(length(NEW.message)/160),0,0,now(),now(),1,1);

SELECT LAST_INSERT_ID() into messageIDD;


SELECT bulkMessages.getRouteV2(clientIDD,NEW.destaddr,NEW.sourceAddr) INTO v_route_info;


select JSON_UNQUOTE(JSON_EXTRACT(v_route_info,'$.route_name'))  INTO theRouteUSed ;
select JSON_UNQUOTE(JSON_EXTRACT(v_route_info,'$.sender_id')) INTO v_sender_id ;
select JSON_UNQUOTE(JSON_EXTRACT(v_route_info,'$.network_id'))  INTO v_network_id ;
select JSON_UNQUOTE(JSON_EXTRACT(v_route_info,'$.dlr_url'))  INTO var_dlr_url ;
select JSON_UNQUOTE(JSON_EXTRACT(v_route_info,'$.append_dlr_url'))  INTO var_append_dlr_url ;


SELECT md5(concat(NEW.messageID,UUID_SHORT())) AS var_the_client_message_id into var_the_client_message_id;


insert into bulkMessages.outBound(clientID,messageID,sourceAddr,destaddr,status,firstSend,nextSend,lastSend,dateCreated,numberOfSends,expiryDate,delivered,deliverTime,resend,maxSends,resendFrequency,dateModified,correlator,scheduleID,messageType,sdp_serviceID ,clientMessageID,networkID,routeUsed) 
values(clientIDD, messageIDD,NEW.sourceAddr,NEW.destaddr,0,'1900-01-01 00:00:00','1900-01-01 00:00:00','1900-01-01 00:00:00',NOW(),0,adddate(now(),interval 24 hour),0,'1900-01-01 00:00:00',1,3,1,NOW(),NULL,0,1,NULL,var_the_client_message_id,v_network_id,theRouteUSed);

SELECT LAST_INSERT_ID() into outboundIDD;





if var_append_dlr_url = 1
then

SELECT REPLACE(var_dlr_url, '@messageID', var_the_client_message_id) INTO final_dlr_url;

SELECT REPLACE(final_dlr_url, '@outboundID', outboundIDD) INTO final_dlr_url;

insert into mtech.api_sqlbox_send_sms(momt,sender,receiver,msgdata,smsc_id,meta_data,time,account,priority,dlr_url,dlr_mask,sms_type,coding,boxc_id,service) values('mt',v_sender_id,NEW.destaddr,bulkMessages.urlencode(NEW.message),theRouteUSed,concat('?http?SERVICEID=',var_serviceID,'%26linkID=',COALESCE(var_linkID,''),'%26OFFERCODE=',COALESCE(var_offerCode,''),'%26outboundID=',outboundIDD,'%26user=',clientIDD,'%26messageID=', var_the_client_message_id,'%26origin=bulkV2','%26coding=',0),UNIX_TIMESTAMP(),clientIDD,0,final_dlr_url,3,2,bulkMessages.urlencode(0),'sqlbox_api_remote2',v_network_id);

else
insert into mtech.api_sqlbox_send_sms(momt,sender,receiver,msgdata,smsc_id,meta_data,time,account,priority,dlr_mask,sms_type,coding,boxc_id,service) values('mt',v_sender_id,NEW.destaddr,bulkMessages.urlencode(NEW.message),theRouteUSed,concat('?http?SERVICEID=',var_serviceID,'%26linkID=',COALESCE(var_linkID,''),'%26OFFERCODE=',COALESCE(var_offerCode,''),'%26outboundID=',outboundIDD,'%26user=',clientIDD,'%26messageID=', var_the_client_message_id,'%26origin=bulkV2','%26coding=',0),UNIX_TIMESTAMP(),clientIDD,0,3,2,bulkMessages.urlencode(0),'sqlbox_api_remote2',v_network_id);
end if;


SET NEW.status=3;

END IF;

END $$

DELIMITER ;

--
-- Definition of table `surveyoutmessagetypes`
--

DROP TABLE IF EXISTS `surveyoutmessagetypes`;
CREATE TABLE `surveyoutmessagetypes` (
  `messageTypeID` int(11) NOT NULL AUTO_INCREMENT,
  `messageType` varchar(30) NOT NULL,
  `extra` text DEFAULT NULL,
  `status` int(11) NOT NULL,
  `createdBy` int(11) NOT NULL,
  `updatedBy` int(11) NOT NULL,
  `dateCreated` datetime NOT NULL,
  `dateModified` timestamp NOT NULL DEFAULT current_timestamp() ON UPDATE current_timestamp(),
  PRIMARY KEY (`messageTypeID`)
) ENGINE=InnoDB AUTO_INCREMENT=5 DEFAULT CHARSET=latin1;

--
-- Dumping data for table `surveyoutmessagetypes`
--

/*!40000 ALTER TABLE `surveyoutmessagetypes` DISABLE KEYS */;
INSERT INTO `surveyoutmessagetypes` (`messageTypeID`,`messageType`,`extra`,`status`,`createdBy`,`updatedBy`,`dateCreated`,`dateModified`) VALUES 
 (1,'Invitations',NULL,1,1,1,'2017-05-24 00:00:00','2017-05-24 12:04:54'),
 (2,'Reminders',NULL,1,1,1,'2017-05-24 00:00:00','2017-05-24 12:04:54'),
 (3,'Expiration',NULL,1,1,1,'2017-05-24 00:00:00','2017-05-24 12:06:38'),
 (4,'Survey',NULL,1,1,1,'2017-05-17 00:00:00','2017-05-24 12:06:38');
/*!40000 ALTER TABLE `surveyoutmessagetypes` ENABLE KEYS */;


--
-- Definition of table `surveyparticipanttypes`
--

DROP TABLE IF EXISTS `surveyparticipanttypes`;
CREATE TABLE `surveyparticipanttypes` (
  `typeID` int(11) NOT NULL AUTO_INCREMENT,
  `typeName` varchar(30) NOT NULL,
  `status` int(11) NOT NULL,
  `createdBy` int(11) NOT NULL,
  `updatedBy` int(11) NOT NULL,
  `dateCreated` datetime NOT NULL,
  `dateModified` timestamp NOT NULL DEFAULT current_timestamp() ON UPDATE current_timestamp(),
  PRIMARY KEY (`typeID`)
) ENGINE=InnoDB AUTO_INCREMENT=3 DEFAULT CHARSET=latin1;

--
-- Dumping data for table `surveyparticipanttypes`
--

/*!40000 ALTER TABLE `surveyparticipanttypes` DISABLE KEYS */;
INSERT INTO `surveyparticipanttypes` (`typeID`,`typeName`,`status`,`createdBy`,`updatedBy`,`dateCreated`,`dateModified`) VALUES 
 (1,'Only invited',1,1,1,'2017-05-24 00:00:00','2017-05-24 12:03:05'),
 (2,'Anybody',1,1,1,'2017-05-17 00:00:00','2017-05-24 12:03:05');
/*!40000 ALTER TABLE `surveyparticipanttypes` ENABLE KEYS */;


--
-- Definition of table `surveyquestions`
--

DROP TABLE IF EXISTS `surveyquestions`;
CREATE TABLE `surveyquestions` (
  `questionID` int(11) NOT NULL AUTO_INCREMENT,
  `surveyID` int(11) NOT NULL,
  `answerTypeID` int(11) NOT NULL,
  `question` text NOT NULL,
  `autoProgressTime` int(11) DEFAULT NULL,
  `invalidAnswerResponse` text DEFAULT NULL,
  `passKeywords` text DEFAULT NULL,
  `required` enum('Yes','No') NOT NULL,
  `helpText` text DEFAULT NULL,
  `ignoredReponses` text DEFAULT NULL,
  `extra` text DEFAULT NULL,
  `status` int(11) NOT NULL,
  `createdBy` int(11) NOT NULL,
  `updatedBy` int(11) NOT NULL,
  `dateCreated` datetime NOT NULL,
  `dateModified` timestamp NOT NULL DEFAULT current_timestamp() ON UPDATE current_timestamp(),
  `questionOrder` int(11) NOT NULL,
  PRIMARY KEY (`questionID`),
  KEY `surveyID` (`surveyID`),
  CONSTRAINT `surveyQuestions_ibfk_1` FOREIGN KEY (`surveyID`) REFERENCES `surveys` (`surveyID`) ON DELETE CASCADE ON UPDATE NO ACTION
) ENGINE=InnoDB AUTO_INCREMENT=745 DEFAULT CHARSET=latin1;

--
-- Dumping data for table `surveyquestions`
--

/*!40000 ALTER TABLE `surveyquestions` DISABLE KEYS */;
INSERT INTO `surveyquestions` (`questionID`,`surveyID`,`answerTypeID`,`question`,`autoProgressTime`,`invalidAnswerResponse`,`passKeywords`,`required`,`helpText`,`ignoredReponses`,`extra`,`status`,`createdBy`,`updatedBy`,`dateCreated`,`dateModified`,`questionOrder`) VALUES 
 (17,2,1,'Have you participated in the #ChangeTheStory ?',NULL,'Check your choice and try again','','Yes',NULL,NULL,NULL,1,431,431,'2018-05-09 10:41:37','2018-05-09 10:41:37',1),
 (18,2,8,'Would you recommend to your friends and why?',NULL,'Check your answer and try again','','Yes',NULL,NULL,NULL,1,431,431,'2018-05-09 10:44:04','2018-05-09 10:44:04',2),
 (25,5,8,'Have ever heard of NIC Ventures?',NULL,'','','Yes',NULL,NULL,NULL,1,431,431,'2018-05-10 18:03:09','2018-05-10 18:03:09',1),
 (27,5,8,'How likely are you to migrate from your current banking partner.',NULL,'','','Yes',NULL,NULL,NULL,1,431,431,'2018-05-10 18:06:47','2018-05-10 18:06:47',2),
 (28,5,2,'Are you married?',NULL,'','','Yes',NULL,NULL,NULL,1,431,431,'2018-05-10 18:07:51','2018-05-10 18:07:51',3),
 (29,6,2,'Have you heard about our credit card discounts at Amara Spa?',NULL,'','','Yes',NULL,NULL,NULL,1,431,431,'2018-05-11 16:58:19','2018-05-11 16:58:19',1),
 (30,6,2,'Have you ever used an NIC Debit card at a POS',NULL,'','','Yes',NULL,NULL,NULL,1,431,431,'2018-05-11 16:59:09','2018-05-11 16:59:09',2),
 (31,6,8,'What is your age?',NULL,'','','Yes',NULL,NULL,NULL,1,431,431,'2018-05-11 17:00:12','2018-05-11 17:00:12',3),
 (32,6,6,'On a scale of 1 to 10 how do you rate our bank services.',NULL,'','','Yes',NULL,NULL,NULL,1,431,431,'2018-05-11 17:01:36','2018-05-11 17:01:36',4),
 (33,7,6,'On a scale of 1-10 how likely are you to recommend NIC Bank services to your family and friends?',NULL,'Please select a number between 1 and 10','','Yes',NULL,NULL,NULL,1,431,431,'2018-05-16 09:16:21','2018-05-16 09:16:21',1),
 (34,7,8,'Please give a reason for your rating.',NULL,'Please provide more than two words','','Yes',NULL,NULL,NULL,1,431,431,'2018-05-16 09:18:38','2018-05-16 09:18:38',2),
 (35,8,2,'Do you know Clifford?',NULL,'','','Yes',NULL,NULL,NULL,1,431,431,'2018-05-16 09:37:26','2018-05-16 09:37:26',1),
 (36,8,8,'How long have you known him?',NULL,'','','Yes',NULL,NULL,NULL,1,431,431,'2018-05-16 09:38:27','2018-05-16 09:38:27',2),
 (51,14,6,'Please rate our services',NULL,'','','Yes',NULL,NULL,NULL,1,431,431,'2018-05-18 17:18:41','2018-05-18 17:18:41',1),
 (52,14,8,'give a reason based on your answer above',NULL,'','','Yes',NULL,NULL,NULL,1,431,431,'2018-05-18 17:19:32','2018-05-18 17:19:32',2),
 (54,15,8,'What is your domicile branch?',NULL,'','','Yes',NULL,NULL,NULL,1,431,431,'2018-05-21 11:11:46','2018-05-21 11:11:46',1),
 (55,15,8,'How long have you been banking with NIC Bank.',NULL,'','','Yes',NULL,NULL,NULL,1,431,431,'2018-05-21 11:12:46','2018-05-21 11:12:46',2),
 (56,16,2,'How was your experience when using the NIC Gold Debit Card?',NULL,'','','Yes',NULL,NULL,NULL,1,431,431,'2018-05-21 11:30:16','2018-05-21 11:30:16',1),
 (57,16,8,'Please state your age.',NULL,'','','Yes',NULL,NULL,NULL,1,431,431,'2018-05-21 11:31:14','2018-05-21 11:31:14',2),
 (58,17,6,'On a scale of 1 to 10 how do you rate our services?1 being the least, 10 being the highest.',NULL,'','','Yes',NULL,NULL,NULL,1,431,431,'2018-05-21 11:56:09','2018-05-21 11:56:09',1),
 (59,17,8,'How long have you been banking with NIC Bank?',NULL,'','','Yes',NULL,NULL,NULL,1,431,431,'2018-05-21 11:56:56','2018-05-21 11:56:56',2),
 (60,18,8,'How long have you been banking with us?',NULL,'','','Yes',NULL,NULL,NULL,1,431,431,'2018-05-21 16:38:46','2018-05-21 16:38:46',1),
 (61,18,8,'What other services would you like to enjoy at NIC Bank?',NULL,'','','Yes',NULL,NULL,NULL,1,431,431,'2018-05-21 16:39:31','2018-05-21 16:39:31',2),
 (69,22,1,'How many years have you been an NIC customer? ',NULL,'Please select either A, B, C, or D','','Yes',NULL,NULL,NULL,1,263,263,'2018-05-24 09:24:13','2018-05-24 09:24:13',1),
 (70,22,6,'On a scale of 1 to 10, how likely are you to recommend NIC bank to your family and friends?',NULL,'Please choose a rating between 1 and 10','','Yes',NULL,NULL,NULL,1,263,263,'2018-05-24 09:25:10','2018-05-24 09:25:10',2),
 (71,22,8,'Please give a reason for the rating',NULL,'Please provide a valid response','','Yes',NULL,NULL,NULL,1,263,263,'2018-05-24 09:25:59','2018-05-24 09:25:59',3),
 (79,29,2,'What other services would you like us to introduce into the current market? ',NULL,'','','Yes',NULL,NULL,NULL,1,431,431,'2018-05-28 13:44:02','2018-05-28 13:44:02',1),
 (80,29,8,'Do you like the current activities suggested by team members in your House?',NULL,'','','Yes',NULL,NULL,NULL,1,431,431,'2018-05-28 13:45:32','2018-05-28 13:45:32',2),
 (81,30,1,'Please state your house name',NULL,'Please select either A, B, C, D or E','','Yes',NULL,NULL,NULL,1,263,263,'2018-05-30 09:04:40','2018-05-30 09:04:40',1),
 (82,30,8,'Has your captain communicated on the team activities to be carried out? ',NULL,'','','Yes',NULL,NULL,NULL,1,263,263,'2018-05-30 09:05:45','2018-05-30 09:05:45',2),
 (83,30,6,'On a scale of 1 to 10, how likely are you to recommend your team to your colleagues? ',NULL,'','','Yes',NULL,NULL,NULL,1,263,263,'2018-05-30 09:06:28','2018-05-30 09:06:28',3),
 (84,32,8,'On a scale of 0 to 10 how would you rate the services at the Chocolate Factory?',1,'Invalid answer','','Yes',NULL,NULL,NULL,1,336,336,'2018-06-07 11:17:59','2018-06-07 11:17:59',1),
 (88,33,6,'On a scale of 1 to 10 (with 1 being disappointing and 10 being fantastic) how would you rate our services?',1,'Invalid answer. ','','Yes',NULL,NULL,NULL,1,336,336,'2018-06-07 11:34:05','2018-06-07 11:34:05',1),
 (90,34,8,'On a scale of 0 to 10 how likely are you to recommend us to friends and family?',1,'Invalid Answer','','Yes',NULL,NULL,NULL,1,336,336,'2018-06-07 13:11:58','2018-06-07 13:11:58',1),
 (93,35,8,'On a scale of 0 to 10 with 0 being disappointing and 10 being fantastic how would rate our services?',1,'Invalid answer.','','Yes',NULL,NULL,NULL,1,336,336,'2018-06-07 13:26:18','2018-06-07 13:26:18',1),
 (95,36,1,'Do you use the NIC mobile banking application? ',NULL,'Please answer with either A for Yes or B for No','','Yes',NULL,NULL,NULL,1,263,263,'2018-06-08 08:08:58','2018-06-08 08:08:58',1),
 (96,36,8,'Please let us know what you would like improved in the application',NULL,'','','Yes',NULL,NULL,NULL,1,263,263,'2018-06-08 08:09:33','2018-06-08 08:09:33',2),
 (97,36,6,'On a scale of 1 to 10 , how likely are you to recommend NIC Mobile banking application to your family and friends',NULL,'Please answer with a value between 1 and 10','','Yes',NULL,NULL,NULL,1,263,263,'2018-06-08 08:10:20','2018-06-08 08:10:20',3),
 (98,37,8,'On a scale of 0 to 10 with 0 being disappointing and 10 being fantastic how would you rate our services?',1,'Invalid Answer','','Yes',NULL,NULL,NULL,1,336,336,'2018-06-08 13:35:47','2018-06-08 13:35:47',1),
 (100,39,1,'Do you use the NIC NOW Mobile Banking App? ',NULL,'Please respond with either A for Yes or B for No','','Yes',NULL,NULL,NULL,1,263,263,'2018-06-08 14:48:58','2018-06-08 14:48:58',1),
 (101,39,8,'Please let us know what new feature you would like added to NIC NOW Mobile Banking App. ',NULL,'','','Yes',NULL,NULL,NULL,1,263,263,'2018-06-08 14:49:28','2018-06-08 14:49:28',2),
 (102,39,6,'On a scale of 0 to 10 , with 0 being very unlikely, how likely are you to recommend the NIC NOW Mobile Banking App to your family and friends?',NULL,'Please respond with a value between 1 and 10','','Yes',NULL,NULL,NULL,1,263,263,'2018-06-08 14:50:22','2018-06-08 14:50:22',3),
 (104,41,2,'Do you use the NIC NOW Mobile Banking App? ',NULL,'','','Yes',NULL,NULL,NULL,1,431,431,'2018-06-14 11:05:16','2018-06-14 11:05:16',1),
 (105,41,8,'Please let us know what new feature you would like added to NIC NOW Mobile Banking App.',NULL,'','','Yes',NULL,NULL,NULL,1,431,431,'2018-06-14 11:06:06','2018-06-14 11:06:06',2),
 (106,41,6,'On a scale of 0 to 10, with 0 being very unlikely, how likely are you to recommend the NIC NOW Mobile Banking App to your family and friends?',NULL,'','','Yes',NULL,NULL,NULL,1,431,431,'2018-06-14 11:06:50','2018-06-14 11:06:50',3),
 (109,45,8,'On a scale of 0 to 10 (with 0 being disappointing and 10 being fantastic) how likely are you to recommend us to your family and friends?',1,'Invalid answer','','Yes',NULL,NULL,NULL,1,336,336,'2018-06-19 18:38:43','2018-06-19 18:38:43',1),
 (111,46,8,'How would you rate the service on a scale of 0 to 10 (with 0 being disappointing and 10 being fantastic)?',3,'Invalid Option','','Yes',NULL,NULL,NULL,1,336,336,'2018-06-20 11:27:48','2018-06-20 11:27:48',1),
 (115,47,8,'Would you recommend the camp to family and friends?',2,'Invalid answer','','Yes',NULL,NULL,NULL,1,336,336,'2018-06-20 11:41:34','2018-06-20 11:41:34',1),
 (116,47,10,'What recommendations would you give Camp Smiley.',4,'Invalid answer','','Yes',NULL,NULL,NULL,1,336,336,'2018-06-20 11:44:13','2018-06-20 11:44:13',2),
 (124,50,1,'Was the issue you called about addressed satisfactorily?',NULL,'Please enter A for Yes or B for No','','Yes',NULL,NULL,NULL,1,263,263,'2018-06-25 17:07:45','2018-06-25 17:07:45',1),
 (125,51,1,'Was the issue you called about addressed satisfactorily? ',NULL,'','','Yes',NULL,NULL,NULL,1,263,263,'2018-06-26 12:23:23','2018-06-26 12:23:23',1),
 (126,52,1,'Was the issue you called about addressed satisfactorily? ',NULL,'Please answer with A for Yes and B for No','','Yes',NULL,NULL,NULL,1,263,263,'2018-06-27 16:06:10','2018-06-27 16:06:10',1),
 (127,52,6,'Based on your experience, how likely are you to recommend  the NIC Bank Customer Contact Centre to your friends or colleagues? (0= not likely, 10= very unlikely)',NULL,'','','Yes',NULL,NULL,NULL,1,263,263,'2018-06-27 16:06:32','2018-06-27 16:06:32',2),
 (128,52,8,'Is there anything else that you would like to tell us about your experience with us',NULL,'','','Yes',NULL,NULL,NULL,1,263,263,'2018-06-27 16:09:22','2018-06-27 16:09:22',3),
 (132,54,1,'Was the issue you called about addressed satisfactorily? ',NULL,'Please respond with A for Yes or B for No','','Yes',NULL,NULL,NULL,1,263,263,'2018-06-28 16:56:05','2018-06-28 16:56:05',1),
 (133,54,6,'Based on your experience, how likely are you to recommend  the NIC Bank Customer Contact Centre to your friends or colleagues? (0= not likely, 10= very unlikely)',NULL,'','','Yes',NULL,NULL,NULL,1,263,263,'2018-06-28 16:56:35','2018-06-28 16:56:35',2),
 (134,54,8,'Is there anything else that you would like to tell us about your experience with us?',NULL,'','','Yes',NULL,NULL,NULL,1,263,263,'2018-06-28 16:57:00','2018-06-28 16:57:00',3),
 (135,55,1,'Was the issue you called about addressed satisfactorily? ',NULL,'Please answer with A for Yes or B for No','','Yes',NULL,NULL,NULL,1,263,263,'2018-06-29 17:19:13','2018-06-29 17:19:13',1),
 (136,55,6,'On a scale of 0 to 10, based on your experience, how likely are you to recommend the NIC Bank Customer Contact Centre to your friends or colleagues? (0= not likely, 10= very likely) ',NULL,'Please respond with a value between 0 and 10','','Yes',NULL,NULL,NULL,1,263,263,'2018-06-29 17:34:56','2018-06-29 17:34:56',2),
 (137,55,8,'Is there anything else that you would like to tell us about your experience with us?',NULL,'','','Yes',NULL,NULL,NULL,1,263,263,'2018-06-29 17:35:23','2018-06-29 17:35:23',3),
 (138,56,1,'Was the issue you called about addressed satisfactorily? ',NULL,'Please respond with A for Yes or B for No','','Yes',NULL,NULL,NULL,1,263,263,'2018-07-02 17:45:22','2018-07-02 17:45:22',1),
 (139,56,6,'On a scale of 0 to 10, based on your experience, how likely are you to recommend  the NIC Bank Customer Contact Centre to your friends or colleagues? (0= not likely, 10= very likely) ',NULL,'Please respond with a value between 0 and 10','','Yes',NULL,NULL,NULL,1,263,263,'2018-07-02 17:46:22','2018-07-02 17:46:22',2),
 (140,56,8,'Is there anything else that you would like to tell us about your experience with us? ',NULL,'','','Yes',NULL,NULL,NULL,1,263,263,'2018-07-02 17:46:48','2018-07-02 17:46:48',3),
 (141,57,1,'Was the issue you called about addressed satisfactorily?',NULL,'Please respond with A for Yes or B for No.','','Yes',NULL,NULL,NULL,1,263,263,'2018-07-03 17:36:13','2018-07-03 17:36:13',1),
 (142,57,6,'On a scale of 0 to 10, based on your experience, how likely are you to recommend  the NIC Bank Customer Contact Centre to your friends or colleagues? (0= not likely, 10= very likely) ',NULL,'Please respond with a value between 0 and 10','','Yes',NULL,NULL,NULL,1,263,263,'2018-07-03 17:37:13','2018-07-03 17:37:13',2),
 (143,57,8,'Is there anything else that you would like to tell us about your experience with us?',NULL,'','','Yes',NULL,NULL,NULL,1,263,263,'2018-07-03 17:37:36','2018-07-03 17:37:36',3),
 (144,58,1,'Was the issue you called about addressed satisfactorily',NULL,'Please answer with A for Yes or B for No','','Yes',NULL,NULL,NULL,1,263,263,'2018-07-04 18:45:33','2018-07-04 18:45:33',1),
 (145,58,6,'On a scale of 0 to 10, based on your experience, how likely are you to recommend the NIC Bank Customer Contact Centre to your friends or colleagues? (0= not likely, 10= very likely) ',NULL,'Please respond with a value between 0 and 10','','Yes',NULL,NULL,NULL,1,263,263,'2018-07-04 18:46:09','2018-07-04 18:46:09',2),
 (146,58,8,'Is there anything else that you would like to tell us about your experience with us?',NULL,'','','Yes',NULL,NULL,NULL,1,263,263,'2018-07-04 18:46:40','2018-07-04 18:46:40',3),
 (147,59,1,'Was the issue you called about addressed satisfactorily? ',NULL,'Please answer with A for Yes or B for No','','Yes',NULL,NULL,NULL,1,263,263,'2018-07-05 18:56:35','2018-07-05 18:56:35',1),
 (148,59,6,'On a scale of 0 to 10, based on your experience, how likely are you to recommend the NIC Bank Customer Contact Centre to your friends or colleagues? (0= not likely, 10= very likely) ',NULL,'Please answer with a value between 0 and 10','','Yes',NULL,NULL,NULL,1,263,263,'2018-07-05 18:57:08','2018-07-05 18:57:08',2),
 (149,59,8,'Is there anything else that you would like to tell us about your experience with us?',NULL,'','','Yes',NULL,NULL,NULL,1,263,263,'2018-07-05 18:57:28','2018-07-05 18:57:28',3),
 (150,60,1,'Was the issue you called about addressed satisfactorily? ',NULL,'Please respond with A for Yes or B for No','','Yes',NULL,NULL,NULL,1,263,263,'2018-07-06 18:04:05','2018-07-06 18:04:05',1),
 (151,60,6,'On a scale of 0 to 10, based on your experience, how likely are you to recommend the NIC Bank Customer Contact Centre to your friends or colleagues? (0= not likely, 10= very likely) ',NULL,'Please respond with a value between 0 and 10','','Yes',NULL,NULL,NULL,1,263,263,'2018-07-06 18:04:49','2018-07-06 18:04:49',2),
 (152,60,8,'Is there anything else that you would like to tell us about your experience with us?',NULL,'','','Yes',NULL,NULL,NULL,1,263,263,'2018-07-06 18:05:16','2018-07-06 18:05:16',3),
 (153,61,1,'Was the issue you called about addressed satisfactorily? ',NULL,'Please answer with A for Yes and B for No \r\n ','','Yes',NULL,NULL,NULL,1,263,263,'2018-07-09 17:53:00','2018-07-09 17:53:00',1),
 (154,61,6,'On a scale of 0 to 10, based on your experience, how likely are you to recommend the NIC Bank Customer Contact Centre to your friends or colleagues? (0= not likely, 10= very likely) ',NULL,'Please answer with a value between 0 and 10','','Yes',NULL,NULL,NULL,1,263,263,'2018-07-09 17:54:38','2018-07-09 17:54:38',2),
 (155,61,8,'Is there anything else that you would like to tell us about your experience with us?',NULL,'','','Yes',NULL,NULL,NULL,1,263,263,'2018-07-09 17:54:59','2018-07-09 17:54:59',3),
 (156,62,1,'Was the issue you called about addressed satisfactorily? ',NULL,'Please answer with A for Yes or B for No','','Yes',NULL,NULL,NULL,1,263,263,'2018-07-10 18:40:15','2018-07-10 18:40:15',1),
 (157,62,6,'On a scale of 0 to 10, based on your experience, how likely are you to recommend the NIC Bank Customer Contact Centre to your friends or colleagues? (0= not likely, 10= very likely) ',NULL,'Please respond with a value between 0 or 10','','Yes',NULL,NULL,NULL,1,263,263,'2018-07-10 18:40:54','2018-07-10 18:40:54',2),
 (158,62,8,'Is there anything else that you would like to tell us about your experience with us?',NULL,'','','Yes',NULL,NULL,NULL,1,263,263,'2018-07-10 18:41:14','2018-07-10 18:41:14',3),
 (159,63,1,'Was the issue you called about addressed satisfactorily? ',NULL,'Please respond with A for Yes or B for No ','','Yes',NULL,NULL,NULL,1,263,263,'2018-07-11 17:20:30','2018-07-11 17:20:30',1),
 (160,63,6,'On a scale of 0 to 10, based on your experience, how likely are you to recommend the NIC Bank Customer Contact Centre to your friends or colleagues? (0= not likely, 10= very likely) ',NULL,'Please respond with a value between 0 and 10','','Yes',NULL,NULL,NULL,1,263,263,'2018-07-11 17:21:10','2018-07-11 17:21:10',2),
 (161,63,8,'Is there anything else that you would like to tell us about your experience with us?',NULL,'','','Yes',NULL,NULL,NULL,1,263,263,'2018-07-11 17:21:50','2018-07-11 17:21:50',3),
 (162,64,8,'What are some of the reasons for your score?',5,'Invalid Answer','','Yes',NULL,NULL,NULL,1,336,336,'2018-07-11 17:26:50','2018-07-11 17:26:50',1),
 (164,65,1,'Was the issue you called about addressed satisfactorily?',NULL,'Please respond with A for Yes or B for No','','Yes',NULL,NULL,NULL,1,263,263,'2018-07-12 17:10:47','2018-07-12 17:10:47',1),
 (165,65,6,'On a scale of 0 to 10, based on your experience, how likely are you to recommend the NIC Bank Customer Contact Centre to your friends or colleagues? (0= not likely, 10= very likely) \r\n',NULL,'Please answer with a value between 0 and 10','','Yes',NULL,NULL,NULL,1,263,263,'2018-07-12 17:11:23','2018-07-12 17:11:23',2),
 (166,65,8,'Is there anything else that you would like to tell us about your experience with us?',NULL,'','','Yes',NULL,NULL,NULL,1,263,263,'2018-07-12 17:11:55','2018-07-12 17:11:55',3),
 (167,66,1,'Was the issue you called about addressed satisfactorily?',NULL,'Please respond with A for Yes or B for No','','Yes',NULL,NULL,NULL,1,263,263,'2018-07-13 17:15:23','2018-07-13 17:15:23',1),
 (168,66,6,'On a scale of 0 to 10, based on your experience, how likely are you to recommend the NIC Bank Customer Contact Centre to your friends or colleagues? (0= not likely, 10= very likely) ',NULL,'Please respond with a value between 0 and 10','','Yes',NULL,NULL,NULL,1,263,263,'2018-07-13 17:16:12','2018-07-13 17:16:12',2),
 (169,66,8,'Is there anything else that you would like to tell us about your experience with us?',NULL,'','','Yes',NULL,NULL,NULL,1,263,263,'2018-07-13 17:18:37','2018-07-13 17:18:37',3),
 (170,67,1,'Was the issue you called about addressed satisfactorily?',NULL,'Please respond with A for Yes or B for No','','Yes',NULL,NULL,NULL,1,263,263,'2018-07-16 17:06:40','2018-07-16 17:06:40',1),
 (171,67,6,'On a scale of 0 to 10, based on your experience, how likely are you to recommend the NIC Bank Customer Contact Centre to your friends or colleagues? (0= not likely, 10= very likely) ',NULL,'Please respond with a value between 0 and 10','','Yes',NULL,NULL,NULL,1,263,263,'2018-07-16 17:07:09','2018-07-16 17:07:09',2),
 (172,67,8,'Is there anything else that you would like to tell us about your experience with us?',NULL,'','','Yes',NULL,NULL,NULL,1,263,263,'2018-07-16 17:07:32','2018-07-16 17:07:32',3),
 (173,68,1,'Was the issue you called about addressed satisfactorily? ',NULL,'Please respond with A for Yes or B for No.','','Yes',NULL,NULL,NULL,1,263,263,'2018-07-17 17:03:29','2018-07-17 17:03:29',1),
 (174,68,6,'On a scale of 0 to 10, based on your experience, how likely are you to recommend the NIC Bank Customer Contact Centre to your friends or colleagues? (0= not likely, 10= very likely) ',NULL,'Please respond with a value between 0 and 10','','Yes',NULL,NULL,NULL,1,263,263,'2018-07-17 17:04:31','2018-07-17 17:04:31',2),
 (175,68,8,'Is there anything else that you would like to tell us about your experience with us?',NULL,'','','Yes',NULL,NULL,NULL,1,263,263,'2018-07-17 17:04:57','2018-07-17 17:04:57',3),
 (176,69,8,'On a range of 0 to 10 (with 0 being disappointing and 10 being fantastic) how would you rate our services?',5,'Invalid Answer','','No',NULL,NULL,NULL,1,336,336,'2018-07-18 16:28:36','2018-07-18 16:28:36',1),
 (178,70,1,'Was the issue you called about addressed satisfactorily?',NULL,'Please respond with A for Yes or B for No','','Yes',NULL,NULL,NULL,1,263,263,'2018-07-19 16:58:15','2018-07-19 16:58:15',1),
 (179,70,6,'On a scale of 0 to 10, based on your experience, how likely are you to recommend the NIC Bank Customer Contact Centre to your friends or colleagues? (0= not likely, 10= very likely) ',NULL,'Please respond with a value between 0 and 10','','Yes',NULL,NULL,NULL,1,263,263,'2018-07-19 16:58:52','2018-07-19 16:58:52',2),
 (180,70,8,'Is there anything else that you would like to tell us about your experience with us?',NULL,'','','Yes',NULL,NULL,NULL,1,263,263,'2018-07-19 16:59:05','2018-07-19 16:59:05',3),
 (181,71,1,'Was the issue you called about addressed satisfactorily? \r\n',NULL,'Please respond with A for Yes or B for No','','Yes',NULL,NULL,NULL,1,263,263,'2018-07-20 13:30:41','2018-07-20 13:30:41',1),
 (182,71,6,'On a scale of 0 to 10, based on your experience, how likely are you to recommend the NIC Bank Customer Contact Centre to your friends or colleagues? (0= not likely, 10= very likely) ',NULL,'Please respond with a value between 0 and 10','','Yes',NULL,NULL,NULL,1,263,263,'2018-07-20 13:31:06','2018-07-20 13:31:06',2),
 (183,71,8,'Is there anything else that you would like to tell us about your experience with us?',NULL,'','','Yes',NULL,NULL,NULL,1,263,263,'2018-07-20 13:31:23','2018-07-20 13:31:23',3),
 (184,72,1,'Was the issue you called about addressed satisfactorily? ',NULL,'Please respond with A for Yes or B for No','','Yes',NULL,NULL,NULL,1,263,263,'2018-07-23 08:37:03','2018-07-23 08:37:03',1),
 (185,72,6,'On a scale of 0 to 10, based on your experience, how likely are you to recommend the NIC Bank Customer Contact Centre to your friends or colleagues? (0= not likely, 10= very likely) ',NULL,'Please respond with a value between 0 and 10','','Yes',NULL,NULL,NULL,1,263,263,'2018-07-23 08:37:38','2018-07-23 08:37:38',2),
 (186,72,8,'Is there anything else that you would like to tell us about your experience with us?',NULL,'','','Yes',NULL,NULL,NULL,1,263,263,'2018-07-23 08:37:54','2018-07-23 08:37:54',3),
 (187,73,1,'Was the issue you called about addressed satisfactorily? ',NULL,'Please respond with A for Yes or B for No','','Yes',NULL,NULL,NULL,1,263,263,'2018-07-24 17:04:36','2018-07-24 17:04:36',1),
 (188,73,6,'On a scale of 0 to 10, based on your experience, how likely are you to recommend the NIC Bank Customer Contact Centre to your friends or colleagues? (0= not likely, 10= very likely) ',NULL,'Please respond with a value between 0 and 10','','Yes',NULL,NULL,NULL,1,263,263,'2018-07-24 17:05:02','2018-07-24 17:05:02',2),
 (189,73,8,'Is there anything else that you would like to tell us about your experience with us?',NULL,'','','Yes',NULL,NULL,NULL,1,263,263,'2018-07-24 17:05:19','2018-07-24 17:05:19',3),
 (190,74,1,'Was the issue you called about addressed satisfactorily? ',NULL,'Please respond with A for Yes or B for No','','Yes',NULL,NULL,NULL,1,263,263,'2018-07-25 17:04:32','2018-07-25 17:04:32',1),
 (191,74,6,'On a scale of 0 to 10, based on your experience, how likely are you to recommend the NIC Bank Customer Contact Centre to your friends or colleagues? (0= not likely, 10= very likely) ',NULL,'Please respond with a value between 0 and 10','','Yes',NULL,NULL,NULL,1,263,263,'2018-07-25 17:05:04','2018-07-25 17:05:04',2),
 (192,74,8,'Is there anything else that you would like to tell us about your experience with us?',NULL,'','','Yes',NULL,NULL,NULL,1,263,263,'2018-07-25 17:05:21','2018-07-25 17:05:21',3),
 (193,75,1,'Was the issue you called about addressed satisfactorily? ',NULL,'Please respond with A for Yes or B for No','','Yes',NULL,NULL,NULL,1,481,481,'2018-07-26 17:08:21','2018-07-26 17:08:21',1),
 (194,75,6,'On a scale of 0 to 10, based on your experience, how likely are you to recommend the NIC Bank Customer Contact Centre to your friends or colleagues? (0= not likely, 10= very likely)',NULL,'Please respond with a value between 0 and 10','','Yes',NULL,NULL,NULL,1,481,481,'2018-07-26 17:09:16','2018-07-26 17:09:16',2),
 (195,75,8,'Is there anything else that you would like to tell us about your experience with us?',NULL,'','','Yes',NULL,NULL,NULL,1,481,481,'2018-07-26 17:09:46','2018-07-26 17:09:46',3),
 (197,77,1,'Was the issue you called about addressed satisfactorily?',NULL,'Please respond with A for Yes and B for No','','Yes',NULL,NULL,NULL,1,481,481,'2018-07-27 17:11:21','2018-07-27 17:11:21',1),
 (198,77,6,'On a scale of 0 to 10, based on your experience, how likely are you to recommend the NIC Bank Customer Contact Centre to your friends or colleagues? (0= not likely, 10= very likely) ',NULL,'Please rate a figure between 0 and 10.','','Yes',NULL,NULL,NULL,1,481,481,'2018-07-27 17:16:11','2018-07-27 17:16:11',2),
 (199,77,8,'Is there anything else that you would like to tell us about your experience with us?',NULL,'','','Yes',NULL,NULL,NULL,1,481,481,'2018-07-27 17:18:59','2018-07-27 17:18:59',3),
 (200,78,1,'Was the issue you called about addressed satisfactorily? ',NULL,'Please respond with A for Yes or B for No.','','Yes',NULL,NULL,NULL,1,481,481,'2018-07-30 16:24:34','2018-07-30 16:24:34',1),
 (201,78,6,'On a scale of 0 to 10, based on your experience, how likely are you to recommend the NIC Bank Customer Contact Centre to your friends or colleagues? (0= not likely, 10= very likely) ',NULL,'Please rate a figure between 0 and 10.','','Yes',NULL,NULL,NULL,1,481,481,'2018-07-30 16:25:44','2018-07-30 16:25:44',2),
 (202,78,8,'Is there anything else that you would like to tell us about your experience with us?',NULL,'','','Yes',NULL,NULL,NULL,1,481,481,'2018-07-30 16:26:39','2018-07-30 16:26:39',3),
 (203,79,1,'Was the issue you called about addressed satisfactorily? ',NULL,'Please respond with A for Yes and B for No','','Yes',NULL,NULL,NULL,1,481,481,'2018-07-31 17:46:44','2018-07-31 17:46:44',1),
 (204,79,6,'On a scale of 0 to 10, based on your experience, how likely are you to recommend the NIC Bank Customer Contact Centre to your friends or colleagues? (0= not likely, 10= very likely) ',NULL,'Please rate a figure between 0 and 10.','','Yes',NULL,NULL,NULL,1,481,481,'2018-07-31 17:48:11','2018-07-31 17:48:11',2),
 (205,79,8,'Is there anything else that you would like to tell us about your experience with us?',NULL,'','','Yes',NULL,NULL,NULL,1,481,481,'2018-07-31 17:54:44','2018-07-31 17:54:44',3),
 (206,80,1,'Was the issue you called about addressed satisfactorily? ',NULL,'Please respond with A for Yes and B for No.','','Yes',NULL,NULL,NULL,1,481,481,'2018-08-01 16:51:08','2018-08-01 16:51:08',1),
 (207,80,6,'On a scale of 0 to 10, based on your experience, how likely are you to recommend the NIC Bank Customer Contact Centre to your friends or colleagues? (0= not likely, 10= very likely) ',NULL,'Please rate a figure between 0 and 10','','Yes',NULL,NULL,NULL,1,481,481,'2018-08-01 16:52:28','2018-08-01 16:52:28',2),
 (208,80,8,'Is there anything else that you would like to tell us about your experience with us?',NULL,'','','Yes',NULL,NULL,NULL,1,481,481,'2018-08-01 16:52:58','2018-08-01 16:52:58',3),
 (210,81,1,'Was the issue you called about addressed satisfactorily',NULL,'Please respond with A for Yes and B for No','','Yes',NULL,NULL,NULL,1,481,481,'2018-08-02 18:07:27','2018-08-02 18:07:27',1),
 (211,81,6,'On a scale of 0 to 10, based on your experience, how likely are you to recommend the NIC Bank Customer Contact Centre to your friends or colleagues? (0= not likely, 10= very likely) ',NULL,'Please rate a figure between 0 and 10.','','Yes',NULL,NULL,NULL,1,481,481,'2018-08-02 18:09:04','2018-08-02 18:09:04',2),
 (212,81,8,'Is there anything else that you would like to tell us about your experience with us?',NULL,'','','Yes',NULL,NULL,NULL,1,481,481,'2018-08-02 18:09:50','2018-08-02 18:09:50',3),
 (219,84,8,'On a scale of 0 -10, with 0 being disappointing and 10 being fantastic, how would you rate your experience?',1,'Invalid Answer','','Yes',NULL,NULL,NULL,1,336,336,'2018-08-07 11:14:14','2018-08-07 11:14:14',1),
 (221,85,1,'Was the issue you called about addressed satisfactorily? ',NULL,'Please respond with A for Yes and B for No.','','Yes',NULL,NULL,NULL,1,481,481,'2018-08-13 17:15:09','2018-08-13 17:15:09',1),
 (222,85,6,'On a scale of 0 to 10, based on your experience, how likely are you to recommend the NIC Bank Customer Contact Centre to your friends or colleagues? (0= not likely, 10= very likely) ',NULL,'Please rate a figure between 0 and 10','','Yes',NULL,NULL,NULL,1,481,481,'2018-08-13 17:16:08','2018-08-13 17:16:08',2),
 (223,85,8,'Is there anything else that you would like to tell us about your experience with us?',NULL,'','','Yes',NULL,NULL,NULL,1,481,481,'2018-08-13 17:16:48','2018-08-13 17:16:48',3),
 (226,87,1,'Was the issue you called about addressed satisfactorily? ',NULL,'Please respond with A for Yes or B for No','','Yes',NULL,NULL,NULL,1,481,481,'2018-08-15 15:55:29','2018-08-15 15:55:29',1),
 (227,87,6,'On a scale of 0 to 10, based on your experience, how likely are you to recommend the NIC Bank Customer Contact Centre to your friends or colleagues? (0= not likely, 10= very likely) ',NULL,'Please rate a figure between 0 and 10','','Yes',NULL,NULL,NULL,1,481,481,'2018-08-15 15:56:16','2018-08-15 15:56:16',2),
 (228,87,8,'Is there anything else that you would like to tell us about your experience with us?',NULL,'','','Yes',NULL,NULL,NULL,1,481,481,'2018-08-15 15:57:07','2018-08-15 15:57:07',3),
 (229,88,1,'Was the issue you called about addressed satisfactorily? ',NULL,'Please respond with A for Yes or B for No','','Yes',NULL,NULL,NULL,1,481,481,'2018-08-16 15:41:14','2018-08-16 15:41:14',1),
 (230,88,6,'On a scale of 0 to 10, based on your experience, how likely are you to recommend the NIC Bank Customer Contact Centre to your friends or colleagues? (0= not likely, 10= very likely) ',NULL,'Please rate a figure between 0 and 10.','','Yes',NULL,NULL,NULL,1,481,481,'2018-08-16 15:41:58','2018-08-16 15:41:58',2),
 (231,88,8,'Is there anything else that you would like to tell us about your experience with us?',NULL,'','','Yes',NULL,NULL,NULL,1,481,481,'2018-08-16 15:42:28','2018-08-16 15:42:28',3),
 (232,89,1,'Was the issue you called about addressed satisfactorily? A. Yes.  B. No',NULL,'Please respond with A for Yes or B for No.','','Yes',NULL,NULL,NULL,1,481,481,'2018-08-20 16:43:15','2018-08-20 16:43:15',1),
 (233,89,6,'On a scale of 0 to 10, based on your experience, how likely are you to recommend the NIC Bank Customer Contact Centre to your friends or colleagues? (0= not likely, 10= very likely) ',NULL,'Please rate a figure between 0 and 10','','Yes',NULL,NULL,NULL,1,481,481,'2018-08-20 16:43:59','2018-08-20 16:43:59',2),
 (234,89,8,'Is there anything else that you would like to tell us about your experience with us?',NULL,'','','Yes',NULL,NULL,NULL,1,481,481,'2018-08-20 16:44:25','2018-08-20 16:44:25',3),
 (235,90,1,'Was the issue you called about addressed satisfactorily? ',NULL,'Please respond with A for Yes or B for No','','Yes',NULL,NULL,NULL,1,263,263,'2018-08-23 17:09:57','2018-08-23 17:09:57',1),
 (236,90,6,'On a scale of 0 to 10, based on your experience, how likely are you to recommend the NIC Bank Customer Contact Centre to your friends or colleagues? (0= not likely, 10= very likely) ',NULL,'Please respond with a value between 0 and 10','','Yes',NULL,NULL,NULL,1,263,263,'2018-08-23 17:10:25','2018-08-23 17:10:25',2),
 (237,90,8,'Is there anything else that you would like to tell us about your experience with us?',NULL,'','','Yes',NULL,NULL,NULL,1,263,263,'2018-08-23 17:10:42','2018-08-23 17:10:42',3),
 (238,91,1,'Was the issue you called about addressed satisfactorily?',NULL,'Please respond with A for Yes or B for No','','Yes',NULL,NULL,NULL,1,263,263,'2018-09-06 18:44:09','2018-09-06 18:44:09',1),
 (239,91,6,'On a scale of 0 to 10, based on your experience, how likely are you to recommend the NIC Bank Customer Contact Centre to your friends or colleagues? (0= not likely, 10= very likely) ',NULL,'Please respond with a value between 0 and 10','','Yes',NULL,NULL,NULL,1,263,263,'2018-09-06 18:44:41','2018-09-06 18:44:41',2),
 (240,91,8,'Is there anything else that you would like to tell us about your experience with us?',NULL,'','','Yes',NULL,NULL,NULL,1,263,263,'2018-09-06 18:44:54','2018-09-06 18:44:54',3),
 (241,92,1,'Do you Bank with Gulf African Bank?',1,'Sorry we did not get that. Please select either of the three choices','A, B, C, ','Yes',NULL,NULL,NULL,1,504,504,'2018-09-25 15:50:23','2018-09-25 15:50:23',1),
 (242,92,2,'Who do you Bank with?',1,'Invalid answer please select either of the options from A - E','Pass','Yes',NULL,NULL,NULL,1,504,504,'2018-09-25 16:10:22','2018-09-25 16:10:22',2),
 (243,92,6,'On a scale of 1 to 10 how likely are you to recommend Gulf African Bank. 1 being highly likely 10 being highly unlikely',1,'','','Yes',NULL,NULL,NULL,1,504,504,'2018-09-25 16:42:42','2018-09-25 16:42:42',3),
 (244,93,1,'How easy is it to get services from NIC Bank?\r\n',NULL,'Please respond with either A,B,C,D or E','','Yes',NULL,NULL,NULL,1,263,263,'2018-10-05 08:59:21','2018-10-05 08:59:21',1),
 (245,93,1,'How satisfied are you with the services  that NIC Bank provides? ',NULL,'Please respond with either A,B,C,D or E','','Yes',NULL,NULL,NULL,1,263,263,'2018-10-05 09:02:14','2018-10-05 09:02:14',2),
 (246,93,6,'On a scale of 0 to 10, based on your experience, how likely are you to recommend NIC Bank to your friends or colleagues? (0= not likely, 10= very likely) ',NULL,'Please respond with a value between 0 and 10','','Yes',NULL,NULL,NULL,1,263,263,'2018-10-05 09:04:00','2018-10-05 09:04:00',3),
 (247,93,8,'Is there anything else you would like to tell us about your experience with us?',NULL,'','','Yes',NULL,NULL,NULL,1,263,263,'2018-10-05 09:04:19','2018-10-05 09:04:19',4),
 (248,94,1,'Ignore ?',NULL,'','','Yes',NULL,NULL,NULL,1,297,297,'2018-10-05 13:48:36','2018-10-05 13:48:36',1),
 (250,92,4,'Please share with us your email address, we would like to get in- touch with you',NULL,'Might you have another email? This seems to be incorrect','Next','Yes',NULL,NULL,NULL,1,504,504,'2018-10-09 14:31:13','2018-10-09 14:31:13',5),
 (251,92,9,'How old do you think Gulf Bank is?',NULL,'','','Yes',NULL,NULL,NULL,1,504,504,'2018-10-09 14:32:09','2018-10-09 14:32:09',6),
 (252,95,1,'Do you Bank with Gulk African Bank?',1,'','','Yes',NULL,NULL,NULL,1,504,504,'2018-10-09 14:51:26','2018-10-09 14:51:26',1),
 (253,95,2,'Select two option that best described Gulf African Bank',1,'Please select again','','Yes',NULL,NULL,NULL,1,504,504,'2018-10-09 14:55:38','2018-10-09 14:55:38',2),
 (254,95,4,'Would you wish to recommend a friend to any of our service? Please share with us your email address, we would like to get in touch with you.',1,'This email seems incorrect, might you perhaps have another. If not try sending it again.','Pass','Yes',NULL,NULL,NULL,1,504,504,'2018-10-09 14:58:36','2018-10-09 14:58:36',3),
 (255,95,5,'When is your Birthday?',NULL,'','','Yes',NULL,NULL,NULL,1,504,504,'2018-10-09 14:59:26','2018-10-09 14:59:26',4),
 (256,95,6,'On a scale of 1 to 10, one being highly likely and ten being highly unlikely, how would you rate the Banks services in general?',NULL,'Oops, that seems incorrect. Please select any number from 1 to 10','1,2,3,4,5,6,7,8,9,10','Yes',NULL,NULL,NULL,1,504,504,'2018-10-09 15:01:59','2018-10-09 15:01:59',5),
 (257,95,8,'What services would you wish us to improve on? or Enhance on?',NULL,'','','Yes',NULL,NULL,NULL,1,504,504,'2018-10-09 15:03:12','2018-10-09 15:03:12',6),
 (258,95,9,'How many years have you banked with Gulf African Bank?',NULL,'Oops, please pick any number between 1 and 100 years','','Yes',NULL,NULL,NULL,1,504,504,'2018-10-09 15:04:18','2018-10-09 15:04:18',7),
 (259,95,10,'Asante Rafiki.\r\n\r\nYou have reached the end of the survey.',NULL,'','','Yes',NULL,NULL,NULL,1,504,504,'2018-10-09 15:04:53','2018-10-09 15:04:53',8),
 (260,96,1,'Was the issue you called about addressed satisfactorily? ',NULL,'Please respond with A for Yes or B for No','','Yes',NULL,NULL,NULL,1,263,263,'2018-10-09 18:51:25','2018-10-09 18:51:25',1),
 (261,96,6,'On a scale of 0 to 10, based on your experience, how likely are you to recommend the NIC Bank Customer Contact Centre to your friends or colleagues? (0= not likely, 10= very likely) ',NULL,'Please respond with a value between 0 and 10 ','','Yes',NULL,NULL,NULL,1,263,263,'2018-10-09 18:52:08','2018-10-09 18:52:08',2),
 (262,96,8,'Is there anything else that you would like to tell us about your experience with us?',NULL,'','','Yes',NULL,NULL,NULL,1,263,263,'2018-10-09 18:56:59','2018-10-09 18:56:59',3),
 (263,97,1,'How is the weather today ?',1,'That choice was invalid. Please try again','pass','Yes',NULL,NULL,NULL,1,504,504,'2018-10-11 10:46:48','2018-10-11 10:46:48',1),
 (264,97,6,'On a scale of 1 to 10, how would you rate today\'s weather',1,'Please reply with a value between 1 and 10','pass','Yes',NULL,NULL,NULL,1,504,504,'2018-10-11 10:47:55','2018-10-11 10:47:55',2),
 (276,100,1,'How is the weather today ?',NULL,'invalid choice','pass','Yes',NULL,NULL,NULL,1,297,297,'2018-10-24 15:49:37','2018-10-24 15:49:37',1),
 (277,100,8,'Tell us your views',NULL,'','','Yes',NULL,NULL,NULL,1,297,297,'2018-10-24 15:49:59','2018-10-24 15:49:59',2),
 (278,101,1,'Was the issue you called about addressed satisfactorily? ',NULL,'Please respond with A for Yes or B for No','','Yes',NULL,NULL,NULL,1,263,263,'2018-11-02 18:14:23','2018-11-02 18:14:23',1),
 (279,101,6,'On a scale of 0 to 10, based on your experience, how likely are you to recommend the NIC Bank Customer Contact Centre to your friends or colleagues? (0= not likely, 10= very likely) ',NULL,'Please respond with a value between 0 and 10','','Yes',NULL,NULL,NULL,1,263,263,'2018-11-02 18:14:51','2018-11-02 18:14:51',2),
 (280,101,8,'Is there anything else that you would like to tell us about your experience with us?\r\n',NULL,'','','Yes',NULL,NULL,NULL,1,263,263,'2018-11-02 18:15:07','2018-11-02 18:15:07',3),
 (281,102,1,'How easy is it to sell the prepaid cards? ',NULL,'Please select either A, B, C, D or E ','','Yes',NULL,NULL,NULL,1,263,263,'2018-11-09 09:14:21','2018-11-09 09:14:21',1),
 (282,102,8,'What is the major prepaid card selling point ?',NULL,'','','Yes',NULL,NULL,NULL,1,263,263,'2018-11-09 09:14:54','2018-11-09 09:14:54',2),
 (283,102,8,'What is the major prepaid card pain point? ',NULL,'','','Yes',NULL,NULL,NULL,1,263,263,'2018-11-09 09:15:25','2018-11-09 09:15:25',3),
 (284,102,9,'On average how many prepaid cards do you sell in a month?',NULL,'Please respond with a numeric value','','Yes',NULL,NULL,NULL,1,263,263,'2018-11-09 09:16:17','2018-11-09 09:16:17',4),
 (285,102,8,'Please give us suggestions on how we can improve our prepaid cards.',NULL,'','','Yes',NULL,NULL,NULL,1,263,263,'2018-11-09 09:17:00','2018-11-09 09:17:00',5),
 (286,103,1,'How much effort did you have to put forth to get your application processed?',NULL,'Please respond with either A, B, C, D or E','','Yes',NULL,NULL,NULL,1,263,263,'2018-11-13 19:43:02','2018-11-13 19:43:02',1),
 (287,103,1,'Did you receive your loan amounts within the promised time?',NULL,'Please respond with either A or B','','Yes',NULL,NULL,NULL,1,263,263,'2018-11-13 19:43:25','2018-11-13 19:43:25',2),
 (288,103,6,'On a scale of 0-10, based on your experience, how likely are you to recommend a personal loan from NIC Bank to a friend or colleague? (0= not likely, 10= very likely)',NULL,'Please respond with a value between 0 and 10','','Yes',NULL,NULL,NULL,1,263,263,'2018-11-13 19:44:06','2018-11-13 19:44:06',3),
 (289,103,8,'Is there any other comment or observation you would like to make on our loan process?',NULL,'','','Yes',NULL,NULL,NULL,1,263,263,'2018-11-13 19:44:24','2018-11-13 19:44:24',4),
 (290,104,1,'How much effort did you have to put forth to get your application processed?',NULL,'Please respond with either A, B, C, D, or E.','','Yes',NULL,NULL,NULL,1,263,263,'2018-11-19 12:51:42','2018-11-19 12:51:42',1),
 (291,104,1,'Did you receive your loan amounts within the promised time?',NULL,'Please respond with either A for Yes or B for No','','Yes',NULL,NULL,NULL,1,263,263,'2018-11-19 12:52:13','2018-11-19 12:52:13',2),
 (292,104,6,'On a scale of 0-10, based on your experience, how likely are you to recommend a personal loan from NIC Bank to a friend or colleague? (0= not likely, 10= very likely)',NULL,'Please respond with a value between 0 and 10','','Yes',NULL,NULL,NULL,1,263,263,'2018-11-19 12:52:42','2018-11-19 12:52:42',3),
 (293,104,8,'Is there any other comment or observation you would like to make on our loan process?',NULL,'','','Yes',NULL,NULL,NULL,1,263,263,'2018-11-19 12:52:59','2018-11-19 12:52:59',4),
 (294,105,1,'How easy is it to sell the prepaid card? ',NULL,'Please respond with either A, B, C, D or E','','Yes',NULL,NULL,NULL,1,263,263,'2018-11-20 15:33:32','2018-11-20 15:33:32',1),
 (295,105,8,'What is the major prepaid card selling point? ',NULL,'','','Yes',NULL,NULL,NULL,1,263,263,'2018-11-20 15:33:55','2018-11-20 15:33:55',2),
 (296,105,8,'What is the major prepaid card pain point?',NULL,'','','Yes',NULL,NULL,NULL,1,263,263,'2018-11-20 15:34:14','2018-11-20 15:34:14',3),
 (297,105,9,'On average how many prepaid cards do you sell in a month? ',NULL,'Please respond with a numeric value','','Yes',NULL,NULL,NULL,1,263,263,'2018-11-20 15:34:40','2018-11-20 15:34:40',4),
 (298,105,8,'Please give us suggestions on how we can improve our prepaid cards',NULL,'','','Yes',NULL,NULL,NULL,1,263,263,'2018-11-20 15:35:16','2018-11-20 15:35:16',5),
 (299,106,1,'How much effort did you have to put forth to get your application processed?',NULL,'Please respond with either A, B, C, D or E','','Yes',NULL,NULL,NULL,1,263,263,'2018-12-07 17:21:54','2018-12-07 17:21:54',1),
 (300,106,1,'Did you receive your loan amounts within the promised time?',NULL,'Please respond with either A for Yes or B for No','','Yes',NULL,NULL,NULL,1,263,263,'2018-12-07 17:22:26','2018-12-07 17:22:26',2),
 (301,106,6,'On a scale of 0-10, based on your experience, how likely are you to recommend a personal loan from NIC Bank to a friend or colleague? (0= not likely, 10= very likely)',NULL,'Please respond with a value between 0 and 10','','Yes',NULL,NULL,NULL,1,263,263,'2018-12-07 17:23:06','2018-12-07 17:23:06',3),
 (302,106,8,'Is there any other comment or observation you would like to make on our loan process?',NULL,'','','Yes',NULL,NULL,NULL,1,263,263,'2018-12-07 17:23:23','2018-12-07 17:23:23',4),
 (303,107,1,'Was the issue you called about addressed satisfactorily? ',NULL,'Please respond with A for Yes and B for No','','Yes',NULL,NULL,NULL,1,263,263,'2018-12-07 17:28:49','2018-12-07 17:28:49',1),
 (304,107,6,'On a scale of 0 to 10, based on your experience, how likely are you to recommend the NIC Bank Customer Contact Centre to your friends or colleagues? (0= not likely, 10= very likely) \r\n',NULL,'Please respond with a value between 0 and 10','','Yes',NULL,NULL,NULL,1,263,263,'2018-12-07 17:29:30','2018-12-07 17:29:30',2),
 (305,107,8,'Is there anything else that you would like to tell us about your experience with us?',NULL,'','','Yes',NULL,NULL,NULL,1,263,263,'2018-12-07 17:29:44','2018-12-07 17:29:44',3),
 (306,108,1,'How much effort did you have to put forth to get your application processed?',NULL,'Please respond with either A, B, C, D or E','','Yes',NULL,NULL,NULL,1,263,263,'2018-12-07 17:32:19','2018-12-07 17:32:19',1),
 (307,108,1,'Did you receive your loan amounts within the promised time?',NULL,'Please respond with either A for Yes or B for No','','Yes',NULL,NULL,NULL,1,263,263,'2018-12-07 17:32:51','2018-12-07 17:32:51',2),
 (308,108,8,'On a scale of 0-10, based on your experience, how likely are you to recommend a personal loan from NIC Bank to a friend or colleague? (0= not likely, 10= very likely)',NULL,'Please respond with a value between 0 and 10','','Yes',NULL,NULL,NULL,1,263,263,'2018-12-07 17:33:30','2018-12-07 17:33:30',3),
 (309,108,8,'Is there any other comment or observation you would like to make on our loan process?',NULL,'','','Yes',NULL,NULL,NULL,1,263,263,'2018-12-07 17:33:48','2018-12-07 17:33:48',4),
 (310,109,1,'Was the issue you called about addressed satisfactorily',NULL,'Please respond with either A for Yes or B for No','','Yes',NULL,NULL,NULL,1,263,263,'2019-01-09 17:38:00','2019-01-09 17:38:00',1),
 (311,109,6,'On a scale of 0 to 10, based on your experience, how likely are you to recommend the NIC Bank Customer Contact Centre to your friends or colleagues? ',NULL,'Please respond with a value between 0 and 10','','Yes',NULL,NULL,NULL,1,263,263,'2019-01-09 17:38:28','2019-01-09 17:38:28',2),
 (312,109,8,'Is there anything else that you would like to tell us about your experience with us?',NULL,'','','Yes',NULL,NULL,NULL,1,263,263,'2019-01-09 17:38:49','2019-01-09 17:38:49',3),
 (313,110,1,'How much effort did you have to put forth to get your application processed?',NULL,'Please respond with either A, B, C, D or E','','Yes',NULL,NULL,NULL,1,263,263,'2019-02-01 10:43:45','2019-02-01 10:43:45',1),
 (314,110,1,'Did you receive your loan amounts within the promised time?',NULL,'Please respond with either Yes or No','','Yes',NULL,NULL,NULL,1,263,263,'2019-02-01 10:44:25','2019-02-01 10:44:25',2),
 (315,110,6,'On a scale of 0-10, based on your experience, how likely are you to recommend a personal loan from NIC Bank to a friend or colleague? (0= not likely, 10= very likely)',NULL,'Please respond with a value between 0 and 10','','Yes',NULL,NULL,NULL,1,263,263,'2019-02-01 10:44:58','2019-02-01 10:44:58',3),
 (316,110,8,'Is there any other comment or observation you would like to make on our loan process?',NULL,'','','Yes',NULL,NULL,NULL,1,263,263,'2019-02-01 10:45:16','2019-02-01 10:45:16',4),
 (317,111,1,'Was the issue you called about addressed satisfactorily? ',NULL,'Please respond with either A for Yes or B for No','','Yes',NULL,NULL,NULL,1,263,263,'2019-02-12 17:27:29','2019-02-12 17:27:29',1),
 (318,111,6,'On a scale of 0 to 10, based on your experience, how likely are you to recommend the NIC Bank Customer Contact Centre to your friends or colleagues? (0= not likely, 10= very likely) \r\n',NULL,'Please rate with a value between 0 and 10','','Yes',NULL,NULL,NULL,1,263,263,'2019-02-12 17:27:58','2019-02-12 17:27:58',2),
 (319,111,8,'Is there anything else that you would like to tell us about your experience with us?',NULL,'','','Yes',NULL,NULL,NULL,1,263,263,'2019-02-12 17:28:18','2019-02-12 17:28:18',3),
 (320,112,1,'How much effort did you have to put forth to get your application processed?',NULL,'Please respond with either A, B, C, D or E','','Yes',NULL,NULL,NULL,1,263,263,'2019-03-02 12:37:44','2019-03-02 12:37:44',1),
 (321,112,1,'Did you receive your loan amounts within the promised time?',NULL,'Please respond with either A for Yes or B for No','','Yes',NULL,NULL,NULL,1,263,263,'2019-03-02 12:38:12','2019-03-02 12:38:12',2),
 (322,112,6,'On a scale of 0-10, based on your experience, how likely are you to recommend a personal loan from NIC Bank to a friend or colleague? (0= not likely, 10= very likely)',NULL,'Please respond with a value between 0 and 10','','Yes',NULL,NULL,NULL,1,263,263,'2019-03-02 12:38:40','2019-03-02 12:38:40',3),
 (323,112,8,'Is there any other comment or observation you would like to make on our loan process?',NULL,'','','Yes',NULL,NULL,NULL,1,263,263,'2019-03-02 12:38:56','2019-03-02 12:38:56',4),
 (324,113,1,'Was the issue you called about addressed satisfactorily? ',NULL,'Please respond with A for Yes or B for No','','Yes',NULL,NULL,NULL,1,263,263,'2019-03-02 12:50:35','2019-03-02 12:50:35',1),
 (325,113,6,'On a scale of 0 to 10, based on your experience, how likely are you to recommend the NIC Bank Customer Contact Centre to your friends or colleagues? (0= not likely, 10= very likely) \r\n',NULL,'Please respond with a value between 0 and 10','','Yes',NULL,NULL,NULL,1,263,263,'2019-03-02 12:51:07','2019-03-02 12:51:07',2),
 (326,113,8,'Is there anything else that you would like to tell us about your experience with us?',NULL,'','','Yes',NULL,NULL,NULL,1,263,263,'2019-03-02 12:51:26','2019-03-02 12:51:26',3),
 (333,117,1,'How much effort did you have to put forth to get your application processed?',NULL,'Please respond with either A, B, C, D or E','','Yes',NULL,NULL,NULL,1,263,263,'2019-04-01 12:57:11','2019-04-01 12:57:11',1),
 (334,117,1,'Did you receive your loan amounts within the promised time?\r\n\r\n',NULL,'Please respond with either A for Yes or B for No','','Yes',NULL,NULL,NULL,1,263,263,'2019-04-01 12:57:57','2019-04-01 12:57:57',2),
 (335,117,9,'On a scale of 0-10, based on your experience, how likely are you to recommend a personal loan from NIC Bank to a friend or colleague? (0= not likely, 10= very likely)',NULL,'Please respond with a value between 0 and 10','','Yes',NULL,NULL,NULL,1,263,263,'2019-04-01 12:58:34','2019-04-01 12:58:34',3),
 (336,117,8,'Is there any other comment or observation you would like to make on our loan process?',NULL,'','','Yes',NULL,NULL,NULL,1,263,263,'2019-04-01 12:58:55','2019-04-01 12:58:55',4),
 (337,118,1,'Was the issue you called about addressed satisfactorily? ',NULL,'Please respond with A for Yes and B for No','','Yes',NULL,NULL,NULL,1,263,263,'2019-04-02 16:39:22','2019-04-02 16:39:22',1),
 (338,118,6,'On a scale of 0 to 10, based on your experience, how likely are you to recommend the NIC Bank Customer Contact Centre to your friends or colleagues? ',NULL,'Please respond with a value between 0 and 10','','Yes',NULL,NULL,NULL,1,263,263,'2019-04-02 16:44:12','2019-04-02 16:44:12',2),
 (339,118,8,'Is there anything else that you would like to tell us about your experience with us?',NULL,'','','Yes',NULL,NULL,NULL,1,263,263,'2019-04-02 16:44:38','2019-04-02 16:44:38',3),
 (344,120,1,'What is your gender?',NULL,'','','Yes',NULL,NULL,NULL,1,601,601,'2019-04-24 09:20:31','2019-04-24 09:20:31',1),
 (345,120,1,'Aliens are real creatures',NULL,'','','No',NULL,NULL,NULL,1,601,601,'2019-04-24 09:25:39','2019-04-24 09:25:39',2),
 (346,120,4,'Share with us your mail',NULL,'','','Yes',NULL,NULL,NULL,1,601,601,'2019-04-24 09:26:47','2019-04-24 09:26:47',3),
 (347,121,1,'What is your gender',NULL,'','','Yes',NULL,NULL,NULL,1,601,601,'2019-04-24 11:59:22','2019-04-24 11:59:22',1),
 (348,121,4,'What is your email address',NULL,'','','Yes',NULL,NULL,NULL,1,601,601,'2019-04-24 11:59:43','2019-04-24 11:59:43',2),
 (349,121,1,'What is your nationality',NULL,'','','Yes',NULL,NULL,NULL,1,601,601,'2019-04-24 12:00:46','2019-04-24 12:00:46',3),
 (350,122,1,'Are you satisfied with our services',NULL,'','','Yes',NULL,NULL,NULL,1,601,601,'2019-04-25 17:24:28','2019-04-25 17:24:28',1),
 (351,122,1,'How likely are to recommend TKH?',NULL,'','','Yes',NULL,NULL,NULL,1,601,601,'2019-04-25 17:26:33','2019-04-25 17:26:33',2),
 (352,123,1,'How much effort did you have to put forth to get your application processed?',NULL,'Please respond with either A, B, C, D, or E','','Yes',NULL,NULL,NULL,1,263,263,'2019-05-03 11:05:06','2019-05-03 11:05:06',1),
 (353,123,1,'Did you receive your loan amounts within the promised time?',NULL,'Please respond with A for Yes or B for No','','Yes',NULL,NULL,NULL,1,263,263,'2019-05-03 11:08:40','2019-05-03 11:08:40',2),
 (354,123,6,'On a scale of 0-10, based on your experience, how likely are you to recommend a personal loan from NIC Bank to a friend or colleague? (0= not likely, 10= very likely)',NULL,'Please respond with a value between 0 and 10','','Yes',NULL,NULL,NULL,1,263,263,'2019-05-03 11:09:05','2019-05-03 11:09:05',3),
 (355,123,8,'Is there any other comment or observation you would like to make on our loan process?',NULL,'','','Yes',NULL,NULL,NULL,1,263,263,'2019-05-03 11:09:24','2019-05-03 11:09:24',4),
 (356,124,1,'How much effort did you have to put forth to get your application processed?',NULL,'Please respond with either A, B, C, D or E','','Yes',NULL,NULL,NULL,1,263,263,'2019-05-03 11:17:43','2019-05-03 11:17:43',1),
 (357,124,1,'Did you receive the approval of your loan within the promised time?',NULL,'Please respond with either A for Yes or B for No','','Yes',NULL,NULL,NULL,1,263,263,'2019-05-03 11:18:27','2019-05-03 11:18:27',2),
 (358,124,6,'On a scale of 0-10, based on your experience, how likely are you to recommend an asset finance loan from NIC Bank to a friend or colleague? (0= not likely, 10= very likely)',NULL,'Please respond with a value between 0 and 10 ','','Yes',NULL,NULL,NULL,1,263,263,'2019-05-03 11:19:16','2019-05-03 11:19:16',3),
 (359,124,8,'Is there any other comment or observation you would like to make on our asset finance loan process?',NULL,'','','Yes',NULL,NULL,NULL,1,263,263,'2019-05-03 11:19:40','2019-05-03 11:19:40',4),
 (364,126,1,'Was the issue you called about addressed satisfactorily? ',NULL,'Please respond with A for Yes or B for No','','Yes',NULL,NULL,NULL,1,263,263,'2019-05-13 10:14:57','2019-05-13 10:14:57',1),
 (365,126,6,'On a scale of 0 to 10, based on your experience, how likely are you to recommend the NIC Bank Customer Contact Centre to your friends or colleagues?(0= not likely, 10= very likely) ',NULL,'Please respond with a  rating value between 0 and 10 ','','Yes',NULL,NULL,NULL,1,263,263,'2019-05-13 10:15:36','2019-05-13 10:15:36',2),
 (366,126,8,'Is there anything else that you would like to tell us about your experience with us?',NULL,'','','Yes',NULL,NULL,NULL,1,263,263,'2019-05-13 10:15:52','2019-05-13 10:15:52',3),
 (384,131,1,'How much effort did you have to put forth to get your application processed?',NULL,'Please respond with a either A, B, C, D or E','','Yes',NULL,NULL,NULL,1,263,263,'2019-06-03 18:34:35','2019-06-03 18:34:35',1),
 (385,131,1,'Did you receive the approval of your loan within the promised time?',NULL,'Please respond with either A for Yes for B for No','','Yes',NULL,NULL,NULL,1,263,263,'2019-06-03 18:35:18','2019-06-03 18:35:18',2),
 (386,131,6,'On a scale of 0-10, based on your experience, how likely are you to recommend an asset finance loan from NIC Bank to a friend or colleague? (0= not likely, 10= very likely)',NULL,'Please respond with a value between 0 and 10','','Yes',NULL,NULL,NULL,1,263,263,'2019-06-03 18:36:54','2019-06-03 18:36:54',3),
 (387,131,8,'Is there any other comment or observation you would like to make on our loan process?',NULL,'','','Yes',NULL,NULL,NULL,1,263,263,'2019-06-03 18:37:26','2019-06-03 18:37:26',4),
 (388,132,1,'Was the issue you called about addressed satisfactorily? ',NULL,'Please respond with A for Yes and B for No','','Yes',NULL,NULL,NULL,1,263,263,'2019-06-04 12:11:26','2019-06-04 12:11:26',1),
 (389,132,6,'On a scale of 0 to 10, based on your experience, how likely are you to recommend the NIC Bank Customer Contact Centre to your friends or colleagues? (0= not likely, 10= very likely) ',NULL,'Please respond with a value between 0 and 10','','Yes',NULL,NULL,NULL,1,263,263,'2019-06-04 12:12:06','2019-06-04 12:12:06',2),
 (390,132,8,'Is there anything else that you would like to tell us about your experience with us?',NULL,'','','Yes',NULL,NULL,NULL,1,263,263,'2019-06-04 12:12:21','2019-06-04 12:12:21',3),
 (391,133,1,'How much effort did you have to put forth to get your application processed?',NULL,'Please respond with either A, B, C, D or E','','Yes',NULL,NULL,NULL,1,263,263,'2019-06-04 12:15:21','2019-06-04 12:15:21',1),
 (392,133,1,'Did you receive the approval of your loan within the promised time?',NULL,'Please respond with either A for Yes or B for No','','Yes',NULL,NULL,NULL,1,263,263,'2019-06-04 12:15:50','2019-06-04 12:15:50',2),
 (393,133,6,'On a scale of 0-10, based on your experience, how likely are you to recommend an SME loan facility from NIC Bank to a friend or colleague? (0= not likely, 10= very likely)',NULL,'','','Yes',NULL,NULL,NULL,1,263,263,'2019-06-04 12:16:23','2019-06-04 12:16:23',3),
 (394,133,8,'Is there any other comment or observation you would like to make on our loan process?',NULL,'','','Yes',NULL,NULL,NULL,1,263,263,'2019-06-04 12:16:36','2019-06-04 12:16:36',4),
 (395,134,1,'How much effort did you have to put forth to get your application processed?',NULL,'Please respond with either A, B. C, D or E','','Yes',NULL,NULL,NULL,1,263,263,'2019-06-05 17:10:49','2019-06-05 17:10:49',1),
 (396,134,1,'Did you receive your loan amounts within the promised time?',NULL,'Please respond with either A for Yes or B for No','','Yes',NULL,NULL,NULL,1,263,263,'2019-06-05 17:11:28','2019-06-05 17:11:28',2),
 (397,134,6,'On a scale of 0-10, based on your experience, how likely are you to recommend a personal loan from NIC Bank to a friend or colleague? (0= not likely, 10= very likely)',NULL,'Please respond with a value between 0 and 10','','Yes',NULL,NULL,NULL,1,263,263,'2019-06-05 17:12:06','2019-06-05 17:12:06',3),
 (398,134,8,'Is there any other comment or observation you would like to make on our loan process?',NULL,'','','Yes',NULL,NULL,NULL,1,263,263,'2019-06-05 17:12:21','2019-06-05 17:12:21',4),
 (403,137,6,'In a scale of 0-10 how likely are you to recommend Nation Sacco?',NULL,'','','No',NULL,NULL,NULL,1,601,601,'2019-06-24 11:24:07','2019-06-24 11:24:07',1),
 (404,137,4,'What is your email address?',NULL,'','','Yes',NULL,NULL,NULL,1,601,601,'2019-06-24 11:24:38','2019-06-24 11:24:38',2),
 (405,137,1,'Have you ever taken a loan with Nation Sacco',NULL,'','','Yes',NULL,NULL,NULL,1,601,601,'2019-06-24 11:25:25','2019-06-24 11:25:25',3),
 (406,138,1,'How is the weather today ?',NULL,'invalid response, respond with A or B','pass','Yes',NULL,NULL,NULL,1,264,264,'2019-07-04 10:40:07','2019-07-04 10:40:07',1),
 (407,138,6,'On a scale of 1 to 10, rate the weather with 1 being bad and 10 being OK',NULL,'Invalid response, respond with a number between 1 and 10','pass','Yes',NULL,NULL,NULL,1,264,264,'2019-07-04 10:41:07','2019-07-04 10:41:07',2),
 (412,140,1,'How much effort did you have to put forth to get your application processed?',NULL,'Please respond with either A, B, C, D or E','','Yes',NULL,NULL,NULL,1,263,263,'2019-07-04 11:23:34','2019-07-04 11:23:34',1),
 (413,140,1,'Did you receive your loan amounts within the promised time?',NULL,'Please respond with either A for Yes or B for No','','Yes',NULL,NULL,NULL,1,263,263,'2019-07-04 11:24:00','2019-07-04 11:24:00',2),
 (414,140,6,'On a scale of 0-10, based on your experience, how likely are you to recommend a personal loan from NIC Bank to a friend or colleague? (0= not likely, 10= very likely)',NULL,'Please respond with a value between 0 and 10','','Yes',NULL,NULL,NULL,1,263,263,'2019-07-04 11:24:34','2019-07-04 11:24:34',3),
 (415,140,8,'\r\nIs there any other comment or observation you would like to make on our loan process?\r\n',NULL,'','','Yes',NULL,NULL,NULL,1,263,263,'2019-07-04 11:24:48','2019-07-04 11:24:48',4),
 (416,141,1,'How much effort did you have to put forth to get your application processed?',NULL,'Please respond with either A, B, C, D or E','','Yes',NULL,NULL,NULL,1,263,263,'2019-07-04 11:34:11','2019-07-04 11:34:11',1),
 (417,141,1,'Did you receive the approval of your loan within the promised time?',NULL,'Please respond with either A for Yes or B for No','','Yes',NULL,NULL,NULL,1,263,263,'2019-07-04 11:34:41','2019-07-04 11:34:41',2),
 (418,141,6,'On a scale of 0-10, based on your experience, how likely are you to recommend an SME loan from NIC Bank to a friend or colleague? (0= not likely, 10= very likely)',NULL,'Please respond with a value between 0 and 10','','Yes',NULL,NULL,NULL,1,263,263,'2019-07-04 11:35:10','2019-07-04 11:35:10',3),
 (419,141,8,'Is there any other comment or observation you would like to make on our loan process?',NULL,'','','Yes',NULL,NULL,NULL,1,263,263,'2019-07-04 11:35:29','2019-07-04 11:35:29',4),
 (420,142,1,'Was the issue you called about addressed satisfactorily? ',NULL,'Please respond with either A for Yes or B for No','','Yes',NULL,NULL,NULL,1,263,263,'2019-07-12 17:01:30','2019-07-12 17:01:30',1),
 (421,142,6,'On a scale of 0 to 10, based on your experience, how likely are you to recommend the NIC Bank Customer Contact Centre to your friends or colleagues? ',NULL,'Please respond with a value between 0 and 10','','Yes',NULL,NULL,NULL,1,263,263,'2019-07-12 17:02:06','2019-07-12 17:02:06',2),
 (422,142,8,'Is there anything else that you would like to tell us about your experience with us?',NULL,'','','Yes',NULL,NULL,NULL,1,263,263,'2019-07-12 17:02:30','2019-07-12 17:02:30',3),
 (423,143,8,'Dear customer, we would like to know one of your names, please reply with the name with which youd like to register in Agrico EAs database.',2,'','','Yes',NULL,NULL,NULL,1,550,550,'2019-07-16 09:31:17','2019-07-16 09:31:17',1),
 (424,143,8,'Dear customer, we would like to know your gender, please reply with MALE or FEMALE\r\n',2,'','','Yes',NULL,NULL,NULL,1,550,550,'2019-07-16 09:32:29','2019-07-16 09:32:29',2),
 (425,144,8,'Dear customer, we would like to know one of your names, please reply with the name with which youd like to register in Agrico EAs database. powered by agricoEA',48,'none','','Yes',NULL,NULL,NULL,1,550,550,'2019-07-16 12:04:08','2019-07-16 12:04:08',1),
 (426,144,1,'Dear customer, we would like to know your gender, please reply with A or B. powered by agricoEA',48,'Sorry your response is invalid. Kindly respond with A or B','','No',NULL,NULL,NULL,1,550,550,'2019-07-16 12:07:29','2019-07-16 12:07:29',2),
 (427,144,8,'Dear customer, we would like to know your location, please reply with county and location. powered by agricoEA',48,'','','Yes',NULL,NULL,NULL,1,550,550,'2019-07-16 12:09:31','2019-07-16 12:09:31',3),
 (428,145,6,'In a scale of 1-10 how can you rate our service',NULL,'out of range','','Yes',NULL,NULL,NULL,1,210,210,'2019-07-16 12:34:23','2019-07-16 12:34:23',1),
 (438,153,8,'Dear customer, We would like to know your location, please reply with location and COUNTY. Powered by Agrico EA.',NULL,'Sorry your response is invalid, please try again.','','Yes',NULL,NULL,NULL,1,652,652,'2019-07-19 12:22:50','2019-07-19 12:22:50',1),
 (439,154,8,'Dear customer, we would like to know one of your names, please reply with the name with which you\'d like to register in Agrico EA\'s database. Powered by Agrico EA.',NULL,'Sorry your answer is invalid please try again.','','Yes',NULL,NULL,NULL,1,652,652,'2019-07-19 12:28:25','2019-07-19 12:28:25',1),
 (440,155,8,'Dear customer, we would like to know one of your names, please reply with the name with which youd like to register in Agrico EAs database. powered by AgricoEA',NULL,'Sorry your response is invalid, please try again','','Yes',NULL,NULL,NULL,1,652,652,'2019-07-19 12:33:58','2019-07-19 12:33:58',1),
 (441,155,1,' We would like to know your gender, please reply with A for MALE or B for FEMALE',NULL,'Sorry your response is invalid, please try again.','','Yes',NULL,NULL,NULL,1,652,652,'2019-07-19 12:35:31','2019-07-19 12:35:31',2),
 (442,155,8,'We would like to know your location, please reply with location and COUNTY. Powered by Agrico EA.',NULL,'Sorry your response is invalid, please try again.','','Yes',NULL,NULL,NULL,1,652,652,'2019-07-19 12:37:43','2019-07-19 12:37:43',3),
 (443,156,8,'Dear customer, we would like to know one of your names, Please reply with the name with which you\'d like to register in Agrico EA\'s database. powered by AgricoEA',NULL,'Sorry your response is invalid, please try again.','','Yes',NULL,NULL,NULL,1,652,652,'2019-07-19 12:43:40','2019-07-19 12:43:40',1),
 (444,156,8,'We would like to know your location. Please reply with location and COUNTY. Powered by Agrico EA.',NULL,'Sorry your response is invalid please try again.','','Yes',NULL,NULL,NULL,1,652,652,'2019-07-19 12:45:31','2019-07-19 12:45:31',2);
INSERT INTO `surveyquestions` (`questionID`,`surveyID`,`answerTypeID`,`question`,`autoProgressTime`,`invalidAnswerResponse`,`passKeywords`,`required`,`helpText`,`ignoredReponses`,`extra`,`status`,`createdBy`,`updatedBy`,`dateCreated`,`dateModified`,`questionOrder`) VALUES 
 (445,158,8,'Dear customer, we would like to know one of your names, please reply with the name with which youd like to register in Agrico EAs database. powered by AgricoEA',NULL,'Sorry, this response is invalid. Please try again?','','Yes',NULL,NULL,NULL,1,652,652,'2019-07-19 17:37:53','2019-07-19 17:37:53',1),
 (446,158,1,'Dear customer, we would like to know your gender, please reply with A for MALE or B for FEMALE\r\n',NULL,'Sorry, your answer is invalid. Please try again, or call Agrico EA on 254722206179','','Yes',NULL,NULL,NULL,1,652,652,'2019-07-19 17:39:19','2019-07-19 17:39:19',2),
 (448,160,8,'Tafadhali tuma jina ambalo ungependa kusajiliwa nalo katika maktaba ya Agrico EA.',NULL,'samahi jibu lako sio sahihi tafadhali jaribu tena.','','Yes',NULL,NULL,NULL,1,652,652,'2019-07-29 16:16:41','2019-07-29 16:16:41',1),
 (449,160,1,'Tafadhali chagua jinsia yako kwa kutuma A. KIUME ama B. KIKE',NULL,'samahani jibu lako sio sahihi tafadhali jaribu tena au kwa maelezo Zaidi wasiliana nasi kupitia 254722206179','','Yes',NULL,NULL,NULL,1,652,652,'2019-07-29 16:19:12','2019-07-29 16:19:12',2),
 (450,160,8,'Tungependa kujua mji na kaunti yako, tafadhali jibu kwa kutuma jina la mji na kaunti.',NULL,'samahani jibu lako sio sahihi, tafadhali jaribu tena au wasiliana nasi kupitia 254722206179','','Yes',NULL,NULL,NULL,1,652,652,'2019-07-29 16:23:08','2019-07-29 16:23:08',3),
 (451,161,8,'Tungependa kujua mji na kaunti yako, tafadhali jibu kwa kutuma jina la mji na kaunti yako.',NULL,'samahani jibu lako sio sahihi tafadhali jaribu tena au wasiliana nasi kupitia 254722206179 Powered by Agrico EA.','','Yes',NULL,NULL,NULL,1,652,652,'2019-07-29 16:57:48','2019-07-29 16:57:48',1),
 (453,163,8,'Tafadhali tuma jina ambalo ungependa kusajiliwa nalo katika maktaba ya Agrico EA.',NULL,'samahani jibu lako sio sahihi tafadhali jaribu tena au wasiliana nasi kupitia 254722206179 Powered by Agrico EA','','Yes',NULL,NULL,NULL,1,652,652,'2019-07-29 17:15:29','2019-07-29 17:15:29',1),
 (454,163,1,'Tafadhali chagua jinsia yako kwa kutuma A. KIUME au B. KIKE',NULL,'Samahani jibu lako sio sahihi wasiliana nasi kupitia 254722206179 Powered by Agrico EA.','','Yes',NULL,NULL,NULL,1,652,652,'2019-07-29 17:17:41','2019-07-29 17:17:41',2),
 (455,163,8,'Tungependa kujua mji wako na kauti yako. Tafadhali jibu kwa kutuma mji na kauti yako.Powered by Agrico EA',NULL,'Samahani jibu lako sio sahihi jaribu tena au wasiliana nasi kupitia 254722206179. Powered by Agrico EA','','Yes',NULL,NULL,NULL,1,652,652,'2019-07-29 17:19:47','2019-07-29 17:19:47',3),
 (456,164,1,'Was the issue you called about addressed satisfactorily? ',NULL,'Please respond with either A for Yes or B for No','','Yes',NULL,NULL,NULL,1,263,263,'2019-08-01 15:59:49','2019-08-01 15:59:49',1),
 (457,164,6,'On a scale of 0 to 10, based on your experience, how likely are you to recommend the NIC Bank Customer Contact Centre to your friends or colleagues? (0= not likely, 10= very likely) ',NULL,'Please respond with a value between 0 and 10','','Yes',NULL,NULL,NULL,1,263,263,'2019-08-01 16:00:15','2019-08-01 16:00:15',2),
 (458,164,8,'Is there anything else that you would like to tell us about your experience with us?',NULL,'','','Yes',NULL,NULL,NULL,1,263,263,'2019-08-01 16:00:35','2019-08-01 16:00:35',3),
 (459,165,1,'jcjjmvh',NULL,'jkvhm','mhvm','No',NULL,NULL,NULL,1,666,666,'2019-08-30 08:44:33','2019-08-30 08:44:33',1),
 (460,166,1,'How was the presentation from Mtech ?',NULL,'Your response was invalid. respond with A,B or C','pass','Yes',NULL,NULL,NULL,1,264,264,'2019-08-30 13:28:46','2019-08-30 13:28:46',1),
 (461,166,6,'On a scale of 1 to 10, please rate the presentation where 10 is excellent, 1 is poor',NULL,'Invalid response','pass','Yes',NULL,NULL,NULL,1,264,264,'2019-08-30 13:29:37','2019-08-30 13:29:37',2),
 (462,167,1,'How much effort did you have to put forth to get your application processed?',NULL,'Please respond with either A, B, C, D or E','','Yes',NULL,NULL,NULL,1,263,263,'2019-09-03 13:19:09','2019-09-03 13:19:09',1),
 (463,167,1,'Did you receive the approval of your loan within the promised time?',NULL,'Please respond with either A for Yes or B for No','','Yes',NULL,NULL,NULL,1,263,263,'2019-09-03 13:19:33','2019-09-03 13:19:33',2),
 (464,167,6,'On a scale of 0-10, based on your experience, how likely are you to recommend an Asset Finance loan from NIC Bank to a friend or colleague? (0= not likely, 10= very likely)',NULL,'Please respond with a value between 0 and 10 (0= not likely, 10= very likely)','','Yes',NULL,NULL,NULL,1,263,263,'2019-09-03 13:20:15','2019-09-03 13:20:15',3),
 (465,167,8,'Is there any other comment or observation you would like to make on our loan process?',NULL,'','','Yes',NULL,NULL,NULL,1,263,263,'2019-09-03 13:49:59','2019-09-03 13:49:59',4),
 (466,168,1,'How much effort did you have to put forth to get your application processed?',NULL,'Please respond with either A, B, C, D or E','','Yes',NULL,NULL,NULL,1,263,263,'2019-09-03 13:55:02','2019-09-03 13:55:02',1),
 (467,168,1,'Did you receive your loan amounts within the promised time?',NULL,'Please respond with either A for Yes or B for No ','','Yes',NULL,NULL,NULL,1,263,263,'2019-09-03 14:02:24','2019-09-03 14:02:24',2),
 (468,168,6,'On a scale of 0-10, based on your experience, how likely are you to recommend a Personal Loan from NIC Bank to a friend or colleague? (0= not likely, 10= very likely)',NULL,'Please respond with a value between 0 and 10 (0= not likely, 10= very likely)','','Yes',NULL,NULL,NULL,1,263,263,'2019-09-03 14:03:34','2019-09-03 14:03:34',3),
 (469,168,8,'Is there any other comment or observation you would like to make on our loan process?',NULL,'','','Yes',NULL,NULL,NULL,1,263,263,'2019-09-03 14:03:45','2019-09-03 14:03:45',4),
 (470,169,1,'Was the issue you called about addressed satisfactorily?',NULL,'Please respond with A for Yes and B for No','','Yes',NULL,NULL,NULL,1,263,263,'2019-09-03 14:06:36','2019-09-03 14:06:36',1),
 (471,169,6,'On a scale of 0 to 10, based on your experience, how likely are you to recommend the NIC Bank Customer Contact Centre to your friends or colleagues? (0= not likely, 10= very likely) ',NULL,'Please respond with a value between 0 and 10','','Yes',NULL,NULL,NULL,1,263,263,'2019-09-03 14:07:51','2019-09-03 14:07:51',2),
 (472,169,8,'Is there anything else that you would like to tell us about your experience with us?',NULL,'','','Yes',NULL,NULL,NULL,1,263,263,'2019-09-03 14:08:05','2019-09-03 14:08:05',3),
 (473,170,1,'How much effort did you have to put forth to get your application processed?',NULL,'Please respond with either A, B, C, D or E','','Yes',NULL,NULL,NULL,1,263,263,'2019-09-04 13:43:48','2019-09-04 13:43:48',1),
 (474,170,1,'Did you receive the approval of your loan within the promised time?',NULL,'Please respond with either A for Yes or B for No','','Yes',NULL,NULL,NULL,1,263,263,'2019-09-04 13:44:16','2019-09-04 13:44:16',2),
 (475,170,6,'On a scale of 0-10, based on your experience, how likely are you to recommend an SME loan from NIC Bank to a friend or colleague? (0= not likely, 10= very likely)',NULL,'Please respond with a value between 0 and 10 (0= not likely, 10= very likely)','','Yes',NULL,NULL,NULL,1,263,263,'2019-09-04 13:44:59','2019-09-04 13:44:59',3),
 (476,170,8,'Is there any other comment or observation you would like to make on our loan process?',NULL,'','','Yes',NULL,NULL,NULL,1,263,263,'2019-09-04 13:45:10','2019-09-04 13:45:10',4),
 (477,172,6,'Rate your experience with Mtech',NULL,'','','Yes',NULL,NULL,NULL,1,40,40,'2019-09-27 10:04:57','2019-09-27 10:04:57',1),
 (479,174,6,'What is kenya\'s position?',NULL,'','','Yes',NULL,NULL,NULL,1,40,40,'2019-09-27 10:17:48','2019-09-27 10:17:48',1),
 (480,175,1,'test question 1',NULL,'invalid response','pass','Yes',NULL,NULL,NULL,1,264,264,'2019-09-27 10:18:54','2019-09-27 10:18:54',1),
 (481,175,1,'test question 2',NULL,'invalid response','pass','Yes',NULL,NULL,NULL,1,264,264,'2019-09-27 10:19:20','2019-09-27 10:19:20',2),
 (482,176,1,'question 1',NULL,'invalid response','pass','Yes',NULL,NULL,NULL,1,264,264,'2019-09-27 10:45:20','2019-09-27 10:45:20',1),
 (483,176,6,'rating 0 - 10',NULL,'invalid','pass','Yes',NULL,NULL,NULL,1,264,264,'2019-09-27 10:45:48','2019-09-27 10:45:48',2),
 (484,177,1,'question 1',NULL,'invalid','pass','Yes',NULL,NULL,NULL,1,264,264,'2019-09-27 10:56:48','2019-09-27 10:56:48',1),
 (485,178,1,'was your reason for calling addressed ?',NULL,'your response was invalid. Answer with A or B','pass','Yes',NULL,NULL,NULL,1,264,264,'2019-09-27 11:35:01','2019-09-27 11:35:01',1),
 (486,178,6,'Would you kindly rate your experience on a scale of 1 to 10 with 1 being bad and 10 being excellent  ',NULL,'your response was invalid. Respond with a value between 1 and 10','pass','Yes',NULL,NULL,NULL,1,264,264,'2019-09-27 11:36:12','2019-09-27 11:36:12',2),
 (487,178,8,'is there anything else you would like us to improve on ?',NULL,'your text was too long. ','pass','Yes',NULL,NULL,NULL,1,264,264,'2019-09-27 11:37:06','2019-09-27 11:37:06',3),
 (488,181,1,'Who will win Kibra election?',NULL,'Respond with A,B or C','Pass','Yes',NULL,NULL,NULL,1,40,40,'2019-10-09 07:18:51','2019-10-09 07:18:51',1),
 (489,181,8,'Why did you respond with the choice above?',NULL,'Invalid','','Yes',NULL,NULL,NULL,1,40,40,'2019-10-09 07:19:49','2019-10-09 07:19:49',2),
 (490,182,1,'Would you prefer to work over Public Holidays?',NULL,'This answer is invalid','Pass','Yes',NULL,NULL,NULL,1,40,40,'2019-10-09 08:34:14','2019-10-09 08:34:14',1),
 (491,182,1,'What do you prefer Cowboy or Kimbo',NULL,'Invalid Response','Pass','Yes',NULL,NULL,NULL,1,40,40,'2019-10-09 08:35:38','2019-10-09 08:35:38',2),
 (492,182,1,'Would you eat a red Avocado?',NULL,'Invalid','Pass','Yes',NULL,NULL,NULL,1,40,40,'2019-10-09 08:37:01','2019-10-09 08:37:01',3),
 (493,182,1,'Do you think Trump would be voted for in Karachuonyo?',NULL,'Invalid Response','Pass','Yes',NULL,NULL,NULL,1,40,40,'2019-10-09 08:39:09','2019-10-09 08:39:09',4),
 (494,182,1,'Who would win a fight between Luanda Magere and Thanos?',NULL,'Invalid','Pass','Yes',NULL,NULL,NULL,1,40,40,'2019-10-09 08:40:37','2019-10-09 08:40:37',5),
 (495,182,1,'Is it possible for a snail to do a back flip?',NULL,'Invalid response','Pass','Yes',NULL,NULL,NULL,1,40,40,'2019-10-09 08:43:07','2019-10-09 08:43:07',6),
 (496,183,1,'Select a choice ',NULL,'Invalid answer, please respond with A, B or C','Pass','Yes',NULL,NULL,NULL,1,264,264,'2019-10-16 13:03:45','2019-10-16 13:03:45',1),
 (497,183,6,'on a scale of 1 to 10,(Where 1 is bad and 10 good), how would rate your last meal ?',NULL,'Invalid answer, please respond with a value between 1 and 10','pass','Yes',NULL,NULL,NULL,1,264,264,'2019-10-16 13:05:20','2019-10-16 13:05:20',2),
 (498,183,8,'Anything else you would like to let us know ?',NULL,'invalid respond','pass','Yes',NULL,NULL,NULL,1,264,264,'2019-10-16 13:06:07','2019-10-16 13:06:07',3),
 (504,186,1,'Would you recommend this hospital to other?',NULL,'','','Yes',NULL,NULL,NULL,1,210,210,'2019-10-23 10:31:22','2019-10-23 10:31:22',1),
 (505,186,1,'My need were attended to quickly and efficiently?',NULL,'','','Yes',NULL,NULL,NULL,1,210,210,'2019-10-23 10:32:03','2019-10-23 10:32:03',2),
 (506,186,1,'The staff treated me in a professional way?',NULL,'','','Yes',NULL,NULL,NULL,1,210,210,'2019-10-23 10:32:41','2019-10-23 10:32:41',3),
 (507,186,1,'I was served in a caring, gentle and kind way?',NULL,'','','Yes',NULL,NULL,NULL,1,210,210,'2019-10-23 10:33:32','2019-10-23 10:33:32',4),
 (508,186,8,'Which department/Who/What impressed you the most?',NULL,'','','Yes',NULL,NULL,NULL,1,210,210,'2019-10-23 10:34:53','2019-10-23 10:34:53',5),
 (509,186,6,'I found the charges fair. Scale of 1-5 (1 being disagree 5 being Strongly agree)',NULL,'Invalid','Pass','Yes',NULL,NULL,NULL,1,210,210,'2019-10-23 10:35:32','2019-10-23 10:35:32',6),
 (510,186,8,'Any other comments/suggestion',NULL,'','','Yes',NULL,NULL,NULL,1,210,210,'2019-10-23 10:36:14','2019-10-23 10:36:14',7),
 (513,186,4,'What is your email address?',NULL,'','','Yes',NULL,NULL,NULL,1,210,210,'2019-10-23 10:37:33','2019-10-23 10:37:33',10),
 (514,187,1,'Would you recommend this hospital to others? ( Respond with A or B)',NULL,'Please respond with either A or B','','Yes',NULL,NULL,NULL,1,163,163,'2019-10-23 15:18:32','2019-10-23 15:18:32',1),
 (515,187,1,'My needs were attended to quickly and efficiently. (respond with A or B)',NULL,'Kindly reply with either A or B','','Yes',NULL,NULL,NULL,1,163,163,'2019-10-23 15:19:54','2019-10-23 15:19:54',2),
 (516,187,1,'The staff treated me in a professional way. ( Kindly reply with either A or B)',NULL,'Kindly reply with either A or B','','Yes',NULL,NULL,NULL,1,163,163,'2019-10-23 15:20:59','2019-10-23 15:20:59',3),
 (517,187,1,'I was served in a caring, gentle and kind way. ( Please respond with either A or B)',NULL,'Please reply with either A or B','','Yes',NULL,NULL,NULL,1,163,163,'2019-10-23 15:21:54','2019-10-23 15:21:54',4),
 (518,187,8,'Which department/Who/What impressed you the most?',NULL,'','','Yes',NULL,NULL,NULL,1,163,163,'2019-10-23 15:23:04','2019-10-23 15:23:04',5),
 (519,187,6,'I found the charges fair. \r\n(Scale of 1 to 5, where 1 is disagree, to 5 strongly agree)',NULL,'Your answer is invalid, please enter a number between 1 and 5.','','Yes',NULL,NULL,NULL,1,163,163,'2019-10-23 15:25:03','2019-10-23 15:25:03',6),
 (520,187,8,'Any other comment/suggestion?',NULL,'','','Yes',NULL,NULL,NULL,1,163,163,'2019-10-23 15:25:37','2019-10-23 15:25:37',7),
 (521,187,8,'What is your name?',NULL,'','','Yes',NULL,NULL,NULL,1,163,163,'2019-10-23 15:26:10','2019-10-23 15:26:10',8),
 (523,187,4,'What is your email address?',NULL,'','','Yes',NULL,NULL,NULL,1,163,163,'2019-10-23 15:28:09','2019-10-23 15:28:09',10),
 (524,188,1,'Will it rain today?',NULL,'Answer with A or B','','Yes',NULL,NULL,NULL,1,163,163,'2019-10-23 16:20:10','2019-10-23 16:20:10',1),
 (525,188,1,'Why do you think it will rain today?',NULL,'Answer A or B','','Yes',NULL,NULL,NULL,1,163,163,'2019-10-23 16:22:10','2019-10-23 16:22:10',2),
 (526,188,1,'Why don\'t you think it will rain today?',NULL,'Answer A or B','','Yes',NULL,NULL,NULL,1,163,163,'2019-10-23 16:23:34','2019-10-23 16:23:34',3),
 (527,188,8,'In your own words, describe what it will take to get some rain',NULL,'','','Yes',NULL,NULL,NULL,1,163,163,'2019-10-23 16:24:34','2019-10-23 16:24:34',4),
 (531,190,1,'Was the issue you called about addressed satisfactorily?',NULL,'Please respond with either A for Yes or B for No','','Yes',NULL,NULL,NULL,1,406,406,'2019-10-24 16:12:35','2019-10-24 16:12:35',1),
 (532,190,6,'On a scale of 0 to 10, based on your experience, how likely are you to recommend NCBA Contact Centre to your friends or colleagues? (0= not likely, 10= very likely) ',NULL,'Please respond with a value between 0 and 10','','Yes',NULL,NULL,NULL,1,406,406,'2019-10-24 16:16:50','2019-10-24 16:16:50',2),
 (533,190,8,'Is there anything else that you would like to tell us about your experience with us?',NULL,'','','Yes',NULL,NULL,NULL,1,406,406,'2019-10-24 16:17:32','2019-10-24 16:17:32',3),
 (534,191,6,'From a scale of 1 to 10 where 1 is bad, and 10 good, please rate the service you received',NULL,'Please respond with a value between 1 and 10','pass','Yes',NULL,NULL,NULL,1,264,264,'2019-10-29 11:15:41','2019-10-29 11:15:41',1),
 (535,191,8,'why did you respond with your answer above ',NULL,'your response was invalid','pass','Yes',NULL,NULL,NULL,1,264,264,'2019-10-29 11:17:35','2019-10-29 11:17:35',2),
 (536,191,8,'why did you respond with your answer above ',NULL,'your response was invalid','pass','Yes',NULL,NULL,NULL,1,264,264,'2019-10-29 11:18:17','2019-10-29 11:18:17',3),
 (537,191,8,'anything else you would like us to know ?',NULL,'invalid response','','Yes',NULL,NULL,NULL,1,264,264,'2019-10-29 11:19:06','2019-10-29 11:19:06',4),
 (538,192,6,'On a scale of 1 to 5 how easy was it to get through to our contact centre? (1=very easy, 5=very difficult)',NULL,'Please respond with a value between 1 and 5','','Yes',NULL,NULL,NULL,1,406,406,'2019-11-04 18:15:09','2019-11-04 18:15:09',1),
 (539,192,6,'On a scale of 0 to 10, based on your experience, how likely are you to recommend the NCBA Bank Customer Contact Centre to your friends or colleagues? (0= not likely, 10= very likely) ',NULL,'Please respond with a value between 0 and 10','','Yes',NULL,NULL,NULL,1,406,406,'2019-11-04 18:16:30','2019-11-04 18:16:30',2),
 (540,192,8,'Is there anything else that you would like to tell us about your experience with us?',NULL,'','','Yes',NULL,NULL,NULL,1,406,406,'2019-11-04 18:17:18','2019-11-04 18:17:18',3),
 (541,193,6,'On a scale of 1 to 5 how easy was it to get through to our contact centre? (1=very easy, 5=very difficult)',NULL,'Please respond with a value between 1 and 5','','Yes',NULL,NULL,NULL,1,406,406,'2019-12-02 18:45:03','2019-12-02 18:45:03',1),
 (542,193,6,'On a scale of 0 to 10, based on your experience, how likely are you to recommend the NCBA Bank Customer Contact Centre to your friends or colleagues? (0= not likely, 10= very likely)',NULL,'Please respond with a value between 0 and 10','','Yes',NULL,NULL,NULL,1,406,406,'2019-12-02 18:46:19','2019-12-02 18:46:19',2),
 (543,193,8,'Is there anything else that you would like to tell us about your experience with us?',NULL,'','','Yes',NULL,NULL,NULL,1,406,406,'2019-12-02 18:47:09','2019-12-02 18:47:09',3),
 (544,194,6,'On a scale of 1 to 5 how easy was it to get through to our contact centre? (1=very easy, 5=very difficult)',NULL,'Please respond with a value between 1 and 5','','Yes',NULL,NULL,NULL,1,406,406,'2019-12-02 18:53:08','2019-12-02 18:53:08',1),
 (545,194,6,'On a scale of 0 to 10, based on your experience, how likely are you to recommend the NCBA Bank Customer Contact Centre to your friends or colleagues? (0= not likely, 10= very likely)',NULL,'Please respond with a value between 0 and 10','','Yes',NULL,NULL,NULL,1,406,406,'2019-12-02 18:53:53','2019-12-02 18:53:53',2),
 (546,194,8,'Is there anything else that you would like to tell us about your experience with us?',NULL,'','','Yes',NULL,NULL,NULL,1,406,406,'2019-12-02 18:54:24','2019-12-02 18:54:24',3),
 (547,196,1,'Did you receive your internet banking credentials? (Please respond with A for Yes or B for No)',NULL,'Please respond with either A for Yes or B for No','','Yes',NULL,NULL,NULL,1,406,406,'2019-12-17 14:16:49','2019-12-17 14:16:49',1),
 (548,196,8,'If you received your credentials, please advise on any challenges youve encountered when logging in?',NULL,'','','Yes',NULL,NULL,NULL,1,406,406,'2019-12-17 14:19:18','2019-12-17 14:19:18',2),
 (549,196,1,'If you did not receive your credentials, please advise if you would like to be set up on internet banking? (Please respond with A for Yes or B for No)',NULL,'Please respond with either A for Yes or B for No','','Yes',NULL,NULL,NULL,1,406,406,'2019-12-17 14:21:58','2019-12-17 14:21:58',3),
 (553,198,6,'On a scale of 1 to 5 how easy was it to get through to our contact centre? (1=very easy, 5=very difficult)',NULL,'Please respond with a value between 1 and 5','','Yes',NULL,NULL,NULL,1,406,406,'2020-01-06 17:34:15','2020-01-06 17:34:15',1),
 (554,198,6,'On a scale of 0 to 10, based on your experience, how likely are you to recommend the NCBA Bank Customer Contact Centre to your friends or colleagues? (0= not likely, 10= very likely)',NULL,'Please respond with a value between 0 and 10','','Yes',NULL,NULL,NULL,1,406,406,'2020-01-06 17:35:05','2020-01-06 17:35:05',2),
 (555,198,8,'Is there anything else that you would like to tell us about your experience with us?',NULL,'','','Yes',NULL,NULL,NULL,1,406,406,'2020-01-06 17:35:38','2020-01-06 17:35:38',3),
 (556,199,6,'On a scale of 1 to 5 how easy was it to get through to our contact centre? (1=very easy, 5=very difficult)',NULL,'Please respond with a value between 1 and 5','','Yes',NULL,NULL,NULL,1,406,406,'2020-01-06 17:38:05','2020-01-06 17:38:05',1),
 (557,199,6,'On a scale of 0 to 10, based on your experience, how likely are you to recommend the NCBA Bank Customer Contact Centre to your friends or colleagues? (0= not likely, 10= very likely)',NULL,'Please respond with a value between 0 and 10','','Yes',NULL,NULL,NULL,1,406,406,'2020-01-06 17:38:44','2020-01-06 17:38:44',2),
 (558,199,8,'Is there anything else that you would like to tell us about your experience with us?',NULL,'','','Yes',NULL,NULL,NULL,1,406,406,'2020-01-06 17:39:19','2020-01-06 17:39:19',3),
 (559,200,6,'On a scale of 1 to 5 how easy was it to get through to our contact centre? (1=very easy, 5=very difficult)',NULL,'Please respond with a value between 1 and 5','','Yes',NULL,NULL,NULL,1,406,406,'2020-02-03 19:07:13','2020-02-03 19:07:13',1),
 (560,200,6,'On a scale of 0 to 10, based on your experience, how likely are you to recommend the NCBA Bank Customer Contact Centre to your friends or colleagues? (0= not likely, 10= very likely)',NULL,'Please respond with a value between 0 and 10','','Yes',NULL,NULL,NULL,1,406,406,'2020-02-03 19:08:01','2020-02-03 19:08:01',2),
 (561,200,8,'Is there anything else that you would like to tell us about your experience with us?',NULL,'','','Yes',NULL,NULL,NULL,1,406,406,'2020-02-03 19:08:39','2020-02-03 19:08:39',3),
 (565,202,6,'On a scale of 1 to 5 how easy was it to get through to our contact centre? (1=very easy, 5=very difficult)',NULL,'Please respond with a value between 1 and 5','','Yes',NULL,NULL,NULL,1,406,406,'2020-03-03 19:13:56','2020-03-03 19:13:56',1),
 (566,202,6,'On a scale of 0 to 10, based on your experience, how likely are you to recommend the NCBA Bank Customer Contact Centre to your friends or colleagues? (0= not likely, 10= very likely)',NULL,'Please respond with a value between 0 and 10','','Yes',NULL,NULL,NULL,1,406,406,'2020-03-03 19:14:27','2020-03-03 19:14:27',2),
 (567,202,8,'Is there anything else that you would like to tell us about your experience with us?',NULL,'','','Yes',NULL,NULL,NULL,1,406,406,'2020-03-03 19:14:47','2020-03-03 19:14:47',3),
 (568,203,1,'Would you recommend RadioJambo to your friends?',NULL,'','','Yes',NULL,NULL,NULL,1,163,163,'2020-03-09 10:35:38','2020-03-09 10:35:38',1),
 (569,203,1,'Kindly rate our services.',NULL,'','','Yes',NULL,NULL,NULL,1,163,163,'2020-03-09 10:37:43','2020-03-09 10:37:43',2),
 (570,203,10,'Thank you for your participation.',NULL,'','','Yes',NULL,NULL,NULL,1,163,163,'2020-03-09 10:41:04','2020-03-09 10:41:04',3),
 (571,204,8,'Kindly share your name, age and location.',NULL,'','','Yes',NULL,NULL,NULL,1,163,163,'2020-03-09 14:49:58','2020-03-09 14:49:58',1),
 (572,204,10,'Thank you for submitting your information.',NULL,'','','Yes',NULL,NULL,NULL,1,163,163,'2020-03-09 14:50:25','2020-03-09 14:50:25',2),
 (573,205,6,'On a scale of 1 to 5 how easy was it to get through to our contact centre? (1=very easy, 5=very difficult)',NULL,'Please respond with a value between 1 and 5','','Yes',NULL,NULL,NULL,1,406,406,'2020-04-14 13:38:40','2020-04-14 13:38:40',1),
 (574,205,6,'On a scale of 0 to 10, based on your experience, how likely are you to recommend the NCBA Bank Customer Contact Centre to your friends or colleagues? (0= not likely, 10= very likely)',NULL,'Please respond with a value between 0 and 10','','Yes',NULL,NULL,NULL,1,406,406,'2020-04-14 13:39:27','2020-04-14 13:39:27',2),
 (575,205,8,'Is there anything else that you would like to tell us about your experience with us?',NULL,'','','Yes',NULL,NULL,NULL,1,406,406,'2020-04-14 13:40:58','2020-04-14 13:40:58',3),
 (576,206,1,'Multiple choice - single answer Question 1',NULL,'Invalid response. respond with A or B','pass','Yes',NULL,NULL,NULL,1,696,696,'2020-04-15 12:14:46','2020-04-15 12:14:46',1),
 (577,206,4,'respond with your email',NULL,'Invalid email address. respond with your email','pass','Yes',NULL,NULL,NULL,1,696,696,'2020-04-15 12:15:07','2020-04-15 12:15:07',2),
 (578,208,6,'On a scale of 1 to 5 how easy was it to get through to our contact centre? (1=very easy, 5=very difficult)',NULL,'Please respond with a value between 1 and 5','','Yes',NULL,NULL,NULL,1,406,406,'2020-04-22 10:34:37','2020-04-22 10:34:37',1),
 (579,208,6,'On a scale of 0 to 10, based on your experience, how likely are you to recommend the NCBA Bank Customer Contact Centre to your friends or colleagues? (0= not likely, 10= very likely)',NULL,'Please respond with a value between 0 and 10','','Yes',NULL,NULL,NULL,1,406,406,'2020-04-22 10:35:21','2020-04-22 10:35:21',2),
 (580,208,8,'Is there anything else that you would like to tell us about your experience with us?',NULL,'','','Yes',NULL,NULL,NULL,1,406,406,'2020-04-22 10:35:59','2020-04-22 10:35:59',3),
 (581,209,6,'On a scale of 1 to 5 how easy was it to get through to our contact centre? (1=very easy, 5=very difficult)',NULL,'Please respond with a value between 1 and 5','','Yes',NULL,NULL,NULL,1,406,406,'2020-05-11 18:28:13','2020-05-11 18:28:13',1),
 (582,209,6,'On a scale of 0 to 10, based on your experience, how likely are you to recommend the NCBA Bank Customer Contact Centre to your friends or colleagues? (0= not likely, 10= very likely)',NULL,'Please respond with a value between 0 and 10','','Yes',NULL,NULL,NULL,1,406,406,'2020-05-11 18:29:08','2020-05-11 18:29:08',2),
 (583,209,8,'Is there anything else that you would like to tell us about your experience with us?',NULL,'','','Yes',NULL,NULL,NULL,1,406,406,'2020-05-11 18:29:36','2020-05-11 18:29:36',3),
 (597,215,1,'Would you prefer to interact with the Automated Voice Prompt to handle your enquiries or to be connected directly with a Customer Service Champion? (Please respond with A for AUTOMATED VOICE PROMPT or B for CUSTOMER SERVICE CHAMPION)',NULL,'Please respond with A for AUTOMATED VOICE PROMPT or B for CUSTOMER SERVICE CHAMPION','','Yes',NULL,NULL,NULL,1,406,406,'2020-05-15 10:15:06','2020-05-15 10:15:06',1),
 (598,215,1,'In the event that any of our transaction channels are unavailable, would you like us to notify you through the Automated Voice Prompt first before reaching a Customer Service Champion? (Please respond with A for YES or B for NO)',NULL,'Please respond with A for YES or B for NO','','Yes',NULL,NULL,NULL,1,406,406,'2020-05-15 10:15:43','2020-05-15 10:15:43',2),
 (599,215,1,'Are you satisfied with the current NCBA Automated Voice Prompt? (Please respond with A for YES or B for NO)',NULL,'Please respond with A for YES or B for NO','','Yes',NULL,NULL,NULL,1,406,406,'2020-05-15 10:16:13','2020-05-15 10:16:13',3),
 (600,215,8,'What is your reason for the answer you have given?',NULL,'','','Yes',NULL,NULL,NULL,1,406,406,'2020-05-15 10:16:40','2020-05-15 10:16:40',4),
 (602,216,1,'Would you prefer to interact with the Automated Voice Prompt to handle your enquiries or to be connected directly with a Customer Service Champion? (Please respond with A for AUTOMATED VOICE PROMPT or B for CUSTOMER SERVICE CHAMPION)',NULL,'Please respond with A for AUTOMATED VOICE PROMPT or B for CUSTOMER SERVICE CHAMPION','','Yes',NULL,NULL,NULL,1,406,406,'2020-05-18 10:29:59','2020-05-18 10:29:59',1),
 (603,216,1,'In the event that any of our transaction channels are unavailable, would you like us to notify you through the Automated Voice Prompt first before reaching a Customer Service Champion? (Please respond with A for YES or B for NO)',NULL,'Please respond with A for YES or B for NO','','Yes',NULL,NULL,NULL,1,406,406,'2020-05-18 10:30:49','2020-05-18 10:30:49',2),
 (604,216,1,'Are you satisfied with the current NCBA Automated Voice Prompt? (Please respond with A for YES or B for NO)',NULL,'Please respond with A for YES or B for NO','','Yes',NULL,NULL,NULL,1,406,406,'2020-05-18 10:31:40','2020-05-18 10:31:40',3),
 (605,216,8,'What is your reason for the answer you have given?',NULL,'','','Yes',NULL,NULL,NULL,1,406,406,'2020-05-18 10:31:56','2020-05-18 10:31:56',4),
 (609,218,6,'On a scale of 1 to 5 how easy was it to get through to our contact centre? (1=very easy, 5=very difficult)',NULL,'Please respond with a value between 1 and 5','','Yes',NULL,NULL,NULL,1,406,406,'2020-06-02 18:21:11','2020-06-02 18:21:11',1),
 (610,218,6,'On a scale of 0 to 10, based on your experience, how likely are you to recommend the NCBA Bank Customer Contact Centre to your friends or colleagues? (0= not likely, 10= very likely)',NULL,'Please respond with a value between 0 and 10','','Yes',NULL,NULL,NULL,1,406,406,'2020-06-02 18:22:02','2020-06-02 18:22:02',2),
 (611,218,8,'Is there anything else that you would like to tell us about your experience with us?',NULL,'','','Yes',NULL,NULL,NULL,1,406,406,'2020-06-02 18:22:32','2020-06-02 18:22:32',3),
 (612,219,9,'How often do you trade in a month? (please respond with a value)',NULL,'Please respond with a value','','Yes',NULL,NULL,NULL,1,406,406,'2020-07-03 19:19:59','2020-07-03 19:19:59',1),
 (613,219,6,'How would you rate the service you received based on your most recent interaction with our Treasury team? (1=Excellent, 2=Very Good, 3=Good, 4=Fair, 5=Poor)',NULL,'Please respond with a value between 1 and 5','','Yes',NULL,NULL,NULL,1,406,406,'2020-07-03 19:22:51','2020-07-03 19:22:51',2),
 (614,219,8,'Please share your feedback on how we can improve our FOREX services',NULL,'','','Yes',NULL,NULL,NULL,1,406,406,'2020-07-03 19:23:27','2020-07-03 19:23:27',3),
 (615,220,6,'On a scale of 1 to 5 how easy was it to get through to our contact centre? (1=very easy, 5=very difficult)',NULL,'Please respond with a value between 1 and 5','','Yes',NULL,NULL,NULL,1,406,406,'2020-07-13 18:20:18','2020-07-13 18:20:18',1),
 (616,220,6,'On a scale of 0 to 10, based on your experience, how likely are you to recommend the NCBA Bank Customer Contact Centre to your friends or colleagues? (0= not likely, 10= very likely)',NULL,'Please respond with a value between 0 and 10','','Yes',NULL,NULL,NULL,1,406,406,'2020-07-13 18:21:07','2020-07-13 18:21:07',2),
 (617,220,8,'Is there anything else that you would like to tell us about your experience with us?',NULL,'','','Yes',NULL,NULL,NULL,1,406,406,'2020-07-13 18:21:46','2020-07-13 18:21:46',3),
 (618,221,9,'How often do you trade in a month? (please respond with a value)',NULL,'Please respond with a value','','Yes',NULL,NULL,NULL,1,406,406,'2020-07-15 15:18:00','2020-07-15 15:18:00',1),
 (619,221,8,'Please share any feedback you have concerning our Forex Services',NULL,'','','Yes',NULL,NULL,NULL,1,406,406,'2020-07-15 15:18:42','2020-07-15 15:18:42',2),
 (620,222,6,'On a scale of 1 to 5 how easy was it to get through to our contact centre? (1=very easy, 5=very difficult)',NULL,'Please respond with a value between 1 and 5','','Yes',NULL,NULL,NULL,1,406,406,'2020-08-04 18:33:40','2020-08-04 18:33:40',1),
 (621,222,6,'On a scale of 0 to 10, based on your experience, how likely are you to recommend the NCBA Bank Customer Contact Centre to your friends or colleagues? (0= not likely, 10= very likely)',NULL,'Please respond with a value between 0 and 10','','Yes',NULL,NULL,NULL,1,406,406,'2020-08-04 18:34:32','2020-08-04 18:34:32',2),
 (622,222,8,'Is there anything else that you would like to tell us about your experience with us?',NULL,'','','Yes',NULL,NULL,NULL,1,406,406,'2020-08-04 18:35:08','2020-08-04 18:35:08',3),
 (623,223,6,'On a scale of 1 to 5 how easy was it to get through to our contact centre? (1=very easy, 5=very difficult)',NULL,'Please respond with a value between 1 and 5','','Yes',NULL,NULL,NULL,1,406,406,'2020-09-02 18:15:22','2020-09-02 18:15:22',1),
 (624,223,6,'On a scale of 0 to 10, based on your experience, how likely are you to recommend the NCBA Bank Customer Contact Centre to your friends or colleagues? (0= not likely, 10= very likely)',NULL,'Please respond with a value between 0 and 10','','Yes',NULL,NULL,NULL,1,406,406,'2020-09-02 18:16:23','2020-09-02 18:16:23',2),
 (625,223,8,'Is there anything else that you would like to tell us about your experience with us?',NULL,'','','Yes',NULL,NULL,NULL,1,406,406,'2020-09-02 18:16:50','2020-09-02 18:16:50',3),
 (631,226,9,'How often do you trade in a month? (please respond with a value)',NULL,'Please respond with a value','','Yes',NULL,NULL,NULL,1,406,406,'2020-09-09 16:21:29','2020-09-09 16:21:29',1),
 (632,226,8,'Please share any feedback you have concerning our Forex Services',NULL,'','','Yes',NULL,NULL,NULL,1,406,406,'2020-09-09 16:22:06','2020-09-09 16:22:06',2),
 (633,227,1,'How did you find our customer service experience ?',NULL,'Please respond with A, B or C','pass','Yes',NULL,NULL,NULL,1,696,696,'2020-09-10 11:53:09','2020-09-10 11:53:09',1),
 (634,227,6,'On a scale between 1 and 10, where 1 is bad, and 10 is excellent, how would you rate the service ?',NULL,'Invalid response, please respond with a value between 1 and 10','pass','Yes',NULL,NULL,NULL,1,696,696,'2020-09-10 11:53:51','2020-09-10 11:53:51',2),
 (635,227,8,'please let us know if there is anything else you would like to bring to our attention',NULL,'please respond with your feedback that is more than one character long','pass','Yes',NULL,NULL,NULL,1,696,696,'2020-09-10 11:55:32','2020-09-10 11:55:32',3),
 (636,228,1,'How did you find our experience ?',NULL,'Your answer was invalid, please respond with A, B or C','pass','Yes',NULL,NULL,NULL,1,696,696,'2020-09-10 14:19:36','2020-09-10 14:19:36',1),
 (637,228,6,'From a scale of 1 to 10 where 1 is bad and 10 is excellent , please rate the service',NULL,'Your response was invalid, please respond with a value between 1 and 10','pass','Yes',NULL,NULL,NULL,1,696,696,'2020-09-10 14:20:37','2020-09-10 14:20:37',2),
 (638,228,8,'Is there anything else that you would like us to know ?',NULL,'Please respond with your answer that is between one and a thousand characters','pass','Yes',NULL,NULL,NULL,1,696,696,'2020-09-10 14:21:46','2020-09-10 14:21:46',3),
 (639,229,6,'On a scale of 1 to 5 how easy was it to get through to our contact centre? (1=very easy, 5=very difficult)',NULL,'Please respond with a value between 1 and 5','','Yes',NULL,NULL,NULL,1,406,406,'2020-09-18 15:34:37','2020-09-18 15:34:37',1),
 (640,229,6,'On a scale of 0 to 10, based on your experience, how likely are you to recommend the NCBA Bank Customer Contact Centre to your friends or colleagues? (0= not likely, 10= very likely)',NULL,'Please respond with a value between 0 and 10','','Yes',NULL,NULL,NULL,1,406,406,'2020-09-18 15:35:47','2020-09-18 15:35:47',2),
 (641,229,8,'Is there anything else that you would like to tell us about your experience with us?',NULL,'','','Yes',NULL,NULL,NULL,1,406,406,'2020-09-18 15:36:29','2020-09-18 15:36:29',3),
 (642,230,1,'Please reply with A for YES if you need to be called for assistance or B for NO if you have already been assisted.',NULL,'Please reply with A for YES  or B for NO','','Yes',NULL,NULL,NULL,1,406,406,'2020-09-23 15:31:29','2020-09-23 15:31:29',1),
 (643,230,8,'Please tell us what the issue is so that we can assist?',NULL,'','','Yes',NULL,NULL,NULL,1,406,406,'2020-09-23 15:32:34','2020-09-23 15:32:34',2),
 (644,231,1,'Were you served  successfully ?',NULL,'Please respond with A or B','Pass','Yes',NULL,NULL,NULL,1,696,696,'2020-09-23 17:19:26','2020-09-23 17:19:26',1),
 (645,231,8,'Why did you select @previous above ?',NULL,'','pass','Yes',NULL,NULL,NULL,1,696,696,'2020-09-23 17:20:14','2020-09-23 17:20:14',2),
 (647,233,1,'Please reply with A for YES if you need to be called for assistance or B for NO if you have already been assisted.',NULL,'Please reply with A for YES or B for NO','','Yes',NULL,NULL,NULL,1,406,406,'2020-09-24 10:43:10','2020-09-24 10:43:10',1),
 (648,234,1,'Please reply with A for YES if you need to be called for assistance or B for NO if you have already been assisted.',NULL,'Please reply with A for YES or B for NO','','Yes',NULL,NULL,NULL,1,406,406,'2020-09-24 12:14:47','2020-09-24 12:14:47',1),
 (649,234,8,'Is there anything else that you would like to tell us about your experience with us?',NULL,'','','Yes',NULL,NULL,NULL,1,406,406,'2020-09-24 12:15:26','2020-09-24 12:15:26',2),
 (650,235,1,'Please reply with A for YES if you need to be called for assistance or B for NO if you have already been assisted.',NULL,'Please reply with A for YES or B for NO','','Yes',NULL,NULL,NULL,1,406,406,'2020-10-05 13:23:49','2020-10-05 13:23:49',1),
 (651,235,8,'Is there anything else that you would like to tell us about your experience with us?',NULL,'','','Yes',NULL,NULL,NULL,1,406,406,'2020-10-05 13:24:13','2020-10-05 13:24:13',2),
 (652,236,6,'On a scale of 1 to 5 how easy was it to get through to our contact centre? (1=very easy, 5=very difficult)',NULL,'Please respond with a value between 1 and 5','','Yes',NULL,NULL,NULL,1,406,406,'2020-10-22 17:58:47','2020-10-22 17:58:47',1),
 (653,236,6,'On a scale of 0 to 10, based on your experience, how likely are you to recommend the NCBA Bank Customer Contact Centre to your friends or colleagues? (0= not likely, 10= very likely)',NULL,'Please respond with a value between 0 and 10','','Yes',NULL,NULL,NULL,1,406,406,'2020-10-22 17:59:49','2020-10-22 17:59:49',2),
 (654,236,8,'Is there anything else that you would like to tell us about your experience with us?',NULL,'','','Yes',NULL,NULL,NULL,1,406,406,'2020-10-22 18:00:20','2020-10-22 18:00:20',3),
 (655,237,6,'On a scale of 1 to 5 how easy was it to get through to our contact centre? (1=very easy, 5=very difficult)',NULL,'Please respond with a value between 1 and 5','','Yes',NULL,NULL,NULL,1,406,406,'2020-11-04 18:06:21','2020-11-04 18:06:21',1),
 (656,237,6,'On a scale of 0 to 10, based on your experience, how likely are you to recommend the NCBA Bank Customer Contact Centre to your friends or colleagues? (0= not likely, 10= very likely)',NULL,'Please respond with a value between 0 and 10','','Yes',NULL,NULL,NULL,1,406,406,'2020-11-04 18:07:06','2020-11-04 18:07:06',2),
 (657,237,8,'Is there anything else that you would like to tell us about your experience with us?',NULL,'','','Yes',NULL,NULL,NULL,1,406,406,'2020-11-04 18:07:26','2020-11-04 18:07:26',3),
 (658,238,1,'Question 1',NULL,'','','Yes',NULL,NULL,NULL,1,1,1,'2020-11-23 21:25:54','2020-11-23 21:25:54',1),
 (659,239,6,'On a scale of 1 to 5 how easy was it to get through to our contact centre? (1=very easy, 5=very difficult)',NULL,'Please respond with a value between 1 and 5','','Yes',NULL,NULL,NULL,1,406,406,'2020-12-07 18:39:09','2020-12-07 18:39:09',1),
 (660,239,6,'On a scale of 0 to 10, based on your experience, how likely are you to recommend the NCBA Bank Customer Contact Centre to your friends or colleagues? (0= not likely, 10= very likely)',NULL,'Please respond with a value between 0 and 10','','Yes',NULL,NULL,NULL,1,406,406,'2020-12-07 18:40:09','2020-12-07 18:40:09',2),
 (661,239,8,'Is there anything else that you would like to tell us about your experience with us?',NULL,'','','Yes',NULL,NULL,NULL,1,406,406,'2020-12-07 18:41:03','2020-12-07 18:41:03',3),
 (662,240,6,'On a scale of 1 to 5 how easy was it to solve your problem with NCBA Contact Centre today? (1=very difficult, 5=very easy)',NULL,'Please respond with a value between 1 and 5','','Yes',NULL,NULL,NULL,1,406,406,'2021-01-11 17:46:21','2021-01-11 17:46:21',1),
 (663,240,6,'On a scale of 1 to 5 how satisfied are you with the service that you received from the NCBA Contact Centre today? (1=very dissatisfied, 5=very satisfied)',NULL,'Please respond with a value between 1 and 5','','Yes',NULL,NULL,NULL,1,406,406,'2021-01-11 18:00:40','2021-01-11 18:00:40',2),
 (664,240,6,'On a scale of 0 to 10, based on your experience, how likely are you to recommend the NCBA Bank Contact Centre to your friends or colleagues? (0= not likely, 10= very likely)',NULL,'Please respond with a value between 0 and 10','','Yes',NULL,NULL,NULL,1,406,406,'2021-01-11 18:01:41','2021-01-11 18:01:41',3),
 (665,240,8,'Is there anything else that you would like to tell us about your experience with us?',NULL,'','','Yes',NULL,NULL,NULL,1,406,406,'2021-01-11 18:03:07','2021-01-11 18:03:07',4),
 (666,241,6,'On a scale of 1 to 5 how easy was it to solve your problem with NCBA Contact Centre today? (1=very difficult, 5=very easy)',NULL,'Please respond with a value between 1 and 5','','Yes',NULL,NULL,NULL,1,406,406,'2021-02-02 19:09:46','2021-02-02 19:09:46',1),
 (667,241,6,'On a scale of 1 to 5 how satisfied are you with the service that you received from the NCBA Contact Centre today? (1=very dissatisfied, 5=very satisfied)',NULL,'Please respond with a value between 1 and 5','','Yes',NULL,NULL,NULL,1,406,406,'2021-02-02 19:10:37','2021-02-02 19:10:37',2),
 (668,241,6,'On a scale of 0 to 10, based on your experience, how likely are you to recommend the NCBA Bank Contact Centre to your friends or colleagues? (0= not likely, 10= very likely)',NULL,'Please respond with a value between 0 and 10','','Yes',NULL,NULL,NULL,1,406,406,'2021-02-02 19:11:26','2021-02-02 19:11:26',3),
 (669,241,8,'Is there anything else that you would like to tell us about your experience with us?',NULL,'','','Yes',NULL,NULL,NULL,1,406,406,'2021-02-02 19:12:06','2021-02-02 19:12:06',4),
 (743,349,2,'test',1,'test','test','Yes',NULL,NULL,NULL,1,31,31,'2021-06-22 01:31:59','2021-06-22 01:31:59',1),
 (744,351,2,'test question',1,'test','test','Yes',NULL,NULL,NULL,1,31,31,'2021-06-27 21:31:13','2021-06-27 21:31:13',1);
/*!40000 ALTER TABLE `surveyquestions` ENABLE KEYS */;


--
-- Definition of table `surveyquestionvariants`
--

DROP TABLE IF EXISTS `surveyquestionvariants`;
CREATE TABLE `surveyquestionvariants` (
  `variantID` int(11) NOT NULL AUTO_INCREMENT,
  `questionID` int(11) NOT NULL,
  `position` varchar(11) DEFAULT NULL,
  `variantText` text NOT NULL,
  `extra` text DEFAULT NULL,
  `status` int(11) NOT NULL,
  `createdBy` int(11) NOT NULL,
  `updatedBy` int(11) NOT NULL,
  `dateCreated` datetime NOT NULL,
  `dateModified` timestamp NOT NULL DEFAULT current_timestamp() ON UPDATE current_timestamp(),
  PRIMARY KEY (`variantID`),
  UNIQUE KEY `variantsConstraint` (`questionID`,`position`) USING BTREE,
  KEY `questionID` (`questionID`),
  CONSTRAINT `surveyQuestionVariants_ibfk_1` FOREIGN KEY (`questionID`) REFERENCES `surveyquestions` (`questionID`) ON DELETE CASCADE ON UPDATE NO ACTION
) ENGINE=InnoDB AUTO_INCREMENT=676 DEFAULT CHARSET=latin1;

--
-- Dumping data for table `surveyquestionvariants`
--

/*!40000 ALTER TABLE `surveyquestionvariants` DISABLE KEYS */;
INSERT INTO `surveyquestionvariants` (`variantID`,`questionID`,`position`,`variantText`,`extra`,`status`,`createdBy`,`updatedBy`,`dateCreated`,`dateModified`) VALUES 
 (6,17,'A','YES',NULL,1,431,431,'2018-05-09 10:41:37','2018-05-09 10:41:37'),
 (7,17,'B','NO',NULL,1,431,431,'2018-05-09 10:41:37','2018-05-09 10:41:37'),
 (21,28,'A','NO',NULL,1,431,431,'2018-05-10 18:07:51','2018-05-10 18:07:51'),
 (22,28,'B','yeS',NULL,1,431,431,'2018-05-10 18:07:51','2018-05-10 18:07:51'),
 (23,28,'C','dIVORCED',NULL,1,431,431,'2018-05-10 18:07:51','2018-05-10 18:07:51'),
 (24,29,'A','Yes',NULL,1,431,431,'2018-05-11 16:58:19','2018-05-11 16:58:19'),
 (25,29,'B','No',NULL,1,431,431,'2018-05-11 16:58:19','2018-05-11 16:58:19'),
 (26,30,'A','Yes',NULL,1,431,431,'2018-05-11 16:59:09','2018-05-11 16:59:09'),
 (27,30,'B','No',NULL,1,431,431,'2018-05-11 16:59:09','2018-05-11 16:59:09'),
 (28,35,'A','Yes',NULL,1,431,431,'2018-05-16 09:37:26','2018-05-16 09:37:26'),
 (29,35,'B','No',NULL,1,431,431,'2018-05-16 09:37:26','2018-05-16 09:37:26'),
 (51,56,'A','Pleasant',NULL,1,431,431,'2018-05-21 11:30:16','2018-05-21 11:30:16'),
 (52,56,'B','Bad',NULL,1,431,431,'2018-05-21 11:30:16','2018-05-21 11:30:16'),
 (71,69,'A','Less than 5 years',NULL,1,263,263,'2018-05-24 09:24:13','2018-05-24 09:24:13'),
 (72,69,'B','5 - 10 years',NULL,1,263,263,'2018-05-24 09:24:13','2018-05-24 09:24:13'),
 (73,69,'C','10 - 15 years',NULL,1,263,263,'2018-05-24 09:24:13','2018-05-24 09:24:13'),
 (74,69,'D','More than 15 years',NULL,1,263,263,'2018-05-24 09:24:13','2018-05-24 09:24:13'),
 (81,79,'A','Car Sales',NULL,1,431,431,'2018-05-28 13:44:02','2018-05-28 13:44:02'),
 (82,79,'B','Car Body Shop',NULL,1,431,431,'2018-05-28 13:44:02','2018-05-28 13:44:02'),
 (83,79,'C','Garage',NULL,1,431,431,'2018-05-28 13:44:02','2018-05-28 13:44:02'),
 (84,79,'D','Car Brokerage',NULL,1,431,431,'2018-05-28 13:44:02','2018-05-28 13:44:02'),
 (85,81,'A','Simba',NULL,1,263,263,'2018-05-30 09:04:40','2018-05-30 09:04:40'),
 (86,81,'B','Chui',NULL,1,263,263,'2018-05-30 09:04:40','2018-05-30 09:04:40'),
 (87,81,'C','Twiga',NULL,1,263,263,'2018-05-30 09:04:40','2018-05-30 09:04:40'),
 (88,81,'D','Punda',NULL,1,263,263,'2018-05-30 09:04:40','2018-05-30 09:04:40'),
 (89,81,'E','Ngamia',NULL,1,263,263,'2018-05-30 09:04:40','2018-05-30 09:04:40'),
 (90,95,'A','Yes',NULL,1,263,263,'2018-06-08 08:08:58','2018-06-08 08:08:58'),
 (91,95,'B','No',NULL,1,263,263,'2018-06-08 08:08:58','2018-06-08 08:08:58'),
 (96,100,'A','Yes',NULL,1,263,263,'2018-06-08 14:57:35','2018-06-08 14:57:35'),
 (97,100,'B','No',NULL,1,263,263,'2018-06-08 14:57:35','2018-06-08 14:57:35'),
 (100,104,'A','Yes',NULL,1,431,431,'2018-06-14 11:07:41','2018-06-14 11:07:41'),
 (101,104,'B','No',NULL,1,431,431,'2018-06-14 11:07:41','2018-06-14 11:07:41'),
 (110,124,'A','Yes',NULL,1,263,263,'2018-06-25 17:07:45','2018-06-25 17:07:45'),
 (111,124,'B','No',NULL,1,263,263,'2018-06-25 17:07:45','2018-06-25 17:07:45'),
 (112,125,'A','Yes',NULL,1,263,263,'2018-06-26 12:23:23','2018-06-26 12:23:23'),
 (113,125,'B','No',NULL,1,263,263,'2018-06-26 12:23:23','2018-06-26 12:23:23'),
 (114,126,'A','Yes',NULL,1,263,263,'2018-06-27 16:06:10','2018-06-27 16:06:10'),
 (115,126,'B','No',NULL,1,263,263,'2018-06-27 16:06:10','2018-06-27 16:06:10'),
 (118,132,'A','Yes',NULL,1,263,263,'2018-06-28 16:56:05','2018-06-28 16:56:05'),
 (119,132,'B','No',NULL,1,263,263,'2018-06-28 16:56:05','2018-06-28 16:56:05'),
 (120,135,'A','Yes',NULL,1,263,263,'2018-06-29 17:19:13','2018-06-29 17:19:13'),
 (121,135,'B','No',NULL,1,263,263,'2018-06-29 17:19:13','2018-06-29 17:19:13'),
 (122,138,'A','Yes',NULL,1,263,263,'2018-07-02 17:45:22','2018-07-02 17:45:22'),
 (123,138,'B','No',NULL,1,263,263,'2018-07-02 17:45:22','2018-07-02 17:45:22'),
 (124,141,'A','Yes',NULL,1,263,263,'2018-07-03 17:36:13','2018-07-03 17:36:13'),
 (125,141,'B','No',NULL,1,263,263,'2018-07-03 17:36:13','2018-07-03 17:36:13'),
 (126,144,'A','Yes',NULL,1,263,263,'2018-07-04 18:45:33','2018-07-04 18:45:33'),
 (127,144,'B','No',NULL,1,263,263,'2018-07-04 18:45:33','2018-07-04 18:45:33'),
 (128,147,'A','Yes',NULL,1,263,263,'2018-07-05 18:56:35','2018-07-05 18:56:35'),
 (129,147,'B','No',NULL,1,263,263,'2018-07-05 18:56:35','2018-07-05 18:56:35'),
 (130,150,'A','Yes',NULL,1,263,263,'2018-07-06 18:04:05','2018-07-06 18:04:05'),
 (131,150,'B','No',NULL,1,263,263,'2018-07-06 18:04:05','2018-07-06 18:04:05'),
 (132,153,'A','Yes',NULL,1,263,263,'2018-07-09 17:53:00','2018-07-09 17:53:00'),
 (133,153,'B','No',NULL,1,263,263,'2018-07-09 17:53:00','2018-07-09 17:53:00'),
 (134,156,'A','Yes',NULL,1,263,263,'2018-07-10 18:40:15','2018-07-10 18:40:15'),
 (135,156,'B','No',NULL,1,263,263,'2018-07-10 18:40:15','2018-07-10 18:40:15'),
 (136,159,'A','Yes',NULL,1,263,263,'2018-07-11 17:20:30','2018-07-11 17:20:30'),
 (137,159,'B','No',NULL,1,263,263,'2018-07-11 17:20:30','2018-07-11 17:20:30'),
 (138,164,'A','Yes',NULL,1,263,263,'2018-07-12 17:10:47','2018-07-12 17:10:47'),
 (139,164,'B','No',NULL,1,263,263,'2018-07-12 17:10:47','2018-07-12 17:10:47'),
 (140,167,'A','Yes',NULL,1,263,263,'2018-07-13 17:15:23','2018-07-13 17:15:23'),
 (141,167,'B','No',NULL,1,263,263,'2018-07-13 17:15:23','2018-07-13 17:15:23'),
 (142,170,'A','Yes',NULL,1,263,263,'2018-07-16 17:06:40','2018-07-16 17:06:40'),
 (143,170,'B','No',NULL,1,263,263,'2018-07-16 17:06:40','2018-07-16 17:06:40'),
 (144,173,'A','Yes',NULL,1,263,263,'2018-07-17 17:03:29','2018-07-17 17:03:29'),
 (145,173,'B','No',NULL,1,263,263,'2018-07-17 17:03:29','2018-07-17 17:03:29'),
 (146,178,'A','Yes',NULL,1,263,263,'2018-07-19 16:58:15','2018-07-19 16:58:15'),
 (147,178,'B','No',NULL,1,263,263,'2018-07-19 16:58:15','2018-07-19 16:58:15'),
 (148,181,'A','Yes',NULL,1,263,263,'2018-07-20 13:30:41','2018-07-20 13:30:41'),
 (149,181,'B','No',NULL,1,263,263,'2018-07-20 13:30:41','2018-07-20 13:30:41'),
 (150,184,'A','Yes',NULL,1,263,263,'2018-07-23 08:37:03','2018-07-23 08:37:03'),
 (151,184,'B','No',NULL,1,263,263,'2018-07-23 08:37:03','2018-07-23 08:37:03'),
 (152,187,'A','Yes',NULL,1,263,263,'2018-07-24 17:04:36','2018-07-24 17:04:36'),
 (153,187,'B','No',NULL,1,263,263,'2018-07-24 17:04:36','2018-07-24 17:04:36'),
 (154,190,'A','Yes',NULL,1,263,263,'2018-07-25 17:04:32','2018-07-25 17:04:32'),
 (155,190,'B','No',NULL,1,263,263,'2018-07-25 17:04:32','2018-07-25 17:04:32'),
 (156,193,'A','Yes',NULL,1,481,481,'2018-07-26 17:08:21','2018-07-26 17:08:21'),
 (157,193,'B','No',NULL,1,481,481,'2018-07-26 17:08:21','2018-07-26 17:08:21'),
 (158,197,'A','Yes',NULL,1,481,481,'2018-07-27 17:11:21','2018-07-27 17:11:21'),
 (159,197,'B','No',NULL,1,481,481,'2018-07-27 17:11:21','2018-07-27 17:11:21'),
 (160,200,'A','Yes',NULL,1,481,481,'2018-07-30 16:24:34','2018-07-30 16:24:34'),
 (161,200,'B','No',NULL,1,481,481,'2018-07-30 16:24:34','2018-07-30 16:24:34'),
 (162,203,'A','Yes',NULL,1,481,481,'2018-07-31 17:46:44','2018-07-31 17:46:44'),
 (163,203,'B','No',NULL,1,481,481,'2018-07-31 17:46:44','2018-07-31 17:46:44'),
 (164,206,'A','Yes',NULL,1,481,481,'2018-08-01 16:51:08','2018-08-01 16:51:08'),
 (165,206,'B','No',NULL,1,481,481,'2018-08-01 16:51:08','2018-08-01 16:51:08'),
 (166,210,'A','Yes',NULL,1,481,481,'2018-08-02 18:07:27','2018-08-02 18:07:27'),
 (167,210,'B','No',NULL,1,481,481,'2018-08-02 18:07:27','2018-08-02 18:07:27'),
 (172,221,'A','Yes',NULL,1,481,481,'2018-08-13 17:15:09','2018-08-13 17:15:09'),
 (173,221,'B','No',NULL,1,481,481,'2018-08-13 17:15:09','2018-08-13 17:15:09'),
 (177,226,'A','Yes',NULL,1,481,481,'2018-08-15 15:55:29','2018-08-15 15:55:29'),
 (178,226,'B','No',NULL,1,481,481,'2018-08-15 15:55:29','2018-08-15 15:55:29'),
 (179,229,'A','Yes',NULL,1,481,481,'2018-08-16 15:41:14','2018-08-16 15:41:14'),
 (180,229,'B','No',NULL,1,481,481,'2018-08-16 15:41:14','2018-08-16 15:41:14'),
 (181,232,'A','Yes',NULL,1,481,481,'2018-08-20 16:43:15','2018-08-20 16:43:15'),
 (182,232,'B','No',NULL,1,481,481,'2018-08-20 16:43:15','2018-08-20 16:43:15'),
 (183,235,'A','Yes',NULL,1,263,263,'2018-08-23 17:09:57','2018-08-23 17:09:57'),
 (184,235,'B','No',NULL,1,263,263,'2018-08-23 17:09:57','2018-08-23 17:09:57'),
 (185,238,'A','Yes',NULL,1,263,263,'2018-09-06 18:44:09','2018-09-06 18:44:09'),
 (186,238,'B','No',NULL,1,263,263,'2018-09-06 18:44:09','2018-09-06 18:44:09'),
 (187,242,'A','Equity',NULL,1,504,504,'2018-09-25 16:10:22','2018-09-25 16:10:22'),
 (188,242,'B','Co-op',NULL,1,504,504,'2018-09-25 16:10:22','2018-09-25 16:10:22'),
 (189,242,'C','Stanbic Bank',NULL,1,504,504,'2018-09-25 16:10:22','2018-09-25 16:10:22'),
 (190,242,'D','KCB',NULL,1,504,504,'2018-09-25 16:10:22','2018-09-25 16:10:22'),
 (191,242,'E','Other',NULL,1,504,504,'2018-09-25 16:10:22','2018-09-25 16:10:22'),
 (192,244,'A','Very Easy',NULL,1,263,263,'2018-10-05 08:59:21','2018-10-05 08:59:21'),
 (193,244,'B','Easy',NULL,1,263,263,'2018-10-05 08:59:21','2018-10-05 08:59:21'),
 (194,244,'C','Neither Easy Nor Difficult',NULL,1,263,263,'2018-10-05 08:59:21','2018-10-05 08:59:21'),
 (195,244,'D','Difficult',NULL,1,263,263,'2018-10-05 08:59:21','2018-10-05 08:59:21'),
 (196,244,'E','Very Difficult',NULL,1,263,263,'2018-10-05 08:59:21','2018-10-05 08:59:21'),
 (197,245,'A','Very Satisfied',NULL,1,263,263,'2018-10-05 09:02:14','2018-10-05 09:02:14'),
 (198,245,'B','Satisfied',NULL,1,263,263,'2018-10-05 09:02:14','2018-10-05 09:02:14'),
 (199,245,'C','Neither satisfied nor satisfied ',NULL,1,263,263,'2018-10-05 09:02:14','2018-10-05 09:02:14'),
 (200,245,'D','Somewhat dissatisfied',NULL,1,263,263,'2018-10-05 09:02:14','2018-10-05 09:02:14'),
 (201,245,'E','Extremely dissatisfied ',NULL,1,263,263,'2018-10-05 09:02:14','2018-10-05 09:02:14'),
 (202,248,'A','Yes',NULL,1,297,297,'2018-10-05 13:48:36','2018-10-05 13:48:36'),
 (203,248,'B','No',NULL,1,297,297,'2018-10-05 13:48:36','2018-10-05 13:48:36'),
 (204,252,'A','Yes',NULL,1,504,504,'2018-10-09 14:51:26','2018-10-09 14:51:26'),
 (205,252,'B','No',NULL,1,504,504,'2018-10-09 14:51:26','2018-10-09 14:51:26'),
 (206,252,'C','I would like to',NULL,1,504,504,'2018-10-09 14:51:26','2018-10-09 14:51:26'),
 (207,253,'A','Awesome',NULL,1,504,504,'2018-10-09 14:55:38','2018-10-09 14:55:38'),
 (208,253,'B','Prompt',NULL,1,504,504,'2018-10-09 14:55:38','2018-10-09 14:55:38'),
 (209,253,'C','Customer Centric',NULL,1,504,504,'2018-10-09 14:55:38','2018-10-09 14:55:38'),
 (210,253,'D','Innovative',NULL,1,504,504,'2018-10-09 14:55:38','2018-10-09 14:55:38'),
 (211,260,'A','Yes',NULL,1,263,263,'2018-10-09 18:51:25','2018-10-09 18:51:25'),
 (212,260,'B','No',NULL,1,263,263,'2018-10-09 18:51:25','2018-10-09 18:51:25'),
 (213,263,'A','OK',NULL,1,504,504,'2018-10-11 10:46:48','2018-10-11 10:46:48'),
 (214,263,'B','Not OK',NULL,1,504,504,'2018-10-11 10:46:48','2018-10-11 10:46:48'),
 (215,263,'C','Could be better',NULL,1,504,504,'2018-10-11 10:46:48','2018-10-11 10:46:48'),
 (231,276,'A','OK',NULL,1,297,297,'2018-10-24 15:49:37','2018-10-24 15:49:37'),
 (232,276,'B','Bad',NULL,1,297,297,'2018-10-24 15:49:37','2018-10-24 15:49:37'),
 (233,276,'C','Could be better',NULL,1,297,297,'2018-10-24 15:49:37','2018-10-24 15:49:37'),
 (234,278,'A','Yes',NULL,1,263,263,'2018-11-02 18:14:23','2018-11-02 18:14:23'),
 (235,278,'B','No',NULL,1,263,263,'2018-11-02 18:14:23','2018-11-02 18:14:23'),
 (236,281,'A','Very Easy',NULL,1,263,263,'2018-11-09 09:14:21','2018-11-09 09:14:21'),
 (237,281,'B','Easy',NULL,1,263,263,'2018-11-09 09:14:21','2018-11-09 09:14:21'),
 (238,281,'C','Neither easy nor difficult',NULL,1,263,263,'2018-11-09 09:14:21','2018-11-09 09:14:21'),
 (239,281,'D','Difficult',NULL,1,263,263,'2018-11-09 09:14:21','2018-11-09 09:14:21'),
 (240,281,'E','Very difficult',NULL,1,263,263,'2018-11-09 09:14:21','2018-11-09 09:14:21'),
 (241,286,'A','Very Low Effort',NULL,1,263,263,'2018-11-13 19:43:02','2018-11-13 19:43:02'),
 (242,286,'B','Low Effort',NULL,1,263,263,'2018-11-13 19:43:02','2018-11-13 19:43:02'),
 (243,286,'C','Neutral',NULL,1,263,263,'2018-11-13 19:43:02','2018-11-13 19:43:02'),
 (244,286,'D','High Effort',NULL,1,263,263,'2018-11-13 19:43:02','2018-11-13 19:43:02'),
 (245,286,'E','Very High Effort',NULL,1,263,263,'2018-11-13 19:43:02','2018-11-13 19:43:02'),
 (246,287,'A','Yes',NULL,1,263,263,'2018-11-13 19:43:25','2018-11-13 19:43:25'),
 (247,287,'B','No',NULL,1,263,263,'2018-11-13 19:43:25','2018-11-13 19:43:25'),
 (248,290,'A','Very Low Effort',NULL,1,263,263,'2018-11-19 12:51:42','2018-11-19 12:51:42'),
 (249,290,'B','Low Effort',NULL,1,263,263,'2018-11-19 12:51:42','2018-11-19 12:51:42'),
 (250,290,'C','Neutral',NULL,1,263,263,'2018-11-19 12:51:42','2018-11-19 12:51:42'),
 (251,290,'D','High Effort',NULL,1,263,263,'2018-11-19 12:51:42','2018-11-19 12:51:42'),
 (252,290,'E','Very High Effort',NULL,1,263,263,'2018-11-19 12:51:42','2018-11-19 12:51:42'),
 (253,291,'A','Yes',NULL,1,263,263,'2018-11-19 12:52:13','2018-11-19 12:52:13'),
 (254,291,'B','No',NULL,1,263,263,'2018-11-19 12:52:13','2018-11-19 12:52:13'),
 (255,294,'A','Very Easy',NULL,1,263,263,'2018-11-20 15:33:32','2018-11-20 15:33:32'),
 (256,294,'B','Easy',NULL,1,263,263,'2018-11-20 15:33:32','2018-11-20 15:33:32'),
 (257,294,'C','Neutral',NULL,1,263,263,'2018-11-20 15:33:32','2018-11-20 15:33:32'),
 (258,294,'D','Difficult',NULL,1,263,263,'2018-11-20 15:33:32','2018-11-20 15:33:32'),
 (259,294,'E','Very Difficult',NULL,1,263,263,'2018-11-20 15:33:32','2018-11-20 15:33:32'),
 (260,299,'A','Very Low Effort',NULL,1,263,263,'2018-12-07 17:21:54','2018-12-07 17:21:54'),
 (261,299,'B','Low Effort',NULL,1,263,263,'2018-12-07 17:21:54','2018-12-07 17:21:54'),
 (262,299,'C','Neither low nor high effort',NULL,1,263,263,'2018-12-07 17:21:54','2018-12-07 17:21:54'),
 (263,299,'D','High Effort',NULL,1,263,263,'2018-12-07 17:21:54','2018-12-07 17:21:54'),
 (264,299,'E','Very High Effort',NULL,1,263,263,'2018-12-07 17:21:54','2018-12-07 17:21:54'),
 (265,300,'A','Yes',NULL,1,263,263,'2018-12-07 17:22:26','2018-12-07 17:22:26'),
 (266,300,'B','No',NULL,1,263,263,'2018-12-07 17:22:26','2018-12-07 17:22:26'),
 (267,303,'A','Yes',NULL,1,263,263,'2018-12-07 17:28:49','2018-12-07 17:28:49'),
 (268,303,'B','No',NULL,1,263,263,'2018-12-07 17:28:49','2018-12-07 17:28:49'),
 (269,306,'A','Very Low Effort',NULL,1,263,263,'2018-12-07 17:32:19','2018-12-07 17:32:19'),
 (270,306,'B','Low Effort',NULL,1,263,263,'2018-12-07 17:32:19','2018-12-07 17:32:19'),
 (271,306,'C','Neither low nor high effort',NULL,1,263,263,'2018-12-07 17:32:19','2018-12-07 17:32:19'),
 (272,306,'D','High Effort',NULL,1,263,263,'2018-12-07 17:32:19','2018-12-07 17:32:19'),
 (273,306,'E','Very High Effort',NULL,1,263,263,'2018-12-07 17:32:19','2018-12-07 17:32:19'),
 (274,307,'A','Yes',NULL,1,263,263,'2018-12-07 17:32:51','2018-12-07 17:32:51'),
 (275,307,'B','No',NULL,1,263,263,'2018-12-07 17:32:51','2018-12-07 17:32:51'),
 (276,310,'A','Yes',NULL,1,263,263,'2019-01-09 17:38:00','2019-01-09 17:38:00'),
 (277,310,'B','No',NULL,1,263,263,'2019-01-09 17:38:00','2019-01-09 17:38:00'),
 (278,313,'A','Very Low Effort',NULL,1,263,263,'2019-02-01 10:43:45','2019-02-01 10:43:45'),
 (279,313,'B','Low Effort',NULL,1,263,263,'2019-02-01 10:43:45','2019-02-01 10:43:45'),
 (280,313,'C','Neutral',NULL,1,263,263,'2019-02-01 10:43:45','2019-02-01 10:43:45'),
 (281,313,'D','High Effort',NULL,1,263,263,'2019-02-01 10:43:45','2019-02-01 10:43:45'),
 (282,313,'E','Very High Effort',NULL,1,263,263,'2019-02-01 10:43:45','2019-02-01 10:43:45'),
 (283,314,'A','Yes',NULL,1,263,263,'2019-02-01 10:44:25','2019-02-01 10:44:25'),
 (284,314,'B','No',NULL,1,263,263,'2019-02-01 10:44:25','2019-02-01 10:44:25'),
 (285,317,'A','Yes',NULL,1,263,263,'2019-02-12 17:27:29','2019-02-12 17:27:29'),
 (286,317,'B','No',NULL,1,263,263,'2019-02-12 17:27:29','2019-02-12 17:27:29'),
 (287,320,'A','Very Low Effort',NULL,1,263,263,'2019-03-02 12:37:44','2019-03-02 12:37:44'),
 (288,320,'B','Low Effort',NULL,1,263,263,'2019-03-02 12:37:44','2019-03-02 12:37:44'),
 (289,320,'C','Neither low nor high effort',NULL,1,263,263,'2019-03-02 12:37:44','2019-03-02 12:37:44'),
 (290,320,'D','High Effort',NULL,1,263,263,'2019-03-02 12:37:44','2019-03-02 12:37:44'),
 (291,320,'E','Very High Effort',NULL,1,263,263,'2019-03-02 12:37:44','2019-03-02 12:37:44'),
 (292,321,'A','Yes',NULL,1,263,263,'2019-03-02 12:38:12','2019-03-02 12:38:12'),
 (293,321,'B','No',NULL,1,263,263,'2019-03-02 12:38:12','2019-03-02 12:38:12'),
 (294,324,'A','Yes',NULL,1,263,263,'2019-03-02 12:50:36','2019-03-02 12:50:36'),
 (295,324,'B','No',NULL,1,263,263,'2019-03-02 12:50:36','2019-03-02 12:50:36'),
 (316,333,'A','Very Low Effort',NULL,1,263,263,'2019-04-01 12:57:11','2019-04-01 12:57:11'),
 (317,333,'B','Low Effort',NULL,1,263,263,'2019-04-01 12:57:11','2019-04-01 12:57:11'),
 (318,333,'C','Neither low nor high effort',NULL,1,263,263,'2019-04-01 12:57:11','2019-04-01 12:57:11'),
 (319,333,'D','High Effort',NULL,1,263,263,'2019-04-01 12:57:11','2019-04-01 12:57:11'),
 (320,333,'E','Very High Effort',NULL,1,263,263,'2019-04-01 12:57:11','2019-04-01 12:57:11'),
 (321,334,'A','Yes',NULL,1,263,263,'2019-04-01 12:57:57','2019-04-01 12:57:57'),
 (322,334,'B','No',NULL,1,263,263,'2019-04-01 12:57:57','2019-04-01 12:57:57'),
 (323,337,'A','Yes',NULL,1,263,263,'2019-04-02 16:39:22','2019-04-02 16:39:22'),
 (324,337,'B','No',NULL,1,263,263,'2019-04-02 16:39:22','2019-04-02 16:39:22'),
 (331,344,'A','Male',NULL,1,601,601,'2019-04-24 09:20:31','2019-04-24 09:20:31'),
 (332,344,'B','Female',NULL,1,601,601,'2019-04-24 09:20:31','2019-04-24 09:20:31'),
 (333,344,'C','Other',NULL,1,601,601,'2019-04-24 09:20:31','2019-04-24 09:20:31'),
 (334,345,'A','I guess',NULL,1,601,601,'2019-04-24 09:25:39','2019-04-24 09:25:39'),
 (335,345,'B','Without a doubt',NULL,1,601,601,'2019-04-24 09:25:39','2019-04-24 09:25:39'),
 (336,345,'C','No',NULL,1,601,601,'2019-04-24 09:25:39','2019-04-24 09:25:39'),
 (337,345,'D','Maybe',NULL,1,601,601,'2019-04-24 09:25:39','2019-04-24 09:25:39'),
 (338,347,'A','M',NULL,1,601,601,'2019-04-24 11:59:22','2019-04-24 11:59:22'),
 (339,347,'B','F',NULL,1,601,601,'2019-04-24 11:59:22','2019-04-24 11:59:22'),
 (340,347,'C','O',NULL,1,601,601,'2019-04-24 11:59:22','2019-04-24 11:59:22'),
 (341,349,'A','Kenyan',NULL,1,601,601,'2019-04-24 12:00:46','2019-04-24 12:00:46'),
 (342,349,'B','Other',NULL,1,601,601,'2019-04-24 12:00:46','2019-04-24 12:00:46'),
 (343,350,'A','Yes',NULL,1,601,601,'2019-04-25 17:24:28','2019-04-25 17:24:28'),
 (344,350,'B','No',NULL,1,601,601,'2019-04-25 17:24:28','2019-04-25 17:24:28'),
 (345,351,'A','Most likely',NULL,1,601,601,'2019-04-25 17:26:33','2019-04-25 17:26:33'),
 (346,351,'B','Not likely',NULL,1,601,601,'2019-04-25 17:26:33','2019-04-25 17:26:33'),
 (347,352,'A','Very Low Effort',NULL,1,263,263,'2019-05-03 11:05:06','2019-05-03 11:05:06'),
 (348,352,'B','Low Effort',NULL,1,263,263,'2019-05-03 11:05:06','2019-05-03 11:05:06'),
 (349,352,'C','Neither low nor high effort',NULL,1,263,263,'2019-05-03 11:05:06','2019-05-03 11:05:06'),
 (350,352,'D','High Effort',NULL,1,263,263,'2019-05-03 11:05:06','2019-05-03 11:05:06'),
 (351,352,'E','Very High Effort',NULL,1,263,263,'2019-05-03 11:05:06','2019-05-03 11:05:06'),
 (352,356,'A','Very Low Effort',NULL,1,263,263,'2019-05-03 11:17:43','2019-05-03 11:17:43'),
 (353,356,'B','Low Effort',NULL,1,263,263,'2019-05-03 11:17:43','2019-05-03 11:17:43'),
 (354,356,'C','Neither low nor high effort',NULL,1,263,263,'2019-05-03 11:17:43','2019-05-03 11:17:43'),
 (355,356,'D','High Effort',NULL,1,263,263,'2019-05-03 11:17:43','2019-05-03 11:17:43'),
 (356,356,'E','Very High Effort',NULL,1,263,263,'2019-05-03 11:17:43','2019-05-03 11:17:43'),
 (357,357,'A','Yes',NULL,1,263,263,'2019-05-03 11:18:27','2019-05-03 11:18:27'),
 (358,357,'B','No',NULL,1,263,263,'2019-05-03 11:18:27','2019-05-03 11:18:27'),
 (364,364,'A','Yes',NULL,1,263,263,'2019-05-13 10:14:57','2019-05-13 10:14:57'),
 (365,364,'B','No',NULL,1,263,263,'2019-05-13 10:14:57','2019-05-13 10:14:57'),
 (399,384,'A','Very Low Effort',NULL,1,263,263,'2019-06-03 18:34:35','2019-06-03 18:34:35'),
 (400,384,'B','Low Effort',NULL,1,263,263,'2019-06-03 18:34:35','2019-06-03 18:34:35'),
 (401,384,'C','Neither low nor high effort',NULL,1,263,263,'2019-06-03 18:34:35','2019-06-03 18:34:35'),
 (402,384,'D','High Effort',NULL,1,263,263,'2019-06-03 18:34:35','2019-06-03 18:34:35'),
 (403,384,'E','Very High Effort',NULL,1,263,263,'2019-06-03 18:34:35','2019-06-03 18:34:35'),
 (404,385,'A','Yes',NULL,1,263,263,'2019-06-03 18:35:18','2019-06-03 18:35:18'),
 (405,385,'B','No',NULL,1,263,263,'2019-06-03 18:35:18','2019-06-03 18:35:18'),
 (406,388,'A','Yes',NULL,1,263,263,'2019-06-04 12:11:26','2019-06-04 12:11:26'),
 (407,388,'B','No',NULL,1,263,263,'2019-06-04 12:11:26','2019-06-04 12:11:26'),
 (408,391,'A','Very Low Effort',NULL,1,263,263,'2019-06-04 12:15:21','2019-06-04 12:15:21'),
 (409,391,'B','Low Effort',NULL,1,263,263,'2019-06-04 12:15:21','2019-06-04 12:15:21'),
 (410,391,'C','Neither low nor high effort',NULL,1,263,263,'2019-06-04 12:15:21','2019-06-04 12:15:21'),
 (411,391,'D','High Effort',NULL,1,263,263,'2019-06-04 12:15:21','2019-06-04 12:15:21'),
 (412,391,'E','Very High Effort',NULL,1,263,263,'2019-06-04 12:15:21','2019-06-04 12:15:21'),
 (413,392,'A','Yes',NULL,1,263,263,'2019-06-04 12:15:50','2019-06-04 12:15:50'),
 (414,392,'B','No',NULL,1,263,263,'2019-06-04 12:15:50','2019-06-04 12:15:50'),
 (415,395,'A','Very low effort',NULL,1,263,263,'2019-06-05 17:10:49','2019-06-05 17:10:49'),
 (416,395,'B','Low effort',NULL,1,263,263,'2019-06-05 17:10:49','2019-06-05 17:10:49'),
 (417,395,'C','Neither low nor high effort',NULL,1,263,263,'2019-06-05 17:10:49','2019-06-05 17:10:49'),
 (418,395,'D','High effort',NULL,1,263,263,'2019-06-05 17:10:49','2019-06-05 17:10:49'),
 (419,395,'E','Very high effort',NULL,1,263,263,'2019-06-05 17:10:49','2019-06-05 17:10:49'),
 (420,396,'A','Yes',NULL,1,263,263,'2019-06-05 17:11:28','2019-06-05 17:11:28'),
 (421,396,'B','No',NULL,1,263,263,'2019-06-05 17:11:28','2019-06-05 17:11:28'),
 (427,405,'A','Yes',NULL,1,601,601,'2019-06-24 11:25:25','2019-06-24 11:25:25'),
 (428,405,'B','No',NULL,1,601,601,'2019-06-24 11:25:25','2019-06-24 11:25:25'),
 (429,405,'C','I want to',NULL,1,601,601,'2019-06-24 11:25:25','2019-06-24 11:25:25'),
 (430,406,'A','Cold',NULL,1,264,264,'2019-07-04 10:40:07','2019-07-04 10:40:07'),
 (431,406,'B','Warm',NULL,1,264,264,'2019-07-04 10:40:07','2019-07-04 10:40:07'),
 (439,412,'A','Very Low Effort',NULL,1,263,263,'2019-07-04 11:23:34','2019-07-04 11:23:34'),
 (440,412,'B','Low Effort',NULL,1,263,263,'2019-07-04 11:23:34','2019-07-04 11:23:34'),
 (441,412,'C','Neither low nor high effort',NULL,1,263,263,'2019-07-04 11:23:34','2019-07-04 11:23:34'),
 (442,412,'D','High Effort',NULL,1,263,263,'2019-07-04 11:23:34','2019-07-04 11:23:34'),
 (443,412,'E','Very High Effort',NULL,1,263,263,'2019-07-04 11:23:34','2019-07-04 11:23:34'),
 (444,413,'A','Yes',NULL,1,263,263,'2019-07-04 11:24:00','2019-07-04 11:24:00'),
 (445,413,'B','No',NULL,1,263,263,'2019-07-04 11:24:00','2019-07-04 11:24:00'),
 (446,416,'A','Very Low Effort',NULL,1,263,263,'2019-07-04 11:34:11','2019-07-04 11:34:11'),
 (447,416,'B','Low Effort',NULL,1,263,263,'2019-07-04 11:34:11','2019-07-04 11:34:11'),
 (448,416,'C','Neither low nor high effort',NULL,1,263,263,'2019-07-04 11:34:11','2019-07-04 11:34:11'),
 (449,416,'D','High Effort',NULL,1,263,263,'2019-07-04 11:34:11','2019-07-04 11:34:11'),
 (450,416,'E','Very High Effort',NULL,1,263,263,'2019-07-04 11:34:11','2019-07-04 11:34:11'),
 (451,417,'A','Yes',NULL,1,263,263,'2019-07-04 11:34:41','2019-07-04 11:34:41'),
 (452,417,'B','No',NULL,1,263,263,'2019-07-04 11:34:41','2019-07-04 11:34:41'),
 (453,420,'A','Yes',NULL,1,263,263,'2019-07-12 17:01:30','2019-07-12 17:01:30'),
 (454,420,'B','No',NULL,1,263,263,'2019-07-12 17:01:30','2019-07-12 17:01:30'),
 (457,426,'A','Male',NULL,1,550,550,'2019-07-16 12:11:18','2019-07-16 12:11:18'),
 (458,426,'B','Female',NULL,1,550,550,'2019-07-16 12:11:18','2019-07-16 12:11:18'),
 (469,441,'A','MALE',NULL,1,652,652,'2019-07-19 16:03:33','2019-07-19 16:03:33'),
 (470,441,'B','FEMALE',NULL,1,652,652,'2019-07-19 16:03:33','2019-07-19 16:03:33'),
 (475,446,'A','MALE',NULL,1,652,652,'2019-07-19 17:39:19','2019-07-19 17:39:19'),
 (476,446,'B','FEMALE',NULL,1,652,652,'2019-07-19 17:39:19','2019-07-19 17:39:19'),
 (477,449,'A','KIUME',NULL,1,652,652,'2019-07-29 16:19:12','2019-07-29 16:19:12'),
 (478,449,'B','KIKE',NULL,1,652,652,'2019-07-29 16:19:12','2019-07-29 16:19:12'),
 (479,454,'A','KIUME',NULL,1,652,652,'2019-07-29 17:17:41','2019-07-29 17:17:41'),
 (480,454,'B','KIKE',NULL,1,652,652,'2019-07-29 17:17:41','2019-07-29 17:17:41'),
 (481,456,'A','Yes',NULL,1,263,263,'2019-08-01 15:59:49','2019-08-01 15:59:49'),
 (482,456,'B','No',NULL,1,263,263,'2019-08-01 15:59:49','2019-08-01 15:59:49'),
 (483,460,'A','Awesome',NULL,1,264,264,'2019-08-30 13:28:46','2019-08-30 13:28:46'),
 (484,460,'B','Splendid',NULL,1,264,264,'2019-08-30 13:28:46','2019-08-30 13:28:46'),
 (485,460,'C','Can improve',NULL,1,264,264,'2019-08-30 13:28:46','2019-08-30 13:28:46'),
 (486,462,'A','Very Low Effort',NULL,1,263,263,'2019-09-03 13:19:09','2019-09-03 13:19:09'),
 (487,462,'B','Low Effort',NULL,1,263,263,'2019-09-03 13:19:09','2019-09-03 13:19:09'),
 (488,462,'C','Neither low nor high effort',NULL,1,263,263,'2019-09-03 13:19:09','2019-09-03 13:19:09'),
 (489,462,'D','High Effort',NULL,1,263,263,'2019-09-03 13:19:09','2019-09-03 13:19:09'),
 (490,462,'E','Very High Effort',NULL,1,263,263,'2019-09-03 13:19:09','2019-09-03 13:19:09'),
 (491,463,'A','Yes',NULL,1,263,263,'2019-09-03 13:19:33','2019-09-03 13:19:33'),
 (492,463,'B','No',NULL,1,263,263,'2019-09-03 13:19:33','2019-09-03 13:19:33'),
 (493,466,'A','Very Low Effort',NULL,1,263,263,'2019-09-03 13:55:02','2019-09-03 13:55:02'),
 (494,466,'B','Low Effort',NULL,1,263,263,'2019-09-03 13:55:02','2019-09-03 13:55:02'),
 (495,466,'C','Neither low nor high effort',NULL,1,263,263,'2019-09-03 13:55:02','2019-09-03 13:55:02'),
 (496,466,'D','High Effort',NULL,1,263,263,'2019-09-03 13:55:02','2019-09-03 13:55:02'),
 (497,466,'E','Very High Effort',NULL,1,263,263,'2019-09-03 13:55:02','2019-09-03 13:55:02'),
 (498,467,'A','Yes',NULL,1,263,263,'2019-09-03 14:02:24','2019-09-03 14:02:24'),
 (499,467,'B','No',NULL,1,263,263,'2019-09-03 14:02:24','2019-09-03 14:02:24'),
 (500,470,'A','Yes',NULL,1,263,263,'2019-09-03 14:06:36','2019-09-03 14:06:36'),
 (501,470,'B','No',NULL,1,263,263,'2019-09-03 14:06:36','2019-09-03 14:06:36'),
 (502,473,'A','Very low effort',NULL,1,263,263,'2019-09-04 13:43:48','2019-09-04 13:43:48'),
 (503,473,'B','Low effort',NULL,1,263,263,'2019-09-04 13:43:48','2019-09-04 13:43:48'),
 (504,473,'C','Neither low nor high effort',NULL,1,263,263,'2019-09-04 13:43:48','2019-09-04 13:43:48'),
 (505,473,'D','High effort',NULL,1,263,263,'2019-09-04 13:43:48','2019-09-04 13:43:48'),
 (506,473,'E','Very high effort',NULL,1,263,263,'2019-09-04 13:43:48','2019-09-04 13:43:48'),
 (507,474,'A','Yes',NULL,1,263,263,'2019-09-04 13:44:16','2019-09-04 13:44:16'),
 (508,474,'B','No',NULL,1,263,263,'2019-09-04 13:44:16','2019-09-04 13:44:16'),
 (509,480,'A','choice 1',NULL,1,264,264,'2019-09-27 10:18:54','2019-09-27 10:18:54'),
 (510,480,'B','Choice 2',NULL,1,264,264,'2019-09-27 10:18:54','2019-09-27 10:18:54'),
 (511,481,'A','choice 1',NULL,1,264,264,'2019-09-27 10:19:20','2019-09-27 10:19:20'),
 (512,481,'B','choice 2',NULL,1,264,264,'2019-09-27 10:19:20','2019-09-27 10:19:20'),
 (513,482,'A','option 1',NULL,1,264,264,'2019-09-27 10:45:20','2019-09-27 10:45:20'),
 (514,482,'B','option 2',NULL,1,264,264,'2019-09-27 10:45:20','2019-09-27 10:45:20'),
 (515,484,'A','choice 1',NULL,1,264,264,'2019-09-27 10:56:48','2019-09-27 10:56:48'),
 (516,484,'B','choie 2',NULL,1,264,264,'2019-09-27 10:56:48','2019-09-27 10:56:48'),
 (517,485,'A','Yes',NULL,1,264,264,'2019-09-27 11:35:01','2019-09-27 11:35:01'),
 (518,485,'B','No',NULL,1,264,264,'2019-09-27 11:35:01','2019-09-27 11:35:01'),
 (519,488,'A','Imran',NULL,1,40,40,'2019-10-09 07:18:51','2019-10-09 07:18:51'),
 (520,488,'B','Owallo',NULL,1,40,40,'2019-10-09 07:18:51','2019-10-09 07:18:51'),
 (521,488,'C','Mariga',NULL,1,40,40,'2019-10-09 07:18:51','2019-10-09 07:18:51'),
 (522,490,'A','No',NULL,1,40,40,'2019-10-09 08:34:14','2019-10-09 08:34:14'),
 (523,490,'B','Yes',NULL,1,40,40,'2019-10-09 08:34:14','2019-10-09 08:34:14'),
 (524,490,'C','Not Decided',NULL,1,40,40,'2019-10-09 08:34:14','2019-10-09 08:34:14'),
 (525,491,'A','Cowboy',NULL,1,40,40,'2019-10-09 08:35:38','2019-10-09 08:35:38'),
 (526,491,'B','Kimbo',NULL,1,40,40,'2019-10-09 08:35:38','2019-10-09 08:35:38'),
 (527,492,'A','Never',NULL,1,40,40,'2019-10-09 08:37:01','2019-10-09 08:37:01'),
 (528,492,'B','I would Try',NULL,1,40,40,'2019-10-09 08:37:01','2019-10-09 08:37:01'),
 (529,492,'C','Its my favourite',NULL,1,40,40,'2019-10-09 08:37:01','2019-10-09 08:37:01'),
 (530,493,'A','Damn Right',NULL,1,40,40,'2019-10-09 08:39:09','2019-10-09 08:39:09'),
 (531,493,'B','Never in a million years',NULL,1,40,40,'2019-10-09 08:39:09','2019-10-09 08:39:09'),
 (532,493,'C','Only if he used Raila as his pointman',NULL,1,40,40,'2019-10-09 08:39:09','2019-10-09 08:39:09'),
 (533,494,'A','Thanos',NULL,1,40,40,'2019-10-09 08:40:37','2019-10-09 08:40:37'),
 (534,494,'B','Luanda Magere',NULL,1,40,40,'2019-10-09 08:40:37','2019-10-09 08:40:37'),
 (535,494,'C','It would be a stalemate',NULL,1,40,40,'2019-10-09 08:40:37','2019-10-09 08:40:37'),
 (536,495,'A','Hahahaha',NULL,1,40,40,'2019-10-09 08:43:07','2019-10-09 08:43:07'),
 (537,495,'B','Please drink some water',NULL,1,40,40,'2019-10-09 08:43:07','2019-10-09 08:43:07'),
 (538,495,'C','Wamlambez',NULL,1,40,40,'2019-10-09 08:43:07','2019-10-09 08:43:07'),
 (539,495,'D','Wamnyonyez',NULL,1,40,40,'2019-10-09 08:43:07','2019-10-09 08:43:07'),
 (540,496,'A','Pizza',NULL,1,264,264,'2019-10-16 13:03:45','2019-10-16 13:03:45'),
 (541,496,'B','KFC',NULL,1,264,264,'2019-10-16 13:03:45','2019-10-16 13:03:45'),
 (542,496,'C','Njugunas',NULL,1,264,264,'2019-10-16 13:03:45','2019-10-16 13:03:45'),
 (549,504,'A','Yes',NULL,1,210,210,'2019-10-23 10:31:22','2019-10-23 10:31:22'),
 (550,504,'B','No',NULL,1,210,210,'2019-10-23 10:31:22','2019-10-23 10:31:22'),
 (551,505,'A','Yes',NULL,1,210,210,'2019-10-23 10:32:03','2019-10-23 10:32:03'),
 (552,505,'B','No',NULL,1,210,210,'2019-10-23 10:32:03','2019-10-23 10:32:03'),
 (553,506,'A','Yes',NULL,1,210,210,'2019-10-23 10:32:41','2019-10-23 10:32:41'),
 (554,506,'B','No',NULL,1,210,210,'2019-10-23 10:32:42','2019-10-23 10:32:42'),
 (555,507,'A','A',NULL,1,210,210,'2019-10-23 10:33:32','2019-10-23 10:33:32'),
 (556,507,'B','B',NULL,1,210,210,'2019-10-23 10:33:32','2019-10-23 10:33:32'),
 (559,515,'A','YES',NULL,1,163,163,'2019-10-23 15:19:54','2019-10-23 15:19:54'),
 (560,515,'B','NO',NULL,1,163,163,'2019-10-23 15:19:54','2019-10-23 15:19:54'),
 (561,516,'A','YES',NULL,1,163,163,'2019-10-23 15:20:59','2019-10-23 15:20:59'),
 (562,516,'B','NO',NULL,1,163,163,'2019-10-23 15:20:59','2019-10-23 15:20:59'),
 (563,517,'A','YES',NULL,1,163,163,'2019-10-23 15:21:54','2019-10-23 15:21:54'),
 (564,517,'B','NO',NULL,1,163,163,'2019-10-23 15:21:54','2019-10-23 15:21:54'),
 (565,514,'A','YES',NULL,1,163,163,'2019-10-23 16:14:31','2019-10-23 16:14:31'),
 (566,514,'B','NO',NULL,1,163,163,'2019-10-23 16:14:31','2019-10-23 16:14:31'),
 (567,524,'A','YES',NULL,1,163,163,'2019-10-23 16:20:10','2019-10-23 16:20:10'),
 (568,524,'B','NO',NULL,1,163,163,'2019-10-23 16:20:10','2019-10-23 16:20:10'),
 (571,526,'A','Because it is sooooo hot today',NULL,1,163,163,'2019-10-23 16:23:34','2019-10-23 16:23:34'),
 (572,526,'B','Global Warming',NULL,1,163,163,'2019-10-23 16:23:34','2019-10-23 16:23:34'),
 (573,525,'A','Because the met department said it',NULL,1,163,163,'2019-10-23 16:25:04','2019-10-23 16:25:04'),
 (574,525,'B','Because it rained yesterday',NULL,1,163,163,'2019-10-23 16:25:04','2019-10-23 16:25:04'),
 (577,531,'A','YES',NULL,1,406,406,'2019-10-24 16:12:35','2019-10-24 16:12:35'),
 (578,531,'B','NO',NULL,1,406,406,'2019-10-24 16:12:35','2019-10-24 16:12:35'),
 (583,547,'A','YES',NULL,1,406,406,'2019-12-17 14:26:05','2019-12-17 14:26:05'),
 (584,547,'B','NO',NULL,1,406,406,'2019-12-17 14:26:05','2019-12-17 14:26:05'),
 (585,549,'A','YES',NULL,1,406,406,'2019-12-17 14:29:12','2019-12-17 14:29:12'),
 (586,549,'B','NO',NULL,1,406,406,'2019-12-17 14:29:12','2019-12-17 14:29:12'),
 (587,568,'A','YES',NULL,1,163,163,'2020-03-09 10:35:38','2020-03-09 10:35:38'),
 (588,568,'B','NO',NULL,1,163,163,'2020-03-09 10:35:38','2020-03-09 10:35:38'),
 (589,569,'A','5',NULL,1,163,163,'2020-03-09 10:37:43','2020-03-09 10:37:43'),
 (590,569,'B','6',NULL,1,163,163,'2020-03-09 10:37:43','2020-03-09 10:37:43'),
 (591,569,'C','7',NULL,1,163,163,'2020-03-09 10:37:43','2020-03-09 10:37:43'),
 (592,569,'D','8',NULL,1,163,163,'2020-03-09 10:37:43','2020-03-09 10:37:43'),
 (593,569,'E','9',NULL,1,163,163,'2020-03-09 10:37:43','2020-03-09 10:37:43'),
 (594,569,'F','10',NULL,1,163,163,'2020-03-09 10:37:43','2020-03-09 10:37:43'),
 (595,576,'A','A ',NULL,1,696,696,'2020-04-15 12:14:46','2020-04-15 12:14:46'),
 (596,576,'B','B',NULL,1,696,696,'2020-04-15 12:14:46','2020-04-15 12:14:46'),
 (617,597,'A','AUTOMATED VOICE PROMPT',NULL,1,406,406,'2020-05-15 10:15:06','2020-05-15 10:15:06'),
 (618,597,'B','CUSTOMER SERVICE CHAMPION',NULL,1,406,406,'2020-05-15 10:15:06','2020-05-15 10:15:06'),
 (619,598,'A','YES',NULL,1,406,406,'2020-05-15 10:15:43','2020-05-15 10:15:43'),
 (620,598,'B','NO',NULL,1,406,406,'2020-05-15 10:15:43','2020-05-15 10:15:43'),
 (621,599,'A','YES',NULL,1,406,406,'2020-05-15 10:16:13','2020-05-15 10:16:13'),
 (622,599,'B','NO',NULL,1,406,406,'2020-05-15 10:16:13','2020-05-15 10:16:13'),
 (623,602,'A','AUTOMATED VOICE PROMPT',NULL,1,406,406,'2020-05-18 10:29:59','2020-05-18 10:29:59'),
 (624,602,'B','CUSTOMER SERVICE CHAMPION',NULL,1,406,406,'2020-05-18 10:29:59','2020-05-18 10:29:59'),
 (625,603,'A','YES',NULL,1,406,406,'2020-05-18 10:30:49','2020-05-18 10:30:49'),
 (626,603,'B','NO',NULL,1,406,406,'2020-05-18 10:30:49','2020-05-18 10:30:49'),
 (627,604,'A','YES',NULL,1,406,406,'2020-05-18 10:31:40','2020-05-18 10:31:40'),
 (628,604,'B','NO',NULL,1,406,406,'2020-05-18 10:31:40','2020-05-18 10:31:40'),
 (635,633,'A','Excellent ',NULL,1,696,696,'2020-09-10 11:53:09','2020-09-10 11:53:09'),
 (636,633,'B','Good',NULL,1,696,696,'2020-09-10 11:53:09','2020-09-10 11:53:09'),
 (637,633,'C','Bad',NULL,1,696,696,'2020-09-10 11:53:09','2020-09-10 11:53:09'),
 (638,636,'A','Excellent ',NULL,1,696,696,'2020-09-10 14:19:36','2020-09-10 14:19:36'),
 (639,636,'B','Good',NULL,1,696,696,'2020-09-10 14:19:36','2020-09-10 14:19:36'),
 (640,636,'C','Bad',NULL,1,696,696,'2020-09-10 14:19:36','2020-09-10 14:19:36'),
 (641,642,'A','YES',NULL,1,406,406,'2020-09-23 15:31:29','2020-09-23 15:31:29'),
 (642,642,'B','NO',NULL,1,406,406,'2020-09-23 15:31:29','2020-09-23 15:31:29'),
 (643,644,'A','Yes',NULL,1,696,696,'2020-09-23 17:19:26','2020-09-23 17:19:26'),
 (644,644,'B','B',NULL,1,696,696,'2020-09-23 17:19:26','2020-09-23 17:19:26'),
 (647,647,'A','YES',NULL,1,406,406,'2020-09-24 10:43:10','2020-09-24 10:43:10'),
 (648,647,'B','NO',NULL,1,406,406,'2020-09-24 10:43:10','2020-09-24 10:43:10'),
 (649,648,'A','YES',NULL,1,406,406,'2020-09-24 12:14:47','2020-09-24 12:14:47'),
 (650,648,'B','NO',NULL,1,406,406,'2020-09-24 12:14:47','2020-09-24 12:14:47'),
 (651,650,'A','YES',NULL,1,406,406,'2020-10-05 13:23:49','2020-10-05 13:23:49'),
 (652,650,'B','NO',NULL,1,406,406,'2020-10-05 13:23:49','2020-10-05 13:23:49'),
 (673,743,'A','test option A',NULL,1,31,31,'2021-06-22 01:31:59','2021-06-22 01:31:59'),
 (674,744,'A','Response A',NULL,1,31,31,'2021-06-27 21:31:13','2021-06-27 21:31:13'),
 (675,744,'B','Response B',NULL,1,31,31,'2021-06-27 21:31:13','2021-06-27 21:31:13');
/*!40000 ALTER TABLE `surveyquestionvariants` ENABLE KEYS */;


--
-- Definition of table `surveys`
--

DROP TABLE IF EXISTS `surveys`;
CREATE TABLE `surveys` (
  `surveyID` int(11) NOT NULL AUTO_INCREMENT,
  `clientID` bigint(20) unsigned NOT NULL,
  `channelID` int(11) NOT NULL,
  `shortCodeID` bigint(20) unsigned NOT NULL,
  `participantType` int(11) NOT NULL,
  `multipleParticipation` enum('Yes','No') NOT NULL,
  `surveyName` varchar(100) NOT NULL,
  `invitationMessage` text NOT NULL,
  `thankyouMessage` text DEFAULT NULL,
  `startDate` date NOT NULL,
  `endDate` date DEFAULT NULL,
  `expirationMessage` text DEFAULT NULL,
  `completionLimit` int(11) DEFAULT NULL,
  `completionReachedMessage` text DEFAULT NULL,
  `inviteExpirationTime` int(11) DEFAULT NULL,
  `autoRemindInterval` int(11) DEFAULT NULL,
  `status` int(11) NOT NULL,
  `createdBy` bigint(20) unsigned NOT NULL,
  `updatedBy` bigint(20) unsigned NOT NULL,
  `dateCreated` datetime NOT NULL,
  `dateModified` timestamp NOT NULL DEFAULT current_timestamp() ON UPDATE current_timestamp(),
  `extra` text DEFAULT NULL,
  `questionsShortCodeID` bigint(20) unsigned DEFAULT NULL,
  `responsesShortCodeID` bigint(20) unsigned DEFAULT NULL,
  `completedSurveys` int(11) DEFAULT 0,
  `deleted_at` datetime NOT NULL,
  PRIMARY KEY (`surveyID`),
  KEY `responsesShortCodeID` (`responsesShortCodeID`),
  KEY `FK_surveys_1` (`shortCodeID`),
  KEY `FK_surveys_2` (`clientID`),
  KEY `FK_surveys_3` (`createdBy`),
  KEY `FK_surveys_4` (`updatedBy`),
  KEY `FK_surveys_5` (`questionsShortCodeID`),
  KEY `FK_surveys_7` (`participantType`),
  CONSTRAINT `FK_surveys_1` FOREIGN KEY (`shortCodeID`) REFERENCES `short_codes` (`id`),
  CONSTRAINT `FK_surveys_2` FOREIGN KEY (`clientID`) REFERENCES `clients` (`id`),
  CONSTRAINT `FK_surveys_3` FOREIGN KEY (`createdBy`) REFERENCES `users` (`id`),
  CONSTRAINT `FK_surveys_4` FOREIGN KEY (`updatedBy`) REFERENCES `users` (`id`),
  CONSTRAINT `FK_surveys_5` FOREIGN KEY (`questionsShortCodeID`) REFERENCES `short_codes` (`id`),
  CONSTRAINT `FK_surveys_6` FOREIGN KEY (`responsesShortCodeID`) REFERENCES `short_codes` (`id`),
  CONSTRAINT `FK_surveys_7` FOREIGN KEY (`participantType`) REFERENCES `surveyparticipanttypes` (`typeID`)
) ENGINE=InnoDB AUTO_INCREMENT=352 DEFAULT CHARSET=latin1;

--
-- Dumping data for table `surveys`
--

/*!40000 ALTER TABLE `surveys` DISABLE KEYS */;
INSERT INTO `surveys` (`surveyID`,`clientID`,`channelID`,`shortCodeID`,`participantType`,`multipleParticipation`,`surveyName`,`invitationMessage`,`thankyouMessage`,`startDate`,`endDate`,`expirationMessage`,`completionLimit`,`completionReachedMessage`,`inviteExpirationTime`,`autoRemindInterval`,`status`,`createdBy`,`updatedBy`,`dateCreated`,`dateModified`,`extra`,`questionsShortCodeID`,`responsesShortCodeID`,`completedSurveys`,`deleted_at`) VALUES 
 (2,31,1,1,1,'No','Tree planting','Kindly  share your views on the tree planting exercise.','Thank you for your participation.','2018-05-09','2019-06-06','',20,NULL,5,NULL,1,1,1,'2018-05-09 10:39:13','2021-04-22 06:33:40',NULL,1,1,0,'0000-00-00 00:00:00'),
 (5,31,1,1,1,'Yes','Test Area','Good afternoon welcome to NIC Ventures.','Thank you for participating in our survey and be blessed','2018-05-10','2019-06-06','',NULL,NULL,5,NULL,1,1,1,'2018-05-10 18:02:23','2021-04-22 06:33:40',NULL,1,1,0,'0000-00-00 00:00:00'),
 (6,31,1,1,1,'Yes','Mother\'s Day','Happy Mother\'s Day.','Thank you for participating in our survey','2018-05-11','2019-06-06','',NULL,NULL,5,NULL,1,1,1,'2018-05-11 16:57:09','2021-04-22 06:33:40',NULL,1,1,1,'0000-00-00 00:00:00'),
 (7,31,1,1,1,'No','Rita','Thank you for using NIC Bank Debit Card.','Thank you for banking with NIC Bank ','2018-05-16','2019-06-06','Please note that this survey has expired. Thank you.',NULL,NULL,5,NULL,1,1,1,'2018-05-16 09:14:15','2021-04-22 06:33:40',NULL,1,1,0,'0000-00-00 00:00:00'),
 (8,31,1,1,1,'Yes','Ng\'etich','Thank you for visiting our premises.','Thank you for participating in our survey','2018-05-16','2019-06-06','Please note that this survey has expired',NULL,NULL,5,NULL,1,1,1,'2018-05-16 09:36:19','2021-04-22 08:21:06',NULL,1,1,0,'0000-00-00 00:00:00'),
 (10,31,1,1,1,'Yes','Henry 2','Thank you for banking with us.','How long have you banked with NIC Bank?','2018-05-16','2019-06-06','Thank you for participating.',NULL,NULL,5,NULL,1,1,1,'2018-05-16 10:04:51','2021-04-22 06:33:40',NULL,1,1,0,'0000-00-00 00:00:00'),
 (14,31,1,1,1,'No','Getrude','Thank you for banking with NIC Bank. On a scale of 1-10 how likely are you to recommend your friends to bank with us?','Thank you.','0000-00-00','2019-06-06','',NULL,NULL,5,NULL,1,1,1,'2018-05-18 17:17:19','2021-04-22 06:33:40',NULL,1,1,2,'0000-00-00 00:00:00'),
 (15,31,1,1,1,'Yes','Elvis','Thank you for banking with NIC Bank.','Thank you for participating in our survey.','2018-05-21','2019-06-06','',NULL,NULL,5,NULL,1,1,1,'2018-05-21 11:10:13','2021-04-22 06:33:40',NULL,1,1,1,'0000-00-00 00:00:00'),
 (16,31,1,1,1,'No','Rita','Thank for shopping using the NIC Gold Debit Card.','Thank you for participating in our survey.','2018-05-21','2019-06-06','Thank you for participating, please note that this survey has expired.',NULL,NULL,5,NULL,1,1,1,'2018-05-21 11:28:52','2021-04-22 06:33:40',NULL,1,1,0,'0000-00-00 00:00:00'),
 (17,31,1,1,1,'Yes','Gold card','Thank you for banking with NIC Bank.','Thank you for participating in the survey.','2018-05-21','2019-06-06','Thank you for participating in the survey, please note that the survey has expired.',2,NULL,5,NULL,1,1,1,'2018-05-21 11:54:11','2021-04-22 06:33:40',NULL,1,1,1,'0000-00-00 00:00:00'),
 (18,31,1,1,1,'Yes','TEMENOS','Thank you for banking with NIC Bank.','Thank you for participating in our survey.','2018-05-21','2019-06-06','Thank you for participating, please note that the survey has expired.',3,NULL,5,NULL,1,1,1,'2018-05-21 16:37:39','2021-04-22 06:33:40',NULL,1,1,3,'0000-00-00 00:00:00'),
 (22,31,1,1,1,'No','Test NIC Survey','You are valued. Please rate our services.','Thank you for your participation','2018-05-24','2019-06-06','',NULL,NULL,5,NULL,1,1,1,'2018-05-24 09:21:36','2021-04-22 06:33:40',NULL,1,1,1,'0000-00-00 00:00:00'),
 (29,31,1,1,1,'Yes','Aq test','Thank you for choosing NIC Bancassurance as your insurance agent of choice.','Thank you for participating in our survey','2018-05-28','2019-06-06','',NULL,NULL,5,NULL,1,1,1,'2018-05-28 13:40:23','2021-04-22 06:33:40',NULL,1,1,5,'0000-00-00 00:00:00'),
 (30,31,1,1,1,'No','Test NIC Survey 5','You are valued. Please take the time to rate our services.','Thank you for your participation','2018-05-30','2019-06-06','',NULL,NULL,5,NULL,1,1,1,'2018-05-30 09:03:33','2021-04-22 06:33:40',NULL,1,1,1,'0000-00-00 00:00:00'),
 (31,31,1,1,1,'Yes','Synq Office','Hey, thank you for visiting Synq. ','Thank you for taking the time to share your comments. At Synq Africa, we always strive to improve as a result of your feedback.','2018-06-07','2019-06-06','The survey has now ended.',6,NULL,1,1,1,1,1,'2018-06-07 11:12:52','2021-04-22 06:33:40',NULL,1,1,0,'0000-00-00 00:00:00'),
 (32,31,1,1,1,'Yes','Synq Office','Hey, thank you for visiting the Chocolate Factory.','Thank you for taking the time to share your comments. At the Chocolate Factory, we always strive to improve as a result of your feedback.','2018-06-07','2019-06-06','The survey has now ended.',6,NULL,1,1,1,1,1,'2018-06-07 11:14:59','2021-04-22 06:33:40',NULL,1,1,0,'0000-00-00 00:00:00'),
 (33,31,1,1,1,'Yes','Chocolate Factory','Hey, thank you for visiting the Chocolate Factory. Was this your first time?','Thank you for your feedback. At the Chocolate Factory we strive to improve our services and make our clients\' experiences wonderful.','2018-06-07','2019-06-06','The survey has now ended.',6,NULL,1,1,1,1,1,'2018-06-07 11:31:04','2021-04-22 06:33:40',NULL,1,1,0,'0000-00-00 00:00:00'),
 (34,31,1,1,1,'No','Chocolate Factory','Hey, thank you for visiting the Chocolate Factory. Was this your first time?','Thank you for your feedback At Chocolate Factory we strive to improve as a result of your feedback.','2018-06-07','2019-06-06','Survey has ended.',6,NULL,1,1,1,1,1,'2018-06-07 13:08:35','2021-04-22 06:33:40',NULL,1,1,0,'0000-00-00 00:00:00'),
 (35,31,1,1,1,'No','Gaturkana','Hey, thank you for visiting Gaturkana. Was this your first time?','Thank you for your feedback. At Gaturkana we strive to improve your experience.','2018-06-07','2019-06-06','The survey has now expired.',6,NULL,1,1,1,1,1,'2018-06-07 13:23:45','2021-04-22 06:33:40',NULL,1,1,0,'0000-00-00 00:00:00'),
 (36,31,1,1,1,'No','Test NIC Survey 08.06.2018','Good Day Trailblazer. Please take some time to rate our services.','Thank you for participating','2018-06-08','2019-06-06','',NULL,NULL,5,NULL,1,1,1,'2018-06-08 08:07:54','2021-04-22 06:33:40',NULL,1,1,1,'0000-00-00 00:00:00'),
 (37,31,1,1,1,'Yes','Liberty','Hey, Thank you for visiting Liberty Spa. Was this your first time?','Thank you for your feedback. Here at Liberty Spa we strive to improve on our services for the benefit our clients.','2018-06-08','2019-06-06','Survey expired.',6,NULL,1,1,1,1,1,'2018-06-08 13:31:48','2021-04-22 06:33:40',NULL,1,1,0,'0000-00-00 00:00:00'),
 (39,31,1,1,1,'No','NIC STAFF PILOT','Good Day Trailblazer, we would like to invite you to rate our mobile banking app. This is a free service.  ','Thank you for participating ','2018-06-08','2019-06-06','',NULL,NULL,5,NULL,1,1,1,'2018-06-08 14:47:20','2021-04-22 06:33:40',NULL,1,1,17,'0000-00-00 00:00:00'),
 (41,31,1,1,1,'No','NIC STAFF PILOT 2','Good Day Trailblazer, we would like to invite you to rate our mobile banking app. This is a free service.','Thank you for participating.','2018-06-14','2019-06-06','Please note that the survey has expired. Thank you.',NULL,NULL,5,NULL,1,1,1,'2018-06-14 11:04:04','2021-04-22 06:33:40',NULL,1,1,10,'0000-00-00 00:00:00'),
 (45,31,1,1,1,'Yes','Heritage','Hey, Thank you for visiting Heritage cafe. Was this your first time?','Thank you for your feedback. At Heritage cafe we strive to make your culinary experience an exceptional one.','2018-06-19','2019-06-06','Survey has expired.',6,NULL,24,4,1,1,1,'2018-06-19 18:36:34','2021-04-22 06:33:40',NULL,1,1,0,'0000-00-00 00:00:00'),
 (46,31,1,1,1,'Yes','Heritage','Hey, thank you for visiting Heritage cafe. Was this your first time visiting?','Thank you for you feedback. At Heritage cafe we strive to make your culinary experience and exceptional one.','2018-06-20','2019-06-06','Survey has expired.',10,NULL,2,3,1,1,1,'2018-06-20 11:25:56','2021-04-22 06:33:40',NULL,1,1,0,'0000-00-00 00:00:00'),
 (47,31,1,1,1,'Yes','Smiley Camp','Hey, thank you for visiting Smiley Camp. Was this your first time?','Thank you for your feedback. At Smiley camp we strive to make your experience a memorable one.','2018-06-20','2019-06-06','Survey has now expired.',15,NULL,5,4,1,1,1,'2018-06-20 11:39:31','2021-04-22 06:33:40',NULL,1,1,0,'0000-00-00 00:00:00'),
 (50,31,1,1,1,'No','TEST BREAK LINE','Thank you for contacting NIC Bank Customer Contact Centre today.  We would like to invite you to rate your experience using this free SMS service. ','Thank you for your valuable feedback that we will use to continuously enhance your experience with NIC Bank. ','2018-06-25','2019-06-06','Please note that this survey has expired. ',NULL,NULL,5,NULL,1,1,1,'2018-06-25 17:06:25','2021-04-22 06:33:40',NULL,1,1,0,'0000-00-00 00:00:00'),
 (51,31,1,1,1,'No','TEST BREAK LINE 2','Thank you for contacting NIC Bank Customer Contact Centre today.  We would like to invite you to rate your experience using this free SMS service.','Thank you for your valuable feedback that we will use to continuously enhance your experience with NIC Bank. ','2018-06-26','2019-06-06','Please note that this survey is no longer available',NULL,NULL,5,NULL,1,1,1,'2018-06-26 12:21:13','2021-04-22 06:33:40',NULL,1,1,1,'0000-00-00 00:00:00'),
 (52,31,1,1,1,'No','TEST BREAK LINE 3','Thank you for contacting NIC Bank Customer Contact Centre today.  We would like to invite you to rate your experience using this free SMS service. ','Thank you for your valuable feedback that we will use to continuously enhance your experience with NIC Bank','2018-06-27','2019-06-06','',NULL,NULL,5,NULL,1,1,1,'2018-06-27 16:05:35','2021-04-22 06:33:40',NULL,1,1,1,'0000-00-00 00:00:00'),
 (54,31,1,1,1,'No','CCC SURVEY 28.06.2018','Thank you for contacting NIC Bank Customer Contact Centre today.  We would like to invite you to rate your experience using this free SMS service.','Thank you for your valuable feedback that we will use to continuously enhance your experience with NIC Bank. ','2018-06-28','2019-06-06','Please note that this survey has expired. ',NULL,NULL,5,NULL,1,1,1,'2018-06-28 16:55:18','2021-04-22 06:33:40',NULL,1,1,40,'0000-00-00 00:00:00'),
 (55,31,1,1,1,'No','CCC SURVEY 29.06.2018','Thank you for contacting NIC Bank Customer Contact Centre today.  We would like to invite you to rate your experience using this free SMS service.','Thank you for your valuable feedback that we will use to continuously enhance your experience with NIC Bank.','2018-06-29','2019-06-06','Please note that this survey has expired',NULL,NULL,5,NULL,1,1,1,'2018-06-29 17:18:27','2021-04-22 06:33:40',NULL,1,1,42,'0000-00-00 00:00:00'),
 (56,31,1,1,1,'No','CCC SURVEY  02.07.2018','Thank you for contacting NIC Bank Customer Contact Centre today.  We would like to invite you to rate your experience using this free SMS service. ','Thank you for your valuable feedback that we will use to continuously enhance your experience with NIC Bank. ','2018-07-02','2019-06-06','Please note that this survey has expired ',NULL,NULL,5,NULL,1,1,1,'2018-07-02 17:44:05','2021-04-22 06:33:40',NULL,1,1,51,'0000-00-00 00:00:00'),
 (57,31,1,1,1,'No','CCC SURVEY 03.07.2018','Thank you for contacting NIC Bank Customer Contact Centre today.  We would like to invite you to rate your experience using this free SMS service. ','Thank you for your valuable feedback that we will use to continuously enhance your experience with NIC Bank. ','2018-07-03','2019-06-06','Please note that this survey has expired',NULL,NULL,5,NULL,1,1,1,'2018-07-03 17:35:26','2021-04-22 06:33:40',NULL,1,1,63,'0000-00-00 00:00:00'),
 (58,31,1,1,1,'No','CCC SURVEY 04.07.2018','Thank you for contacting NIC Bank Customer Contact Centre today.  We would like to invite you to rate your experience using this free SMS service. ','Thank you for your valuable feedback that we will use to continuously enhance your experience with NIC Bank. ','2018-07-04','2019-06-06','Please note that this survey has expired.',NULL,NULL,5,NULL,1,1,1,'2018-07-04 18:44:56','2021-04-22 06:33:40',NULL,1,1,57,'0000-00-00 00:00:00'),
 (59,31,1,1,1,'No','CCC SURVEY 05.07.2018','Thank you for contacting NIC Bank Customer Contact Centre today.  We would like to invite you to rate your experience using this free SMS service. \r\n','Thank you for your valuable feedback that we will use to continuously enhance your experience with NIC Bank. ','2018-07-05','2019-06-06','Please note that this survey has expired ',NULL,NULL,5,NULL,1,1,1,'2018-07-05 18:56:04','2021-04-22 06:33:40',NULL,1,1,40,'0000-00-00 00:00:00'),
 (60,31,1,1,1,'No','CCC SURVEY 06.07.2018','Thank you for contacting NIC Bank Customer Contact Centre today.  We would like to invite you to rate your experience using this free SMS service. \r\n','Thank you for your valuable feedback that we will use to continuously enhance your experience with NIC Bank.','2018-07-06','2019-06-06','Please note that this survey has now expired',NULL,NULL,5,NULL,1,1,1,'2018-07-06 18:03:09','2021-04-22 06:33:40',NULL,1,1,34,'0000-00-00 00:00:00'),
 (61,31,1,1,1,'No','CCC SURVEY 09.07.2018','Thank you for contacting NIC Bank Customer Contact Centre today.  We would like to invite you to rate your experience using this free SMS service. \r\n','Thank you for your valuable feedback that we will use to continuously enhance your experience with NIC Bank. ','2018-07-09','2019-06-06','Please note that this survey has expired.',NULL,NULL,5,NULL,1,1,1,'2018-07-09 17:51:32','2021-04-22 06:33:40',NULL,1,1,45,'0000-00-00 00:00:00'),
 (62,31,1,1,1,'No','CCC SURVEY 10.07.2018','Thank you for contacting NIC Bank Customer Contact Centre today.  We would like to invite you to rate your experience using this free SMS service. \r\n','Thank you for your valuable feedback that we will use to continuously enhance your experience with NIC Bank. ','2018-07-10','2019-06-06','Please note that this survey has expired.',NULL,NULL,5,NULL,1,1,1,'2018-07-10 18:39:39','2021-04-22 06:33:40',NULL,1,1,36,'0000-00-00 00:00:00'),
 (63,31,1,1,1,'No','CCC SURVEY 11.07.2018','Thank you for contacting NIC Bank Customer Contact Centre today.  We would like to invite you to rate your experience using this free SMS service. ','Thank you for your valuable feedback that we will use to continuously enhance your experience with NIC Bank. ','2018-07-11','2019-06-06','Please note that this survey has expired',NULL,NULL,5,NULL,1,1,1,'2018-07-11 17:19:52','2021-04-22 06:33:40',NULL,1,1,34,'0000-00-00 00:00:00'),
 (64,31,1,1,1,'Yes','TEST','Thank you for visiting Dock restaurant. Was this your first time visiting?','Thank you for your feedback.  At Dock Restaurant we strive to make your culinary experience a wonderful one.','2018-07-11','2019-06-06','',15,NULL,24,5,1,1,1,'2018-07-11 17:24:34','2021-04-22 06:33:40',NULL,1,1,0,'0000-00-00 00:00:00'),
 (65,31,1,1,1,'No','CCC SURVEY 12.07.2018','Thank you for contacting NIC Bank Customer Contact Centre today.  We would like to invite you to rate your experience using this free SMS service. \r\n','Thank you for your valuable feedback that we will use to continuously enhance your experience with NIC Bank. ','2018-07-12','2019-06-06','Please note that this survey is no longer available. ',NULL,NULL,5,NULL,1,1,1,'2018-07-12 17:09:59','2021-04-22 06:33:40',NULL,1,1,23,'0000-00-00 00:00:00'),
 (66,31,1,1,1,'No','CCC SURVEY 13.07.2018','Thank you for contacting NIC Bank Customer Contact Centre today.  We would like to invite you to rate your experience using this free SMS service. \r\n','Thank you for your valuable feedback that we will use to continuously enhance your experience with NIC Bank. ','2018-07-13','2019-06-06','Please note that this survey is no longer available',NULL,NULL,5,NULL,1,1,1,'2018-07-13 17:14:41','2021-04-22 06:33:40',NULL,1,1,34,'0000-00-00 00:00:00'),
 (67,31,1,1,1,'No','CCC SURVEY 16.07.2018','Thank you for contacting NIC Bank Customer Contact Centre today.  We would like to invite you to rate your experience using this free SMS service. \r\n','Thank you for your valuable feedback that we will use to continuously enhance your experience with NIC Bank. ','2018-07-16','2019-06-06','Please note that this survey is no longer available',NULL,NULL,5,NULL,1,1,1,'2018-07-16 17:06:11','2021-04-22 06:33:40',NULL,1,1,35,'0000-00-00 00:00:00'),
 (68,31,1,1,1,'No','CCC SURVEY 17.07.2018','Thank you for contacting NIC Bank Customer Contact Centre today.  We would like to invite you to rate your experience using this free SMS service. ','Thank you for your valuable feedback that we will use to continuously enhance your experience with NIC Bank. ','2018-07-17','2019-06-06','Please not that this survey is no longer available',NULL,NULL,5,NULL,1,1,1,'2018-07-17 17:02:44','2021-04-22 06:33:40',NULL,1,1,30,'0000-00-00 00:00:00'),
 (69,31,1,1,1,'No','Chocolate Factory','Hey, Thank you for visiting the chocolate factory. Was this your first time?','Thank you for your feedback. At the Chocolate Factory we strive for excellence.','2018-07-18','2019-06-06','Survey Expired',10,NULL,24,1,1,1,1,'2018-07-18 16:26:46','2021-04-22 06:33:40',NULL,1,1,0,'0000-00-00 00:00:00'),
 (70,31,1,1,1,'No','CCC SURVEY 19.07.2018','Thank you for contacting NIC Bank Customer Contact Centre today.  We would like to invite you to rate your experience using this free SMS service. ','Thank you for your valuable feedback that we will use to continuously enhance your experience with NIC Bank.','2018-07-19','2019-06-06','Please note that this survey is no longer available.',NULL,NULL,5,NULL,1,1,1,'2018-07-19 16:57:43','2021-04-22 06:33:40',NULL,1,1,26,'0000-00-00 00:00:00'),
 (71,31,1,1,1,'No','CCC SURVEY 20.07.18','Thank you for contacting NIC Bank Customer Contact Centre today.  We would like to invite you to rate your experience using this free SMS service. ','Thank you for your valuable feedback that we will use to continuously enhance your experience with NIC Bank. ','2018-07-20','2019-06-06','Please note that this survey is no longer available',NULL,NULL,5,NULL,1,1,1,'2018-07-20 13:30:05','2021-04-22 06:33:40',NULL,1,1,26,'0000-00-00 00:00:00'),
 (72,31,1,1,1,'No','CCC SURVEY 23.07.2018','Thank you for contacting NIC Bank Customer Contact Centre today.  We would like to invite you to rate your experience using this free SMS service. ','Thank you for your valuable feedback that we will use to continuously enhance your experience with NIC Bank. ','2018-07-23','2019-06-06','Please note that this survey is no longer available',NULL,NULL,5,NULL,1,1,1,'2018-07-23 08:36:31','2021-04-22 06:33:40',NULL,1,1,28,'0000-00-00 00:00:00'),
 (73,31,1,1,1,'No','CCC SURVEY 24.07.2018','Thank you for contacting NIC Bank Customer Contact Centre today.  We would like to invite you to rate your experience using this free SMS service. ','Thank you for your valuable feedback that we will use to continuously enhance your experience with NIC Bank. ','2018-07-24','2019-06-06','Please note that this survey is no longer available.',NULL,NULL,5,NULL,1,1,1,'2018-07-24 17:04:05','2021-04-22 06:33:40',NULL,1,1,19,'0000-00-00 00:00:00'),
 (74,31,1,1,1,'No','CCC SURVEY 25.07.2018','Thank you for contacting NIC Bank Customer Contact Centre today.  We would like to invite you to rate your experience using this free SMS service. \r\n','Thank you for your valuable feedback that we will use to continuously enhance your experience with NIC Bank. ','2018-07-25','2019-06-06','Please note that this survey has expired',NULL,NULL,5,NULL,1,1,1,'2018-07-25 17:03:57','2021-04-22 06:33:40',NULL,1,1,22,'0000-00-00 00:00:00'),
 (75,31,1,1,1,'No','CCC Survey 26.07.18','Thank you for contacting NIC Bank Customer Contact Centre today.  We would like to invite you to rate your experience using this free SMS service.','Thank you for your valuable feedback that we will use to continuously enhance your experience with NIC Bank.','2018-07-26','2019-06-06','Please note this survey is no longer available.',NULL,NULL,5,NULL,1,1,1,'2018-07-26 17:07:13','2021-04-22 06:33:40',NULL,1,1,27,'0000-00-00 00:00:00'),
 (77,31,1,1,1,'No','CCC Survey 27.07.18','Thank you for contacting NIC Bank Customer Contact Centre today.  We would like to invite you to rate your experience using this free SMS service.','Thank you for your valuable feedback that we will use to continuously enhance your experience with NIC Bank.','2018-07-27','2019-06-06','Please note that this survey is no longer available.',NULL,NULL,5,NULL,1,1,1,'2018-07-27 17:09:25','2021-04-22 06:33:40',NULL,1,1,21,'0000-00-00 00:00:00'),
 (78,31,1,1,1,'No','CCC Survey 30.07.18','Thank you for contacting NIC Bank Customer Contact Centre today.  We would like to invite you to rate your experience using this free SMS service.','Thank you for your valuable feedback that we will use to continuously enhance your experience with NIC Bank.','2018-07-30','2019-06-06','Please note that this survey is no longer available.',NULL,NULL,5,NULL,1,1,1,'2018-07-30 16:22:50','2021-04-22 06:33:40',NULL,1,1,46,'0000-00-00 00:00:00'),
 (79,31,1,1,1,'No','CCC Survey 31.07.18','Thank you for contacting NIC Bank Customer Contact Centre today.  We would like to invite you to rate your experience using this free SMS service','Thank you for your valuable feedback that we will use to continuously enhance your experience with NIC Bank. ','2018-07-31','2019-06-06','Please note that this survey is no longer available.',NULL,NULL,5,NULL,1,1,1,'2018-07-31 17:45:29','2021-04-22 06:33:40',NULL,1,1,31,'0000-00-00 00:00:00'),
 (80,31,1,1,1,'No','CCC Survey 1.08.18','Thank you for contacting NIC Bank Customer Contact Centre today.  We would like to invite you to rate your experience using this free SMS service. ','Thank you for your valuable feedback that we will use to continuously enhance your experience with NIC Bank.','2018-08-01','2019-06-06','Please note that this survey is no longer available.',NULL,NULL,5,NULL,1,1,1,'2018-08-01 16:50:05','2021-04-22 06:33:40',NULL,1,1,32,'0000-00-00 00:00:00'),
 (81,31,1,1,1,'No','CCC Survey 2.08.18','Thank you for contacting NIC Bank Customer Contact Centre today.  We would like to invite you to rate your experience using this free SMS service. ','Thank you for your valuable feedback that we will use to continuously enhance your experience with NIC Bank. ','2018-08-02','2019-06-06','Please note that this survey is no longer available.',NULL,NULL,5,NULL,1,1,1,'2018-08-02 18:06:11','2021-04-22 06:33:40',NULL,1,1,2,'0000-00-00 00:00:00'),
 (84,31,1,1,1,'Yes','Heritage','Thank you for visiting the Heritage. Was this your first time?','Thank you for your feedback. At the Heritage we strive to give you excellent service with a smile.','2018-08-07','2019-06-06','The survey has expired.',10,NULL,24,4,1,1,1,'2018-08-07 11:12:16','2021-04-22 06:33:40',NULL,1,1,0,'0000-00-00 00:00:00'),
 (85,31,1,1,1,'No','CCC Survey 13.08.18','Thank you for contacting NIC Bank Customer Contact Centre today.  We would like to invite you to rate your experience using this free SMS service. ','Thank you for your valuable feedback that we will use to continuously enhance your experience with NIC Bank. ','2018-08-13','2019-06-06','Please note that this survey is no longer available',NULL,NULL,5,NULL,1,1,1,'2018-08-13 17:12:23','2021-04-22 06:33:40',NULL,1,1,24,'0000-00-00 00:00:00'),
 (87,31,1,1,1,'No','CCC Survey 15.08.18','Thank you for contacting NIC Bank Customer Contact Centre today.  We would like to invite you to rate your experience using this free SMS service. ','Thank you for your valuable feedback that we will use to continuously enhance your experience with NIC Bank. ','2018-08-15','2019-06-06','Please note that this survey is no longer available',NULL,NULL,5,NULL,1,1,1,'2018-08-15 15:54:09','2021-04-22 06:33:40',NULL,1,1,30,'0000-00-00 00:00:00'),
 (88,31,1,1,1,'No','CCC Survey 16.08.18','Thank you for contacting NIC Bank Customer Contact Centre today.  We would like to invite you to rate your experience using this free SMS service. ','Thank you for your valuable feedback that we will use to continuously enhance your experience with NIC Bank. ','2018-08-16','2019-06-06','Please note that this survey is no longer available.',NULL,NULL,5,NULL,1,1,1,'2018-08-16 15:39:51','2021-04-22 06:33:40',NULL,1,1,29,'0000-00-00 00:00:00'),
 (89,31,1,1,1,'No','CCC Survey 20.08.18','Thank you for contacting NIC Bank Customer Contact Centre today.  We would like to invite you to rate your experience using this free SMS service','Thank you for your valuable feedback that we will use to continuously enhance your experience with NIC Bank. ','2018-08-20','2019-06-06','Please note that this survey is no longer available.',NULL,NULL,5,NULL,1,1,1,'2018-08-20 16:41:50','2021-04-22 06:33:40',NULL,1,1,28,'0000-00-00 00:00:00'),
 (90,31,1,1,1,'No','CCC SURVEY AUG 2018','Thank you for contacting NIC Bank Customer Contact Centre today.  We would like to invite you to rate your experience using this free SMS service. ','Thank you for your valuable feedback that we will use to continuously enhance your experience with NIC Bank.','2018-08-23','2019-06-06','',NULL,NULL,5,NULL,1,1,1,'2018-08-23 17:09:21','2021-04-22 06:33:40',NULL,1,1,126,'0000-00-00 00:00:00'),
 (91,31,1,1,1,'No','CCC SURVEY SEP 2018','Thank you for contacting NIC Bank Customer Contact Centre today.  We would like to invite you to rate your experience using this free SMS service. ','Thank you for your valuable feedback that we will use to continuously enhance your experience with NIC Bank. ','2018-09-06','2019-06-06','',NULL,NULL,5,NULL,1,1,1,'2018-09-06 18:43:32','2021-04-22 06:33:40',NULL,1,1,351,'0000-00-00 00:00:00'),
 (92,31,1,1,1,'No','Customer Satisfaction','Hello Friend, we look to improve our services and hence would like your feedback on your experience with us. ','Thank you very much for your feedback. ','2018-09-25','2019-06-06','Time out. ',5,NULL,5,NULL,1,1,1,'2018-09-25 15:41:54','2021-04-22 06:33:40',NULL,1,1,0,'0000-00-00 00:00:00'),
 (93,31,1,1,1,'No','CS WEEK 2018','Dear Customer, as we conclude customer service week, we would like to say thank you once again for your continued support.  Our promise to you is that we will continuously aim to make banking with us delightful. Please take some time to rate your experience with NIC Bank using this free SMS service\r\n','Thank you for your valuable feedback.  Have a great day! NIC Bank','2018-10-05','2019-06-06','Please note that this survey is no longer available',NULL,NULL,5,NULL,1,1,1,'2018-10-05 08:57:13','2021-04-22 06:33:40',NULL,1,1,747,'0000-00-00 00:00:00'),
 (94,31,1,1,1,'No','Test','This is a test message. Ignore','','2018-10-05','2019-06-06','',NULL,NULL,5,NULL,1,1,1,'2018-10-05 13:48:15','2021-04-22 08:21:06',NULL,1,1,67,'0000-00-00 00:00:00'),
 (95,31,1,1,1,'Yes','Customer Satisfaction','Hello Rafiki, \r\nWe would like to improve our services and to do that we need your  help. Please help us by filling out the survey we have prepared. ','Thank you very much for helping us improve our services. \r\nWe shall reward you with kshs 100 worth or Airtime. ','2018-10-09','2019-06-06','Hello Rafiki, the survey is now expired. ',10,NULL,5,1,1,1,1,'2018-10-09 14:49:22','2021-04-22 08:21:06',NULL,1,1,0,'0000-00-00 00:00:00'),
 (96,31,1,1,1,'No','CCC SURVEY 09.10.2018','Thank you for contacting NIC Bank Customer Contact Centre today.  We would like to invite you to rate your experience using this free SMS service. ','Thank you for your valuable feedback that we will use to continuously enhance your experience with NIC Bank. ','2018-10-09','2019-06-06','',NULL,NULL,5,NULL,1,1,1,'2018-10-09 18:47:39','2021-04-22 06:33:40',NULL,1,1,363,'0000-00-00 00:00:00'),
 (97,31,1,1,1,'No','Gulf African Demo','Welcome to this survey. We would like to get your feedback on the weather.','Thank you for your feedback','2018-10-11','2019-06-06','Dear customer, this survey is expired',10,NULL,5,NULL,1,1,1,'2018-10-11 10:44:58','2021-04-22 06:33:40',NULL,1,1,3,'0000-00-00 00:00:00'),
 (100,31,1,1,1,'Yes','How are you today ?','Welcome to this free survey. we would like to hear your feedback about the weather today.','Thank you for completing this survey','2018-10-24','2019-06-06','',NULL,NULL,5,NULL,1,1,1,'2018-10-24 15:49:00','2021-04-22 06:33:40',NULL,1,1,0,'0000-00-00 00:00:00'),
 (101,31,1,1,1,'No','CCC NOV 2018','Thank you for contacting NIC Bank Customer Contact Centre today.  We would like to invite you to rate your experience using this free SMS service.','Thank you for your valuable feedback that we will use to continuously enhance your experience with NIC Bank.','2018-11-02','2019-06-06','',NULL,NULL,5,NULL,1,1,1,'2018-11-02 18:13:49','2021-04-22 06:33:40',NULL,1,1,177,'0000-00-00 00:00:00'),
 (102,31,1,1,1,'No','CPA PREPAID CARD SURVEY','Dear Trailblazer, In order to improve our prepaid card services, we would like to invite you to give us feedback using this free SMS service. ','Thank  you for your valuable feedback','2018-11-09','2019-06-06','Please note that this survey is no longer available. ',NULL,NULL,5,48,1,1,1,'2018-11-09 09:12:53','2021-04-22 06:33:40',NULL,1,1,30,'0000-00-00 00:00:00'),
 (103,31,1,1,1,'No','PERSONAL LOANS SURVEY OCT 2018','Dear Customer, thank you applying for a personal unsecured loan facility from NIC bank. We would like to invite you to rate your experience using this free service','Thank you for your valuable feedback that we will use to continuously enhance your experience with NIC Bank.','2018-11-13','2019-06-06','',NULL,NULL,5,NULL,1,1,1,'2018-11-13 19:41:30','2021-04-22 06:33:40',NULL,1,1,16,'0000-00-00 00:00:00'),
 (104,31,1,1,1,'No','PERSONAL LOANS SURVEY NOV 2018','Dear Customer, thank you applying for a personal unsecured loan facility from NIC bank. We would like to invite you to rate your experience using this free service','Thank you for your valuable feedback that we will use to continuously enhance your experience with NIC Bank.','2018-11-19','2019-06-06','Please note that this survey is no longer available. ',NULL,NULL,5,NULL,1,1,1,'2018-11-19 12:48:53','2021-04-22 06:33:40',NULL,1,1,8,'0000-00-00 00:00:00'),
 (105,31,1,1,1,'No','CPA PREPAID CARD SURVEY 2','Dear Trailblazer, In order to improve our prepaid card services, we would like to invite you to give us feedback using this free SMS service. ','Thank you for your valuable feedback. ','2018-11-20','2019-06-06','',NULL,NULL,5,NULL,1,1,1,'2018-11-20 15:31:07','2021-04-22 06:33:40',NULL,1,1,21,'0000-00-00 00:00:00'),
 (106,31,1,1,1,'No','PERSONAL LOANS SURVEY NOV 2 2018','Dear Customer, thank you applying for a personal unsecured loan facility from NIC bank. We would like to invite you to rate your experience using this free service','Thank you for your valuable feedback that we will use to continuously enhance your experience with NIC Bank.','2018-12-07','2019-06-06','Please note that this survey is no longer available',NULL,NULL,5,NULL,1,1,1,'2018-12-07 17:19:32','2021-04-22 06:33:40',NULL,1,1,6,'0000-00-00 00:00:00'),
 (107,31,1,1,1,'No','CCC SURVEY DEC 2018','Thank you for contacting NIC Bank Customer Contact Centre today.  We would like to invite you to rate your experience using this free SMS service. ','Thank you for your valuable feedback that we will use to continuously enhance your experience with NIC Bank. ','2018-12-07','2019-06-06','Please note that this survey is no longer available.',NULL,NULL,5,NULL,1,1,1,'2018-12-07 17:28:18','2021-04-22 06:33:40',NULL,1,1,136,'0000-00-00 00:00:00'),
 (108,31,1,1,1,'No','PERSONAL LOANS SURVEYNOV 2018','Dear Customer, thank you applying for a personal unsecured loan facility from NIC bank. We would like to invite you to rate your experience using this free service','Thank you for your valuable feedback that we will use to continuously enhance your experience with NIC Bank.','2018-12-07','2019-06-06','Please note that this survey is no longer available',NULL,NULL,5,NULL,1,1,1,'2018-12-07 17:31:22','2021-04-22 06:33:40',NULL,1,1,10,'0000-00-00 00:00:00'),
 (109,31,1,1,1,'No','CCC SURVEY JAN 2019','Thank you for contacting NIC Bank Customer Contact Centre today.  We would like to invite you to rate your experience using this free SMS service','Thank you for your valuable feedback that we will use to continuously enhance your experience with NIC Bank.','2019-01-09','2019-06-06',' ',NULL,NULL,5,NULL,1,1,1,'2019-01-09 17:37:17','2021-04-22 06:33:40',NULL,1,1,227,'0000-00-00 00:00:00'),
 (110,31,1,1,1,'No','PERSONAL LOANS SURVEY JAN 2019','Dear Customer, thank you applying for a personal unsecured loan facility from NIC bank. We would like to invite you to rate your experience using this free service','Thank you for your valuable feedback that we will use to continuously enhance your experience with NIC Bank.','2019-02-01','2019-06-06','Please note that this survey has expired ',NULL,NULL,5,NULL,1,1,1,'2019-02-01 10:42:44','2021-04-22 06:33:40',NULL,1,1,8,'0000-00-00 00:00:00'),
 (111,31,1,1,1,'No','CCC SURVEY FEB 2019','Thank you for contacting NIC Bank Customer Contact Centre today.  We would like to invite you to rate your experience using this free SMS service. ','Thank you for your valuable feedback that we will use to continuously enhance your experience with NIC Bank. ','2019-02-12','2019-06-06','Please note that this survey has expired',NULL,NULL,5,NULL,1,1,1,'2019-02-12 17:26:55','2021-04-22 06:33:40',NULL,1,1,199,'0000-00-00 00:00:00'),
 (112,31,1,1,1,'No','PERSONAL LOANS FEB 2019','Dear Customer, thank you applying for a personal unsecured loan facility from NIC bank. We would like to invite you to rate your experience using this free service','Thank you for your valuable feedback that we will use to continuously enhance your experience with NIC Bank.','2019-03-02','2019-06-06','Please note that this survey has expired',NULL,NULL,5,NULL,1,1,1,'2019-03-02 12:36:29','2021-04-22 06:33:40',NULL,1,1,18,'0000-00-00 00:00:00'),
 (113,31,1,1,1,'No','CCC MARCH 2019','Thank you for contacting NIC Bank Customer Contact Centre today.  We would like to invite you to rate your experience using this free SMS service','Thank you for your valuable feedback that we will use to continuously enhance your experience with NIC Bank. ','2019-03-02','2019-06-06','Please note that this survey is no longer available',NULL,NULL,5,NULL,1,1,1,'2019-03-02 12:50:06','2021-04-22 06:33:40',NULL,1,1,139,'0000-00-00 00:00:00'),
 (117,31,1,1,1,'No','PERSONAL LOANS SURVEY MAR 2019','Dear Customer, thank you applying for a personal unsecured loan facility from NIC bank. We would like to invite you to rate your experience using this free service','Thank you for your valuable feedback that we will use to continuously enhance your experience with NIC Bank.','2019-04-01','2019-06-06','Dear Customer, Please note that this survey is no longer available',NULL,NULL,5,NULL,1,1,1,'2019-04-01 12:55:52','2021-04-22 06:33:40',NULL,1,1,10,'0000-00-00 00:00:00'),
 (118,31,1,1,1,'No','CCC SURVEY APRIL 2018','Thank you for contacting NIC Bank Customer Contact Centre today.  We would like to invite you to rate your experience using this free SMS service. ','Thank you for your valuable feedback that we will use to continuously enhance your experience with NIC Bank. ','2019-04-02','2019-06-06','Dear Customer, Please note that this survey is no longer available. ',NULL,NULL,5,NULL,1,1,1,'2019-04-02 16:38:53','2021-04-22 06:33:40',NULL,1,1,376,'0000-00-00 00:00:00'),
 (120,31,1,1,1,'No','Democrat','Hello Human, \r\nWe want to know about you','You are one of us. Thank you for participating ','2019-04-24','2019-06-06','Sorry Human, you are late.',NULL,NULL,5,NULL,1,1,1,'2019-04-24 09:18:57','2021-04-22 06:33:40',NULL,1,1,2,'0000-00-00 00:00:00'),
 (121,31,1,1,1,'No','MhasibuHousingDemo','Welcome','Thankyou','2019-04-24','2019-06-06','Survey has already ended',NULL,NULL,5,NULL,1,1,1,'2019-04-24 11:57:58','2021-04-22 06:33:40',NULL,1,1,3,'0000-00-00 00:00:00'),
 (122,31,1,1,1,'No','TheKarenHospitalDemo','Welcome','Thankyou','2019-04-25','2019-06-06','The survey has already expired',NULL,NULL,5,NULL,1,1,1,'2019-04-25 17:23:38','2021-04-22 06:33:40',NULL,1,1,2,'0000-00-00 00:00:00'),
 (123,31,1,1,1,'No','PERSONAL LOANS SURVEY APR 2019','Dear Customer, thank you applying for a personal unsecured loan facility from NIC bank. We would like to invite you to rate your experience using this free service','Thank you for your valuable feedback that we will use to continuously enhance your experience with NIC Bank.','2019-05-03','2019-06-06','Please note that this survey is no longer available ',NULL,NULL,5,NULL,1,1,1,'2019-05-03 11:03:58','2021-04-22 06:33:40',NULL,1,1,0,'0000-00-00 00:00:00'),
 (124,31,1,1,1,'No','ASSET FINANCE APRIL 2019','Dear Customer, thank you applying for an Asset Finance Facility from NIC bank. We would like to invite you to rate your experience using this free service','Thank you for your valuable feedback that we will use to continuously enhance your experience with NIC Bank.\r\n\r\n','2019-05-03','2019-06-06','Please note that this survey has expired ',NULL,NULL,5,NULL,1,1,1,'2019-05-03 11:16:58','2021-04-22 06:33:40',NULL,1,1,33,'0000-00-00 00:00:00'),
 (126,31,1,1,1,'No','CCC SURVEY MAY 2019','Thank you for contacting NIC Bank Customer Contact Centre today.  We would like to invite you to rate your experience using this free SMS service. \r\n','Thank you for your valuable feedback that we will use to continuously enhance your experience with NIC Bank. ','2019-05-13','2019-06-06','Please note that this survey is no longer available',NULL,NULL,5,NULL,1,1,1,'2019-05-13 10:14:25','2021-04-22 06:33:40',NULL,1,1,108,'0000-00-00 00:00:00'),
 (131,31,1,1,1,'No','ASSET FINANCE MAY  2019','Dear Customer, thank you applying for an Asset Finance facility from NIC bank. We would like to invite you to rate your experience using this free service','Thank you for your valuable feedback that we will use to continuously enhance your experience with NIC Bank.','2019-06-03','2019-06-05','Dear Customer, Please note that this survey is no longer available.',NULL,NULL,NULL,NULL,1,1,1,'2019-06-03 18:33:25','2021-04-22 06:33:40',NULL,1,1,39,'0000-00-00 00:00:00'),
 (132,31,1,1,1,'No','CCC SURVEY JUNE 2019','Thank you for contacting NIC Bank Customer Contact Centre today.  We would like to invite you to rate your experience using this free SMS service\r\n','Thank you for your valuable feedback that we will use to continuously enhance your experience with NIC Bank. ','2019-06-04','2019-07-01','Dear Customer, please note that this survey is no longer available.',NULL,NULL,NULL,NULL,1,1,1,'2019-06-04 12:10:58','2021-04-22 06:33:40',NULL,1,1,468,'0000-00-00 00:00:00'),
 (133,31,1,1,1,'No','SME SURVEY MAY 2019','Dear Customer, thank you applying for an SME facility from NIC bank. We would like to invite you to rate your experience using this free service','Thank you for your valuable feedback that we will use to continuously enhance your experience with NIC Bank.','2019-06-04','2019-06-05','Dear Customer, please note that this survey is no longer available.',NULL,NULL,NULL,NULL,1,1,1,'2019-06-04 12:14:39','2021-04-22 06:33:40',NULL,1,1,6,'0000-00-00 00:00:00'),
 (134,31,1,1,1,'No','PB LOANS SURVEY MAY 2019','Dear Customer, thank you applying for a personal unsecured loan facility from NIC bank. We would like to invite you to rate your experience using this free service','Thank you for your valuable feedback that we will use to continuously enhance your experience with NIC Bank.','2019-06-05','2019-06-06','Dear Customer, please note that this survey is no longer available.',NULL,NULL,NULL,NULL,1,1,1,'2019-06-05 17:09:43','2021-04-22 06:33:40',NULL,1,1,41,'0000-00-00 00:00:00'),
 (137,31,1,1,1,'No','NationDemo','Welcome','Thank you','2019-06-24','2019-06-25','Thank you',NULL,NULL,NULL,NULL,1,1,1,'2019-06-24 11:22:10','2021-04-22 06:33:40',NULL,1,1,2,'0000-00-00 00:00:00'),
 (138,31,1,1,1,'No','Weather survey','Welcome to this survey, we\'d like to get your views on the weather today','Thank you for taking this survey','2019-07-04',NULL,'',NULL,NULL,NULL,NULL,1,1,1,'2019-07-04 10:38:25','2021-04-22 06:33:40',NULL,1,1,7,'0000-00-00 00:00:00'),
 (140,31,1,1,1,'No','PERSONAL LOANS SURVEY JUNE 2019','Dear Customer, thank you applying for a personal unsecured loan facility from NIC bank. We would like to invite you to rate your experience using this free service','Thank you for your valuable feedback that we will use to continuously enhance your experience with NIC Bank.','2019-07-04','2019-07-08','Dear Customer, please note that this survey is no longer available. ',NULL,NULL,NULL,NULL,1,1,1,'2019-07-04 11:22:54','2021-04-22 06:33:40',NULL,1,1,1,'0000-00-00 00:00:00'),
 (141,31,1,1,1,'No','SME SURVEY JUNE 2019','Dear Customer, thank you applying for an SME facility from NIC bank. We would like to invite you to rate your experience using this free service','Thank you for your valuable feedback that we will use to continuously enhance your experience with NIC Bank.','2019-07-04','2019-07-06','Dear Customer, please note that this survey has expired.',NULL,NULL,NULL,NULL,1,1,1,'2019-07-04 11:33:22','2021-04-22 06:33:40',NULL,1,1,4,'0000-00-00 00:00:00'),
 (142,31,1,1,1,'No','CCC JULY 2019','Thank you for contacting NIC Bank Customer Contact Centre today.  We would like to invite you to rate your experience using this free SMS service. ','Thank you for your valuable feedback that we will use to continuously enhance your experience with NIC Bank. ','2019-07-12','2019-08-01','Dear Customer, Please note that this survey is no longer available. ',NULL,NULL,NULL,NULL,1,1,1,'2019-07-12 17:00:29','2021-04-22 06:33:40',NULL,1,1,302,'0000-00-00 00:00:00'),
 (143,31,1,1,1,'Yes','Data gathering','Dear customer, thank you for your business on potato seeds with Agrico EA. We are currently updating our database. Kindly assist us to serve you better by answering a few questions. You will not be charged for this.','Dear esteemed customer, thank you for the information shared. We look forward to supporting you','2019-07-16','2019-07-31','Thank you for your interest. However the service has been switched off. Kindly sms 0722345543 for more information',5000,NULL,36000,4,1,1,1,'2019-07-16 09:28:25','2021-04-22 06:33:40',NULL,1,1,1,'0000-00-00 00:00:00'),
 (144,31,1,1,1,'No','Data updates english','Dear customer, thank you for your business on potato seeds with Agrico EA. We are currently updating our database. Kindly assist us to serve you better by answering a few questions. You will not be charged for this. ','Thank you for your continuous support. We look forward to working with you','2019-07-16','2019-07-31','Thank you for your interest. Kindly get in touch with us on 0722206179',5000,NULL,36000,24,1,1,1,'2019-07-16 11:58:36','2021-04-22 06:33:40',NULL,1,1,2,'0000-00-00 00:00:00'),
 (145,31,1,1,1,'No','Test Mwito','Welcome','Thank you','2019-07-16','2019-07-17','',NULL,NULL,NULL,NULL,1,1,1,'2019-07-16 12:30:51','2021-04-22 06:33:40',NULL,1,1,0,'0000-00-00 00:00:00'),
 (153,31,1,1,1,'No','Location missing','Welcome to Agrico EA. We are currently updating our database. Kindly assist us to serve you better by answering a few questions. You will not be charged for this.','Thank you for your co-operation. For any queries please call 254722206179.','2019-07-19','2019-07-31','Sorry this survey has expired please call 254722206179 for any queries.',NULL,NULL,3600,24,1,1,1,'2019-07-19 12:21:07','2021-04-22 06:33:40',NULL,1,1,2,'0000-00-00 00:00:00'),
 (154,31,1,1,1,'No','Name missing','Welcome to Agrico EA. We are currently updating our database. Kindly assist us to serve you better by answering a few questions. You will not be charged for this.','Thank you for your co-operation for any queries please call254722206179.','2019-07-19','2019-07-31','Sorry this survey is expired for any queries please call 254722206179.',NULL,NULL,3600,24,1,1,1,'2019-07-19 12:25:56','2021-04-22 06:33:40',NULL,1,1,2,'0000-00-00 00:00:00'),
 (155,31,1,1,1,'No','Everything Missing','Welcome to Agrico EA. We are currently updating our database. Kindly assist us to serve you better by answering a few questions. You will not be charged for this.','Thank you for your co-operation. For any queries please call 254722206179.','2019-07-19','2019-07-31','Sorry the survey is expired! for any queries please call 254722206179.',NULL,NULL,NULL,NULL,1,1,1,'2019-07-19 12:32:05','2021-04-22 06:33:40',NULL,1,1,2,'0000-00-00 00:00:00'),
 (156,31,1,1,1,'No','Name & Location','Welcome to Agrico EA. We are currently updating our database. Kindly assist us to serve you better by answering a few questions. You will not be charged for this.','Thank you for your co-operation. For any queries please call254722206179.','2019-07-19','2019-07-31','Sorry this survey is expired for any queries please call 254722206179.',NULL,NULL,3600,24,1,1,1,'2019-07-19 12:41:41','2021-04-22 06:33:40',NULL,1,1,2,'0000-00-00 00:00:00'),
 (158,31,1,1,1,'No','Name  & Gender missing','Welcome to Agrico EA, we are currently updating our database. Kindly assist us to serve you better by answering a few questions. You will not be charged for this. ','Thank you for your cooperation. In case of any queries, please call Agrico EA on 254722206179 powered by AgricoEA','2019-07-19','2019-07-31','Sorry, this survey has expired. Please contact Agrico EA on 254722206179 for more info. powered by AgricoEA',5000,NULL,36000,24,1,1,1,'2019-07-19 17:36:38','2021-04-22 06:33:40',NULL,1,1,3,'0000-00-00 00:00:00'),
 (160,31,1,1,1,'No','Everything Missed','Mteja wetu tunakushukuru kwa biashara uliyotupa kupitia mbegu za viazi za Agrico EA. Tuko kwenye harakati ya kusahihisha maktaba yetu . Tafadhali jibu maswali yafuatayo ili tuweze kukusaidia vyema. huduma hii ni ya bure. Chagua lugha kwa kutuma nambari 1 Kingereza 2. Swahili.','','2019-07-29','2019-07-31','samahani muda wa utafiti huu umekwisha. Tafadhali wasiliana nasi kupitia 254722206179.',NULL,NULL,60,24,1,1,1,'2019-07-29 16:13:24','2021-04-22 06:33:40',NULL,1,1,0,'0000-00-00 00:00:00'),
 (161,31,1,1,1,'No','Location Missed','Mteja wetu, Tunashukuru kwa biashara uliyotupa kupitia mbegu za viazi za Agrico EA. tuko kwenye harakati ya kusahihisha maktaba yetu. tafadhali jibu maswali yafuatayo ili tuweze kukusaidia vyema. huduma hii ni ya bure.','','2019-07-29','2019-07-31','',NULL,NULL,60,24,1,1,1,'2019-07-29 16:55:59','2021-04-22 06:33:40',NULL,1,1,8,'0000-00-00 00:00:00'),
 (163,31,1,1,1,'No','Everything Missed','Mteja wetu, Tunakushukuru kwa biashara uliyotupa kupitia mbegu za viazi za Agrico EA. Tuko kwenye harakati ya kusahihisha maktaba yetu. Tafadhali jibu maswali yafuatayo ili tuweze kuwasaidia vyema. Huduma hii ni ya bure.','Ahsante sana kwa biashara uliyo tupa. Natumai tutafanya biashara Zaidi. Powered by Agrico EA','2019-07-29','2019-07-31','Samahani muda wa utafiti huu umekwisha. wasiliana nasi kupitia 254722206179 kwa maelezo Zaidi.Powered by Agrico EA.',NULL,NULL,60,24,1,1,1,'2019-07-29 17:14:12','2021-04-22 06:33:40',NULL,1,1,7,'0000-00-00 00:00:00'),
 (164,31,1,1,1,'No','CCC SURVEY AUG 2019','Thank you for contacting NIC Bank Customer Contact Centre today.  We would like to invite you to rate your experience using this free SMS service. ','Thank you for your valuable feedback that we will use to continuously enhance your experience with NIC Bank. ','2019-08-01','2019-09-01','Dear Customer, please note that this survey is no longer available',NULL,NULL,NULL,NULL,1,1,1,'2019-08-01 15:59:14','2021-04-22 06:33:40',NULL,1,1,354,'0000-00-00 00:00:00'),
 (165,31,1,1,1,'No','Test survey','jf','jhfujyfgkv','2019-09-10','2019-09-19','gjfh',5000,NULL,36000,24,1,1,1,'2019-08-30 08:43:52','2021-04-22 06:33:40',NULL,1,1,0,'0000-00-00 00:00:00'),
 (166,31,1,1,1,'No','Mtech presentation survey','HI, we\'d like to get your feedback on today\'s presentation','Thank you for completing this survey','2019-08-30',NULL,'This survey is expired',NULL,NULL,NULL,NULL,1,1,1,'2019-08-30 13:27:32','2021-04-22 06:33:40',NULL,1,1,0,'0000-00-00 00:00:00'),
 (167,31,1,1,1,'No','ASSET FINANCE AUG  2019','Dear Customer, thank you applying for an Asset Finance facility from NIC bank. We would like to invite you to rate your experience using this free service','Thank you for your valuable feedback that we will use to continuously enhance your experience with NIC Bank.','2019-09-03','2019-09-04','Dear Customer, please note that this survey is no longer available',NULL,NULL,NULL,NULL,1,1,1,'2019-09-03 13:18:38','2021-04-22 06:33:40',NULL,1,1,53,'0000-00-00 00:00:00'),
 (168,31,1,1,1,'No','PERSONAL LOANS SURVEY AUG 2019','Dear Customer, thank you applying for a personal unsecured loan facility from NIC bank. We would like to invite you to rate your experience using this free service','Thank you for your valuable feedback that we will use to continuously enhance your experience with NIC Bank.','2019-09-03','2019-09-05','Dear Customer, please note that this survey is no longer available',NULL,NULL,NULL,NULL,1,1,1,'2019-09-03 13:53:56','2021-04-22 06:33:40',NULL,1,1,32,'0000-00-00 00:00:00'),
 (169,31,1,1,1,'No','CCC AUGUST 2019','Thank you for contacting NIC Bank Customer Contact Centre today. We would like to invite you to rate your experience using this free SMS service. ','Thank you for your valuable feedback that we will use to continuously enhance your experience with NIC Bank. ','2019-09-03','2019-10-02','Dear Customer, please note that this survey is no longer available. ',NULL,NULL,NULL,NULL,1,1,1,'2019-09-03 14:06:03','2021-04-22 06:33:40',NULL,1,1,478,'0000-00-00 00:00:00'),
 (170,31,1,1,1,'Yes','SME SURVEY AUG 2019','Dear Customer, thank you applying for an SME facility from NIC bank. We would like to invite you to rate your experience using this free service','','2019-09-04','2019-09-05','Thank you for your valuable feedback that we will use to continuously enhance your experience with NIC Bank.',NULL,NULL,NULL,NULL,1,1,1,'2019-09-04 13:42:55','2021-04-22 06:33:40',NULL,1,1,1,'0000-00-00 00:00:00'),
 (171,31,1,1,1,'No','DP survey','Thank for choosing DP. Kindly answer a few questions to help serve you better','Thank you for participating. ','2019-09-17','2019-09-18','The survey has ended',5000,NULL,36000,24,1,1,1,'2019-09-17 10:00:23','2021-04-22 06:33:40',NULL,1,1,0,'0000-00-00 00:00:00'),
 (172,31,1,1,1,'Yes','Fiona Test','Welcome to Fiona\'s test survey.','Thank you for your participation','2019-09-27',NULL,'',NULL,NULL,NULL,NULL,1,1,1,'2019-09-27 10:02:27','2021-04-22 06:33:40',NULL,1,1,2,'0000-00-00 00:00:00'),
 (174,31,1,1,1,'Yes','Charlo Testing','Karibu kwenye survey','Shukran','2019-09-27',NULL,'',NULL,NULL,NULL,NULL,1,1,1,'2019-09-27 10:16:58','2021-04-22 06:33:40',NULL,1,1,0,'0000-00-00 00:00:00'),
 (175,31,1,1,1,'No','Mtech test','HI, this is a test survey. ','Thank you for participating','2019-09-27',NULL,'',NULL,NULL,NULL,NULL,1,1,1,'2019-09-27 10:18:15','2021-04-22 06:33:40',NULL,1,1,0,'0000-00-00 00:00:00'),
 (176,31,1,1,1,'No','survey Sept 27','Test survey','Thanks','2019-09-27',NULL,'',NULL,NULL,NULL,NULL,1,1,1,'2019-09-27 10:44:51','2021-04-22 06:33:40',NULL,1,1,1,'0000-00-00 00:00:00'),
 (177,31,1,1,1,'Yes','test survey','test survey','thank you','2019-09-27',NULL,'',NULL,NULL,NULL,NULL,1,1,1,'2019-09-27 10:56:19','2021-04-22 06:33:40',NULL,1,1,0,'0000-00-00 00:00:00'),
 (178,31,1,1,1,'No','KCB Demo','Dear customer, we\'d like to get your feedback from the call you made to our contact center.','Thank you for participating in this survey','2019-09-27',NULL,'',NULL,NULL,NULL,NULL,1,1,1,'2019-09-27 11:33:18','2021-04-22 06:33:40',NULL,1,1,1,'0000-00-00 00:00:00'),
 (180,31,1,1,1,'Yes','New survey','Welcome to Nyayo tea zone.','Thank you for your continued support. Your feedback goes  long way towards improving our service offering','2019-10-09','2019-10-16','Our survey has been completed. Thank you for your support',5000,NULL,36000,24,1,1,1,'2019-10-09 06:54:46','2021-04-22 06:33:40',NULL,1,1,0,'0000-00-00 00:00:00'),
 (181,31,1,1,1,'No','Charlo Testing 2','Welcome to the survey','Thank you for participarting','2019-10-09',NULL,'',NULL,NULL,NULL,NULL,1,1,1,'2019-10-09 07:17:26','2021-04-22 06:33:40',NULL,1,1,2,'0000-00-00 00:00:00'),
 (182,31,1,1,1,'No','Test Survey','Welcome to Mtech\'s \"Just be you\" survey. Please engage.','Shukran for your participation','2019-10-09',NULL,'',NULL,NULL,NULL,NULL,1,1,1,'2019-10-09 08:30:44','2021-04-22 06:33:40',NULL,1,1,12,'0000-00-00 00:00:00'),
 (183,31,1,1,1,'No','Lunch Survey','We would like to get your feedback on your lunch request.','Thank your for letting us know about your lunch requirements','2019-10-16',NULL,'',NULL,NULL,NULL,NULL,1,1,1,'2019-10-16 13:01:24','2021-04-22 06:33:40',NULL,1,1,8,'0000-00-00 00:00:00'),
 (186,31,1,1,1,'Yes','MelchizedekTest','Welcome, Please participate in this survey','Thank you for participating','2019-10-23',NULL,'',NULL,NULL,NULL,NULL,1,1,1,'2019-10-23 10:30:40','2021-04-22 06:33:40',NULL,1,1,4,'0000-00-00 00:00:00'),
 (187,31,1,1,1,'Yes','Melchizedek Hospital Survey','Thank you for choosing Melchizedek hospital for your healthcare services. Excellence is our aim and for us to achieve this, your feedback is vital. ','Thank you for choosing Melchizedek hospital for your healthcare services. \r\nWe care for you.','2019-10-23','2019-10-31','',NULL,NULL,NULL,NULL,1,1,1,'2019-10-23 15:12:56','2021-04-22 08:21:06',NULL,1,1,3,'0000-00-00 00:00:00'),
 (188,31,1,1,1,'Yes','RAINFALL SURVEY','We wanna find out about the rain. Please be gentle, please be kind.','Thank you. Lets do this again sometime.','2019-10-23','2019-10-31','',NULL,NULL,NULL,NULL,1,1,1,'2019-10-23 16:19:08','2021-04-22 08:21:06',NULL,1,1,2,'0000-00-00 00:00:00'),
 (190,31,1,1,1,'No','OCT 2019 NCBA CCC','Thank you for contacting NCBA Customer Contact Centre today.  We would like to invite you to rate your experience using this free SMS service. ','Thank you for your valuable feedback that we will use to continuously enhance your experience with NCBA Bank.','2019-10-24','2019-11-01','Dear Customer, please note that this survey is no longer available. ',NULL,NULL,NULL,NULL,1,1,1,'2019-10-24 15:59:10','2021-04-22 06:33:40',NULL,1,1,413,'0000-00-00 00:00:00'),
 (191,31,1,1,1,'No','KO NPS survey','We\'d like to get your feedback on the service you just completed. This survey is free of charge','Thank you for completing this survey. Kenya Orient','2019-10-28',NULL,'',NULL,NULL,NULL,NULL,1,1,1,'2019-10-29 11:13:43','2021-04-22 06:33:40',NULL,1,1,2,'0000-00-00 00:00:00'),
 (192,31,1,1,1,'No','NOV 2019 NCBA CCC','Thank you for contacting NCBA Customer Contact Centre today.  We would like to invite you to rate your experience using this free SMS service.','Thank you for your valuable feedback that we will use to continuously enhance your experience with NCBA Bank.','2019-11-04','2019-11-30','Dear Customer, please note that this survey is no longer available.',NULL,NULL,NULL,NULL,1,1,1,'2019-11-04 18:11:02','2021-04-22 06:33:40',NULL,1,1,1201,'0000-00-00 00:00:00'),
 (193,31,1,1,1,'No','DEC 2019 NCBA CCC','Thank you for contacting NCBA Customer Contact Centre today.  We would like to invite you to rate your experience using this free SMS service.','Thank you for your valuable feedback that we will use to continuously enhance your experience with NCBA Bank.','2019-12-02','2020-01-01','Dear Customer, please note that this survey is no longer available. ',NULL,NULL,NULL,NULL,1,1,1,'2019-12-02 18:41:16','2021-04-22 06:33:40',NULL,1,1,1051,'0000-00-00 00:00:00'),
 (194,31,1,1,1,'No','DEC 2019 NCBA CARD AUTH','Thank you for contacting NCBA Customer Contact Centre today.  We would like to invite you to rate your experience using this free SMS service.','Thank you for your valuable feedback that we will use to continuously enhance your experience with NCBA Bank.','2019-12-02','2020-01-01','Dear Customer, please note that this survey is no longer available. ',NULL,NULL,NULL,NULL,1,1,1,'2019-12-02 18:51:43','2021-04-22 06:33:40',NULL,1,1,157,'0000-00-00 00:00:00'),
 (195,31,1,1,1,'No','TEST CONDITIONAL RESPONSE','This is a test survey','Thank you','2019-12-11','2019-12-12','',NULL,NULL,NULL,NULL,1,1,1,'2019-12-11 11:35:50','2021-04-22 06:33:40',NULL,1,1,0,'0000-00-00 00:00:00'),
 (196,31,1,1,1,'No','INTERNET BANKING DEC 2019','Dear Customer, we would like your feedback on NCBA Bank Internet Banking. This is a free SMS service. ','Thank you for your feedback','2019-12-17','2020-01-01','Dear Customer, please note that this survey is no longer available. ',NULL,NULL,NULL,NULL,1,1,1,'2019-12-17 14:10:08','2021-04-22 06:33:40',NULL,1,1,0,'0000-00-00 00:00:00'),
 (198,31,1,1,1,'No','JAN 2020 NCBA CCC	','Thank you for contacting NCBA Customer Contact Centre today. We would like to invite you to rate your experience using this free SMS service.','Thank you for your valuable feedback that we will use to continuously enhance your experience with NCBA Bank.','2020-01-06','2020-02-01','Dear Customer, please note that this survey is no longer available. ',NULL,NULL,NULL,NULL,1,1,1,'2020-01-06 17:32:44','2021-04-22 06:33:40',NULL,1,1,1048,'0000-00-00 00:00:00'),
 (199,31,1,1,1,'No','JAN 2020 NCBA CARD AUTH','Thank you for contacting NCBA Customer Contact Centre today. We would like to invite you to rate your experience using this free SMS service.','Thank you for your valuable feedback that we will use to continuously enhance your experience with NCBA Bank.','2020-01-06','2020-02-01','Dear Customer, please note that this survey is no longer available. ',NULL,NULL,NULL,NULL,1,1,1,'2020-01-06 17:37:26','2021-04-22 06:33:40',NULL,1,1,131,'0000-00-00 00:00:00'),
 (200,31,1,1,1,'No','FEB 2020 NCBA CONTACT CENTER','Thank you for contacting NCBA Customer Contact Centre today.  We would like to invite you to rate your experience using this free SMS service. ','Thank you for your valuable feedback that we will use to continuously enhance your experience with NCBA Bank. ','2020-02-03','2020-02-29','Dear Customer, please note that this survey is no longer available. ',NULL,NULL,NULL,NULL,1,1,1,'2020-02-03 19:04:26','2021-04-22 06:33:40',NULL,1,1,840,'0000-00-00 00:00:00'),
 (202,31,1,1,1,'No','MARCH 2020 NCBA CCC','Thank you for contacting NCBA Customer Contact Centre today. We would like to invite you to rate your experience using this free SMS service.','Thank you for your valuable feedback that we will use to continuously enhance your experience with NCBA Bank.','2020-03-03','2020-04-01','Dear Customer, please note that this survey is no longer available.',NULL,NULL,NULL,NULL,1,1,1,'2020-03-03 19:12:58','2021-04-22 06:33:40',NULL,1,1,306,'0000-00-00 00:00:00'),
 (203,31,1,1,1,'Yes','RadioAfrica ','Welcome to the Radio Africa Survey. We shall send a series of questions to get your feedback. This message is free. Should you wish to stop at any point send STOP to 20683.','Thank you for participating in the Radio Africa Survey. You may submit fresh feedback by sending keyword \"SURVEY to 20683.','2020-03-09','2020-03-10','',NULL,NULL,NULL,NULL,1,1,1,'2020-03-09 10:33:31','2021-04-22 08:21:06',NULL,1,1,0,'0000-00-00 00:00:00'),
 (204,31,1,1,1,'No','RadioAfrica test 2','Welcome to the Radio Africa Survey. We shall send a series of questions to get your feedback. This message is free. Should you wish to stop at any point send STOP to 20683.','Thank you for participation.','2020-03-09',NULL,'',NULL,NULL,NULL,NULL,1,1,1,'2020-03-09 14:45:33','2021-04-22 08:21:06',NULL,1,1,0,'0000-00-00 00:00:00'),
 (205,31,1,1,1,'No','APR 2020 NCBA CCC','Thank you for contacting NCBA Customer Contact Centre today. We would like to invite you to rate your experience using this free SMS service.','Thank you for your valuable feedback that we will use to continuously enhance your experience with NCBA Bank.\r\n','2020-04-14','2020-05-01','Dear Customer, please note that this survey is no longer available.',NULL,NULL,NULL,NULL,1,1,1,'2020-04-14 13:36:26','2021-04-22 06:33:40',NULL,1,1,413,'0000-00-00 00:00:00'),
 (206,31,1,1,1,'No','Testing -- April 2020','Welcome to this test survey','Thank you for participating ','2020-04-15',NULL,'',NULL,NULL,NULL,NULL,1,1,1,'2020-04-15 12:14:01','2021-04-22 06:33:40',NULL,1,1,0,'0000-00-00 00:00:00'),
 (208,31,1,1,1,'No','AIRTEL TEST SURVEY','Thank you for contacting NCBA Customer Contact Centre today. We would like to invite you to rate your experience using this free SMS service.','Thank you for your valuable feedback that we will use to continuously enhance your experience with NCBA Bank.\r\n','2020-04-22','2020-05-01','Dear Customer, please note that this survey is no longer available.',NULL,NULL,NULL,NULL,1,1,1,'2020-04-22 10:33:41','2021-04-22 06:33:40',NULL,1,1,59,'0000-00-00 00:00:00'),
 (209,31,1,1,1,'No','MAY 2020 NCBA CCC	','Thank you for contacting NCBA Customer Contact Centre today. We would like to invite you to rate your experience using this free SMS service.','Thank you for your valuable feedback that we will use to continuously enhance your experience with NCBA Bank.','2020-05-11','2020-05-31','Dear Customer, please note that this survey is no longer available.',NULL,NULL,NULL,NULL,1,1,1,'2020-05-11 18:27:11','2021-04-22 06:33:40',NULL,1,1,648,'0000-00-00 00:00:00'),
 (215,31,1,1,1,'No',' IVR OPTIMIZATION_1','Dear Customer, NCBA is in the process of improving our Contact Centre experience to be more accessible and serve you faster. We would like to invite you to rate your experience using this free service.','Thank you for your valuable feedback that we will use to continuously enhance your experience with NCBA Bank.','2020-05-15','2020-05-15','Dear Customer, please note that this survey is no longer available.',NULL,NULL,NULL,NULL,1,1,1,'2020-05-15 10:14:16','2021-04-22 06:33:40',NULL,1,1,3,'0000-00-00 00:00:00'),
 (216,31,1,1,1,'No','IVR OPTIMIZATION LIVE','Dear Customer, NCBA is in the process of improving our Contact Centre experience to be more accessible and serve you faster. We would like to invite you to rate your experience using this free service','Thank you for your valuable feedback that we will use to continuously enhance your experience with NCBA Bank.','2020-05-18','2020-05-31','Dear Customer, please note that this survey is no longer available.',NULL,NULL,NULL,NULL,1,1,1,'2020-05-18 10:29:01','2021-04-22 06:33:40',NULL,1,1,470,'0000-00-00 00:00:00'),
 (218,31,1,1,1,'No','JUNE 2020 NCBA CCC	','Thank you for contacting NCBA Customer Contact Centre today. We would like to invite you to rate your experience using this free SMS service.','Thank you for your valuable feedback that we will use to continuously enhance your experience with NCBA Bank.','2020-06-02','2020-07-01','Dear Customer, please note that this survey is no longer available.',NULL,NULL,NULL,NULL,1,1,1,'2020-06-02 18:20:29','2021-04-22 06:33:40',NULL,1,1,763,'0000-00-00 00:00:00'),
 (219,31,1,1,1,'No','GLOBAL MARKETS TEST','Dear Customer, it has been a while since you traded in foreign exchange with NCBA Bank. We would like to hear from you using this free SMS service.\r\n','Thank you for your valuable feedback that we will use to continuously enhance your experience with NCBA Bank.','2020-07-03','2020-07-06','Dear Customer, please note that this survey is no longer available.',NULL,NULL,NULL,1,1,1,1,'2020-07-03 19:02:08','2021-04-22 06:33:40',NULL,1,1,7,'0000-00-00 00:00:00'),
 (220,31,1,1,1,'No','JUL 2020 NCBA CCC','Thank you for contacting NCBA Customer Contact Centre today. We would like to invite you to rate your experience using this free SMS service.','Thank you for your valuable feedback that we will use to continuously enhance your experience with NCBA Bank.','2020-07-13','2020-07-31','Dear Customer, please note that this survey is no longer available.',NULL,NULL,NULL,NULL,1,1,1,'2020-07-13 18:18:57','2021-04-22 06:33:40',NULL,1,1,308,'0000-00-00 00:00:00'),
 (221,31,1,1,1,'No','GLOBAL MARKETS SURVEY','Dear Customer, it has been a while since you traded in foreign exchange with NCBA Bank. We would like to hear from you using this free SMS service.','Thank you for your valuable feedback that we will use to continuously enhance your experience with NCBA Bank.','2020-07-15','2020-07-30','Dear Customer, please note that this survey is no longer available.',NULL,NULL,NULL,12,1,1,1,'2020-07-15 15:16:31','2021-04-22 06:33:40',NULL,1,1,54,'0000-00-00 00:00:00');
INSERT INTO `surveys` (`surveyID`,`clientID`,`channelID`,`shortCodeID`,`participantType`,`multipleParticipation`,`surveyName`,`invitationMessage`,`thankyouMessage`,`startDate`,`endDate`,`expirationMessage`,`completionLimit`,`completionReachedMessage`,`inviteExpirationTime`,`autoRemindInterval`,`status`,`createdBy`,`updatedBy`,`dateCreated`,`dateModified`,`extra`,`questionsShortCodeID`,`responsesShortCodeID`,`completedSurveys`,`deleted_at`) VALUES 
 (222,31,1,1,1,'No','AUG 2020 NCBA CCC	','Thank you for contacting NCBA Customer Contact Centre today. We would like to invite you to rate your experience using this free SMS service.','Thank you for your valuable feedback that we will use to continuously enhance your experience with NCBA Bank.','2020-08-04','2020-08-28','Dear Customer, please note that this survey is no longer available.',NULL,NULL,NULL,NULL,1,1,1,'2020-08-04 18:32:20','2021-04-22 06:33:40',NULL,1,1,593,'0000-00-00 00:00:00'),
 (223,31,1,1,1,'No','SEP 2020 NCBA CCC','Thank you for contacting NCBA Customer Contact Centre today. We would like to invite you to rate your experience using this free SMS service. STOP *456*9*5#','Thank you for your valuable feedback that we will use to continuously enhance your experience with NCBA Bank.','2020-09-02','2020-09-29','Dear Customer, please note that this survey is no longer available.',NULL,NULL,NULL,NULL,1,1,1,'2020-09-02 18:14:06','2021-04-22 06:33:40',NULL,1,1,406,'0000-00-00 00:00:00'),
 (226,31,1,1,1,'No','GLOBAL MARKETS SURVEY SEP','Dear Customer, it has been a while since you traded in foreign exchange with NCBA Bank. We would like to hear from you using this free SMS service. STOP *456*9*5#','Thank you for your valuable feedback that we will use to continuously enhance your experience with NCBA Bank.\r\n','2020-09-09','2020-09-30','Dear Customer, please note that this survey is no longer available.',NULL,NULL,NULL,NULL,1,1,1,'2020-09-09 16:12:54','2021-04-22 06:33:40',NULL,1,1,15,'0000-00-00 00:00:00'),
 (227,31,1,1,1,'No','Sidian Survey test','Welcome to this free survey. We would like to get your feedback on your experience with our customer support desk.','Thank you for your feedback','2020-09-10',NULL,'',NULL,NULL,NULL,NULL,1,1,1,'2020-09-10 11:51:45','2021-04-22 06:33:40',NULL,1,1,2,'0000-00-00 00:00:00'),
 (228,31,1,1,1,'No','Sidian Demo 2pm','Dear customer, we would like to get your feedback as to your experience with our customer service desk. Please note that this is a free message.','Thank you for your feedback','2020-09-10','2020-09-11','',NULL,NULL,NULL,NULL,1,1,1,'2020-09-10 14:17:11','2021-04-22 06:33:40',NULL,1,1,5,'0000-00-00 00:00:00'),
 (229,31,1,1,1,'No','SEP 2020 NCBA CCC_1','Thank you for contacting NCBA Customer Contact Centre today. We would like to invite you to rate your experience using this free SMS service. STOP *456*9*5#','Thank you for your valuable feedback that we will use to continuously enhance your experience with NCBA Bank.','2020-09-18','2020-09-30','Dear Customer, please note that this survey is no longer available.',NULL,NULL,NULL,NULL,1,1,1,'2020-09-18 15:32:21','2021-04-22 06:33:40',NULL,1,1,1,'0000-00-00 00:00:00'),
 (230,31,1,1,1,'Yes','ABANDONED TEST','Dear Customer thank you for contacting NCBA Customer Contact Centre today. Kindly let us know how we can help you. ','Thank you for your feedback and contacting NCBA Customer Contact Centre today.','2020-09-23','2020-09-23','',NULL,NULL,NULL,NULL,1,1,1,'2020-09-23 15:29:01','2021-04-22 06:33:40',NULL,1,1,0,'0000-00-00 00:00:00'),
 (231,31,1,1,1,'No','Bundi test','Test Survey','Thank you','2020-09-23','2020-09-24','',NULL,NULL,NULL,NULL,1,1,1,'2020-09-23 17:18:23','2021-04-22 06:33:40',NULL,1,1,0,'0000-00-00 00:00:00'),
 (233,31,1,1,1,'No','ABANDONED CALLS SEP1','Dear Customer thank you for contacting the NCBA Contact Centre today. We note that you tried to call us, but couldnt get through.','Thank you for your feedback and contacting the NCBA Contact Centre today','2020-09-24','2020-10-01','Dear Customer, please note that this survey is no longer available.',NULL,NULL,NULL,NULL,1,1,1,'2020-09-24 10:41:48','2021-04-22 06:33:40',NULL,1,1,6,'0000-00-00 00:00:00'),
 (234,31,1,1,1,'No','ABANDONED CALLS SEP2','Dear Customer thank you for contacting the NCBA Contact Centre today. We note that you tried to call us, but couldnt get through.','Thank you for your feedback and contacting the NCBA Contact Centre today','2020-09-24','2020-10-01','Dear Customer, please note that this survey is no longer available.',NULL,NULL,NULL,NULL,1,1,1,'2020-09-24 12:13:50','2021-04-22 06:33:40',NULL,1,1,60,'0000-00-00 00:00:00'),
 (235,31,1,1,1,'No','ABANDONED CALLS OCT','Dear Customer thank you for contacting the NCBA Contact Centre today. We note that you tried to call us, but couldnt get through.','Thank you for your feedback and contacting the NCBA Contact Centre.','2020-10-05','2020-10-31','Dear Customer, please note that this survey is no longer available.',NULL,NULL,NULL,NULL,1,1,1,'2020-10-05 13:22:43','2021-04-22 06:33:40',NULL,1,1,26,'0000-00-00 00:00:00'),
 (236,31,1,1,1,'No','OCT 2020 NCBA CCC','Thank you for contacting NCBA Customer Contact Centre today. We would like to invite you to rate your experience using this free SMS service.','Thank you for your valuable feedback that we will use to continuously enhance your experience with NCBA Bank.','2020-10-22','2020-10-30','Dear Customer, please note that this survey is no longer available.',NULL,NULL,NULL,NULL,1,1,1,'2020-10-22 17:57:28','2021-04-22 06:33:40',NULL,1,1,324,'0000-00-00 00:00:00'),
 (237,31,1,1,1,'No','NOV 2020 NCBA CCC','Thank you for contacting NCBA Customer Contact Centre today. We would like to invite you to rate your experience using this free SMS service.','Thank you for your valuable feedback that we will use to continuously enhance your experience with NCBA Bank.','2020-11-04','2020-11-30','Dear Customer, please note that this survey is no longer available.',NULL,NULL,NULL,NULL,1,1,1,'2020-11-04 18:05:23','2021-04-22 06:33:40',NULL,1,1,563,'0000-00-00 00:00:00'),
 (238,31,1,1,1,'Yes','Test Survey','Welcome to test survey','Thanks for participating','2020-11-23','2020-11-23','',NULL,NULL,NULL,NULL,1,1,1,'2020-11-23 21:20:56','2021-04-22 06:32:29',NULL,1,1,0,'0000-00-00 00:00:00'),
 (239,31,1,1,1,'No','DEC 2020 NCBA CCC','Thank you for contacting NCBA Customer Contact Centre today. We would like to invite you to rate your experience using this free SMS service.','Thank you for your valuable feedback that we will use to continuously enhance your experience with NCBA Bank.','2020-12-07','2020-12-31','Dear Customer, please note that this survey is no longer available.',NULL,NULL,NULL,NULL,1,1,1,'2020-12-07 18:35:29','2021-04-22 06:33:40',NULL,1,1,503,'0000-00-00 00:00:00'),
 (240,31,1,1,1,'No','JAN 2021','Thank you for contacting NCBA Customer Contact Centre today. We would like to invite you to rate your experience using this free SMS service. ','Thank you for your valuable feedback that we will use to continuously enhance your experience with NCBA Bank. Dial *456*9*5# to opt out','2021-01-11','2021-01-29','Dear Customer, please note that this survey is no longer available.',NULL,NULL,NULL,NULL,1,1,1,'2021-01-11 17:42:04','2021-04-22 06:33:40',NULL,1,1,506,'0000-00-00 00:00:00'),
 (241,31,1,1,1,'No','FEB 2021','Thank you for contacting NCBA Customer Contact Centre today. We would like to invite you to rate your experience using this free SMS service. Dial *456*9*5# to opt out','Thank you for your valuable feedback that we will use to continuously enhance your experience with NCBA Bank.\r\n','2021-02-02','2021-02-28','Dear Customer, please note that this survey is no longer available.',NULL,NULL,NULL,NULL,1,1,1,'2021-02-02 19:08:57','2021-04-22 06:33:40',NULL,1,1,353,'0000-00-00 00:00:00'),
 (337,31,1,1,1,'Yes','test survey','invited','thanks','2021-05-12','2021-05-12','expired',1,'completion reached ',1,NULL,1,31,31,'2021-05-12 04:54:39','2021-05-12 04:54:39',NULL,1,1,1,'0000-00-00 00:00:00'),
 (338,2,1,1,1,'Yes','test survey 33','invited','thanks','2021-05-12','2021-05-12','expired',1,'complete',1,1,1,31,31,'2021-05-12 12:20:26','2021-05-12 12:20:26',NULL,1,2,1,'0000-00-00 00:00:00'),
 (339,2,1,1,1,'Yes','test survey 33','invited','thanks','2021-05-12','2021-05-12','expired',3,'complete',2,1,1,31,31,'2021-05-12 12:49:27','2021-05-12 12:49:27',NULL,2,2,4,'0000-00-00 00:00:00'),
 (340,2,1,1,2,'Yes','test survey','Invited','Thank you','2021-05-20','2021-05-20','Expired',1,'complete',1,1,1,31,31,'2021-05-20 12:53:38','2021-05-20 12:53:38',NULL,2,1,1,'0000-00-00 00:00:00'),
 (341,3,1,1,1,'Yes','test survey','invited','thanks','2021-05-20','2021-05-20','expired',30,'completed',2,1,1,31,31,'2021-05-20 14:42:57','2021-05-20 14:42:57',NULL,2,2,4,'0000-00-00 00:00:00'),
 (342,2,1,1,1,'Yes','test survey','invited','thanks ','2021-05-20','2021-05-20','expireed',3,'complete',24,1,1,31,31,'2021-05-20 15:15:50','2021-05-20 15:15:50',NULL,2,1,1,'0000-00-00 00:00:00'),
 (343,2,1,1,1,'Yes','test survey','invited','thanks','2021-05-21','2021-05-21','expired',30,'complete',3,1,1,31,31,'2021-05-21 01:07:23','2021-05-21 01:07:23',NULL,2,2,1,'0000-00-00 00:00:00'),
 (344,2,1,1,2,'Yes','test survey','invitation','thanks','2021-05-21','2021-05-21','expired',3,'complete',2,1,1,31,31,'2021-05-21 06:24:19','2021-05-21 06:24:19',NULL,2,2,4,'0000-00-00 00:00:00'),
 (345,2,1,1,2,'Yes','test survey','invited','thank you','2021-05-21','2021-05-21','expired',1,'complete',3,1,1,31,31,'2021-05-21 07:54:47','2021-05-21 07:54:47',NULL,3,2,1,'0000-00-00 00:00:00'),
 (346,2,1,1,1,'Yes','test survey','invited','thanks','2021-06-22','2021-06-25','expired',30,'complet',1,1,1,31,31,'2021-06-22 00:43:47','2021-06-22 00:43:47',NULL,2,2,1,'0000-00-00 00:00:00'),
 (347,3,1,1,1,'Yes','test survey 33','welcome','thank yoy','2021-06-10','2021-06-17','expired',20,'complete',1,1,1,31,31,'2021-06-22 00:56:42','2021-06-22 00:56:42',NULL,1,NULL,1,'0000-00-00 00:00:00'),
 (348,3,1,1,1,'Yes','test survey 33','test','test','2021-06-24','2021-06-24','test',30,'test',1,1,1,31,31,'2021-06-22 01:28:16','2021-06-22 01:28:16',NULL,1,NULL,1,'0000-00-00 00:00:00'),
 (349,3,1,1,2,'Yes','test survey 335','test','test','2021-06-24','2021-06-24','test',30,'test',1,1,1,31,31,'2021-06-22 01:31:27','2021-06-22 01:31:27',NULL,1,NULL,1,'0000-00-00 00:00:00'),
 (350,3,1,4,1,'Yes','test survey 335','Hello,\r\n\r\nWe trust that you are doing well today.\r\nWe are writing this email to you because we care about how you feel and your feedback means alot to us.\r\nThe support request, 570628 erp.mtechcomm.co.ke to be mapped to 3.131.240.13has been marked as completed.\r\nWe hope that we met your need to your satisfaction, kindly confirm if we addressed all your concerns.\r\n\r\nIf there is any issue pending, please also alert us so that we make every effort to attend to it.\r\nIn case we did not achieve what you hoped for, kindly update this email and let us know what we could do differently and if we can make your experience better.\r\n\r\nThank you for your consideration.\r\n\r\nBest Wishes,\r\n','thanks','2021-06-22','2021-06-23','thanks',30,'test',1,1,1,31,31,'2021-06-22 07:27:56','2021-06-22 07:27:56',NULL,4,4,1,'0000-00-00 00:00:00'),
 (351,3,1,1,1,'Yes','test survey 33','test','test','2021-06-27','2021-06-30','test',30,'test',1,1,1,31,31,'2021-06-27 21:30:39','2021-06-27 21:30:39',NULL,1,1,1,'0000-00-00 00:00:00');
/*!40000 ALTER TABLE `surveys` ENABLE KEYS */;


--
-- Definition of table `surveysessions`
--

DROP TABLE IF EXISTS `surveysessions`;
CREATE TABLE `surveysessions` (
  `sessionID` int(11) NOT NULL AUTO_INCREMENT,
  `inboxID` int(11) NOT NULL,
  `surveyID` int(11) NOT NULL,
  `questionID` int(11) NOT NULL,
  `MSISDN` bigint(14) NOT NULL,
  `status` int(11) NOT NULL DEFAULT 1,
  `dateCreated` datetime NOT NULL,
  `dateModified` timestamp NOT NULL DEFAULT current_timestamp() ON UPDATE current_timestamp(),
  `uniqueSession` varchar(255) DEFAULT NULL,
  PRIMARY KEY (`sessionID`)
) ENGINE=InnoDB DEFAULT CHARSET=latin1;

--
-- Dumping data for table `surveysessions`
--

/*!40000 ALTER TABLE `surveysessions` DISABLE KEYS */;
/*!40000 ALTER TABLE `surveysessions` ENABLE KEYS */;


--
-- Definition of table `surveystatuses`
--

DROP TABLE IF EXISTS `surveystatuses`;
CREATE TABLE `surveystatuses` (
  `statusID` int(11) NOT NULL AUTO_INCREMENT,
  `statusName` varchar(11) NOT NULL,
  `typeID` int(11) DEFAULT NULL,
  `dateCreated` timestamp NOT NULL DEFAULT current_timestamp() ON UPDATE current_timestamp(),
  PRIMARY KEY (`statusID`)
) ENGINE=InnoDB AUTO_INCREMENT=3 DEFAULT CHARSET=latin1;

--
-- Dumping data for table `surveystatuses`
--

/*!40000 ALTER TABLE `surveystatuses` DISABLE KEYS */;
INSERT INTO `surveystatuses` (`statusID`,`statusName`,`typeID`,`dateCreated`) VALUES 
 (1,'Active',1,'2017-06-15 11:20:45'),
 (2,'Inactive',1,'2017-06-15 11:20:45');
/*!40000 ALTER TABLE `surveystatuses` ENABLE KEYS */;


--
-- Definition of table `surveyvalidationrules`
--

DROP TABLE IF EXISTS `surveyvalidationrules`;
CREATE TABLE `surveyvalidationrules` (
  `ruleID` int(11) NOT NULL AUTO_INCREMENT,
  `questionID` int(11) NOT NULL,
  `validationTypeID` int(11) NOT NULL,
  `value` varchar(100) NOT NULL,
  `status` int(11) NOT NULL,
  `createdBy` int(11) NOT NULL,
  `updatedBy` int(11) NOT NULL,
  `dateCreated` datetime NOT NULL,
  `dateModified` timestamp NOT NULL DEFAULT current_timestamp() ON UPDATE current_timestamp(),
  PRIMARY KEY (`ruleID`),
  KEY `questionID` (`questionID`),
  CONSTRAINT `surveyValidationRules_ibfk_1` FOREIGN KEY (`questionID`) REFERENCES `surveyquestions` (`questionID`) ON DELETE CASCADE ON UPDATE NO ACTION
) ENGINE=InnoDB AUTO_INCREMENT=884 DEFAULT CHARSET=latin1;

--
-- Dumping data for table `surveyvalidationrules`
--

/*!40000 ALTER TABLE `surveyvalidationrules` DISABLE KEYS */;
/*!40000 ALTER TABLE `surveyvalidationrules` ENABLE KEYS */;


--
-- Definition of table `surveyvalidationtypes`
--

DROP TABLE IF EXISTS `surveyvalidationtypes`;
CREATE TABLE `surveyvalidationtypes` (
  `typeID` int(11) NOT NULL AUTO_INCREMENT,
  `validationType` varchar(30) NOT NULL,
  `extra` varchar(255) DEFAULT NULL,
  `applicableInAnswerTypes` varchar(30) DEFAULT NULL,
  `status` int(11) NOT NULL DEFAULT 1,
  `required` enum('Yes','No') NOT NULL,
  `createdBy` int(11) NOT NULL,
  `updatedBy` int(11) NOT NULL,
  `dateCreated` datetime NOT NULL,
  `dateModified` timestamp NOT NULL DEFAULT current_timestamp() ON UPDATE current_timestamp(),
  `instructions` text DEFAULT NULL,
  PRIMARY KEY (`typeID`)
) ENGINE=InnoDB AUTO_INCREMENT=8 DEFAULT CHARSET=latin1;

--
-- Dumping data for table `surveyvalidationtypes`
--

/*!40000 ALTER TABLE `surveyvalidationtypes` DISABLE KEYS */;
INSERT INTO `surveyvalidationtypes` (`typeID`,`validationType`,`extra`,`applicableInAnswerTypes`,`status`,`required`,`createdBy`,`updatedBy`,`dateCreated`,`dateModified`,`instructions`) VALUES 
 (1,'minimumLength',NULL,'8',1,'Yes',1,1,'0000-00-00 00:00:00','2018-05-17 14:43:02',NULL),
 (2,'maximumLength',NULL,'8',1,'Yes',1,1,'2017-05-17 00:00:00','2018-05-17 14:43:02',NULL),
 (3,'minimumChoices',NULL,'2',1,'Yes',1,1,'2017-05-24 00:00:00','2017-05-30 14:53:10',NULL),
 (4,'maximumChoices',NULL,'2',1,'Yes',1,1,'2017-05-24 00:00:00','2017-06-15 15:36:20',NULL),
 (6,'minimumValue',NULL,'9,6',1,'Yes',1,1,'2017-05-24 00:00:00','2018-01-24 11:21:26',NULL),
 (7,'maximumValue',NULL,'9,6',1,'Yes',1,1,'2017-05-17 00:00:00','2018-01-24 11:21:26',NULL);
/*!40000 ALTER TABLE `surveyvalidationtypes` ENABLE KEYS */;


--
-- Definition of table `targets`
--

DROP TABLE IF EXISTS `targets`;
CREATE TABLE `targets` (
  `targetID` int(11) unsigned NOT NULL AUTO_INCREMENT,
  `targetName` varchar(100) NOT NULL,
  `clientID` int(11) unsigned DEFAULT NULL,
  `originalFileName` varchar(200) NOT NULL,
  `generatedFileName` varchar(200) NOT NULL,
  `recordCount` int(11) unsigned DEFAULT NULL,
  `dateCreated` datetime NOT NULL,
  `dateModified` timestamp NOT NULL DEFAULT current_timestamp() ON UPDATE current_timestamp(),
  `createdBy` int(11) unsigned NOT NULL,
  `updatedBy` int(11) unsigned NOT NULL,
  `status` int(11) unsigned NOT NULL,
  `bucketID` int(11) unsigned DEFAULT NULL,
  `processed` int(11) unsigned DEFAULT NULL,
  `numberOfSends` int(11) unsigned DEFAULT NULL,
  `nextSend` datetime DEFAULT NULL,
  `processStatus` int(11) unsigned DEFAULT NULL,
  `description` varchar(200) DEFAULT NULL,
  PRIMARY KEY (`targetID`)
) ENGINE=InnoDB AUTO_INCREMENT=219 DEFAULT CHARSET=latin1;

--
-- Dumping data for table `targets`
--

/*!40000 ALTER TABLE `targets` DISABLE KEYS */;
INSERT INTO `targets` (`targetID`,`targetName`,`clientID`,`originalFileName`,`generatedFileName`,`recordCount`,`dateCreated`,`dateModified`,`createdBy`,`updatedBy`,`status`,`bucketID`,`processed`,`numberOfSends`,`nextSend`,`processStatus`,`description`) VALUES 
 (110,'Tree planting_2021-03-16 14:06:04',31,'C:\\xampp\\tmp\\php797D.tmp','8136_2021-03-16 14:06:04_C:\\xampp\\tmp\\php797D.tmp',5,'2021-03-16 14:06:04','2021-03-16 14:06:04',31,31,1,0,1,0,NULL,NULL,''),
 (111,'Tree planting_2021-03-16 14:07:20',31,'C:\\xampp\\tmp\\phpA22F.tmp','7049_2021-03-16 14:07:20_C:\\xampp\\tmp\\phpA22F.tmp',5,'2021-03-16 14:07:20','2021-03-16 14:07:20',31,31,1,0,1,0,NULL,NULL,''),
 (112,'Test Area_2021-03-16 14:14:52',31,'C:\\xampp\\tmp\\php860B.tmp','7074_2021-03-16 14:14:52_C:\\xampp\\tmp\\php860B.tmp',5,'2021-03-16 14:14:52','2021-03-16 14:14:52',31,31,1,0,1,0,NULL,NULL,''),
 (113,'Test Area_2021-03-16 16:58:47',31,'C:\\xampp\\tmp\\php970A.tmp','7599_2021-03-16 16:58:47_C:\\xampp\\tmp\\php970A.tmp',5,'2021-03-16 16:58:47','2021-03-16 16:58:47',31,31,1,0,1,0,NULL,NULL,''),
 (114,'Mother\'s Day_2021-03-17 00:04:58',31,'C:\\xampp\\tmp\\phpC94E.tmp','9379_2021-03-17 00:04:58_C:\\xampp\\tmp\\phpC94E.tmp',5,'2021-03-17 00:04:58','2021-03-17 00:04:58',31,31,1,0,1,0,NULL,NULL,''),
 (115,'Tree planting_2021-03-17 08:37:06',31,'C:\\xampp\\tmp\\phpA4C6.tmp','7832_2021-03-17 08:37:06_C:\\xampp\\tmp\\phpA4C6.tmp',5,'2021-03-17 08:37:06','2021-03-17 08:37:06',31,31,1,0,1,0,NULL,NULL,''),
 (116,'Tree planting_2021-03-17 08:55:43',31,'C:\\xampp\\tmp\\phpB06D.tmp','8211_2021-03-17 08:55:43_C:\\xampp\\tmp\\phpB06D.tmp',5,'2021-03-17 08:55:43','2021-03-17 08:55:43',31,31,1,0,1,0,NULL,NULL,''),
 (117,'Tree planting_2021-03-17 09:02:33',31,'C:\\xampp\\tmp\\phpF27B.tmp','8087_2021-03-17 09:02:33_C:\\xampp\\tmp\\phpF27B.tmp',5,'2021-03-17 09:02:33','2021-03-17 09:02:33',31,31,1,0,1,0,NULL,NULL,''),
 (120,'Tree planting_2021-03-18 10:28:27',31,'C:\\xampp\\tmp\\phpF364.tmp','5035_2021-03-18 10:28:27_C:\\xampp\\tmp\\phpF364.tmp',5,'2021-03-18 10:28:27','2021-03-18 10:28:27',31,31,1,0,1,0,NULL,NULL,''),
 (121,'Tree planting_2021-03-22 05:17:02',1,'C:\\xampp\\tmp\\php27C7.tmp','9820_2021-03-22 05:17:02_C:\\xampp\\tmp\\php27C7.tmp',5,'2021-03-22 05:17:02','2021-03-22 05:17:02',1,1,1,0,1,0,NULL,NULL,''),
 (122,'sample survey_2021-03-26 06:42:06',18,'C:\\xampp\\tmp\\php7AAF.tmp','7463_2021-03-26 06:42:06_C:\\xampp\\tmp\\php7AAF.tmp',5,'2021-03-26 06:42:06','2021-03-26 06:42:06',18,18,1,0,1,0,NULL,NULL,''),
 (123,'Tree planting_2021-03-26 07:09:33',18,'C:\\xampp\\tmp\\php9C67.tmp','5478_2021-03-26 07:09:33_C:\\xampp\\tmp\\php9C67.tmp',5,'2021-03-26 07:09:33','2021-03-26 07:09:33',18,18,1,0,1,0,NULL,NULL,''),
 (124,'Tree planting_2021-03-26 07:30:46',18,'C:\\xampp\\tmp\\php7E7.tmp','9235_2021-03-26 07:30:46_C:\\xampp\\tmp\\php7E7.tmp',5,'2021-03-26 07:30:46','2021-03-26 07:30:46',18,18,1,0,1,0,NULL,NULL,''),
 (146,'sample survey_2021-03-26 08:57:33',31,'C:\\xampp\\tmp\\php7A8D.tmp','8585_2021-03-26 08:57:33_C:\\xampp\\tmp\\php7A8D.tmp',5,'2021-03-26 08:57:33','2021-03-26 08:57:33',31,31,1,0,1,0,NULL,NULL,''),
 (147,'sample survey_2021-03-26 09:17:10',31,'C:\\xampp\\tmp\\php71BC.tmp','5426_2021-03-26 09:17:10_C:\\xampp\\tmp\\php71BC.tmp',5,'2021-03-26 09:17:10','2021-03-26 09:17:10',31,31,1,0,1,0,NULL,NULL,''),
 (217,'Tree planting_2021-03-28 23:09:33',31,'C:\\xampp\\tmp\\phpA04C.tmp','5125_2021-03-28 23:09:33_C:\\xampp\\tmp\\phpA04C.tmp',5,'2021-03-28 23:09:33','2021-03-28 23:09:33',31,31,1,0,1,0,NULL,NULL,''),
 (218,'Tree planting_2021-03-28 23:13:44',31,'C:\\xampp\\tmp\\php7561.tmp','8968_2021-03-28 23:13:44_C:\\xampp\\tmp\\php7561.tmp',1,'2021-03-28 23:13:44','2021-03-29 00:13:44',31,31,1,0,1,0,NULL,NULL,'');
/*!40000 ALTER TABLE `targets` ENABLE KEYS */;


--
-- Definition of table `tariff`
--

DROP TABLE IF EXISTS `tariff`;
CREATE TABLE `tariff` (
  `id` bigint(20) unsigned NOT NULL AUTO_INCREMENT,
  `client_id` int(11) NOT NULL,
  `min_amount` decimal(15,4) NOT NULL,
  `max_amount` decimal(15,4) NOT NULL,
  `charge` decimal(15,4) NOT NULL,
  `status` varchar(255) COLLATE utf8mb4_unicode_ci NOT NULL DEFAULT 'active',
  `created_by` int(11) NOT NULL,
  `modified_by` int(11) DEFAULT NULL,
  `created_at` timestamp NULL DEFAULT NULL,
  `updated_at` timestamp NULL DEFAULT NULL,
  PRIMARY KEY (`id`)
) ENGINE=InnoDB DEFAULT CHARSET=utf8mb4 COLLATE=utf8mb4_unicode_ci;

--
-- Dumping data for table `tariff`
--

/*!40000 ALTER TABLE `tariff` DISABLE KEYS */;
/*!40000 ALTER TABLE `tariff` ENABLE KEYS */;


--
-- Definition of table `tax_conversion`
--

DROP TABLE IF EXISTS `tax_conversion`;
CREATE TABLE `tax_conversion` (
  `id` bigint(20) unsigned NOT NULL AUTO_INCREMENT,
  `currency_id` bigint(20) unsigned NOT NULL,
  `buying_price` decimal(15,4) DEFAULT NULL,
  `selling_price` decimal(15,4) DEFAULT NULL,
  `status` varchar(255) NOT NULL DEFAULT 'active',
  `created_at` timestamp NULL DEFAULT NULL,
  `updated_at` timestamp NULL DEFAULT NULL,
  `deleted_at` timestamp NULL DEFAULT NULL,
  PRIMARY KEY (`id`)
) ENGINE=InnoDB DEFAULT CHARSET=latin1;

--
-- Dumping data for table `tax_conversion`
--

/*!40000 ALTER TABLE `tax_conversion` DISABLE KEYS */;
/*!40000 ALTER TABLE `tax_conversion` ENABLE KEYS */;


--
-- Definition of table `taxes`
--

DROP TABLE IF EXISTS `taxes`;
CREATE TABLE `taxes` (
  `id` bigint(20) unsigned NOT NULL AUTO_INCREMENT,
  `name` varchar(255) COLLATE utf8mb4_unicode_ci NOT NULL,
  `rate` decimal(15,4) NOT NULL DEFAULT 0.0000,
  `status` varchar(255) COLLATE utf8mb4_unicode_ci NOT NULL DEFAULT 'active',
  `created_at` timestamp NULL DEFAULT NULL,
  `updated_at` timestamp NULL DEFAULT NULL,
  `deleted_at` timestamp NULL DEFAULT NULL,
  PRIMARY KEY (`id`)
) ENGINE=InnoDB DEFAULT CHARSET=utf8mb4 COLLATE=utf8mb4_unicode_ci;

--
-- Dumping data for table `taxes`
--

/*!40000 ALTER TABLE `taxes` DISABLE KEYS */;
/*!40000 ALTER TABLE `taxes` ENABLE KEYS */;


--
-- Definition of table `tb_modules`
--

DROP TABLE IF EXISTS `tb_modules`;
CREATE TABLE `tb_modules` (
  `idtb_modules` int(10) unsigned NOT NULL AUTO_INCREMENT,
  `modulename` varchar(45) NOT NULL,
  `path` varchar(100) NOT NULL,
  `dateCreated` datetime NOT NULL,
  `dateUpdated` datetime NOT NULL,
  `createdBy` bigint(20) unsigned NOT NULL,
  `modifiedBy` bigint(20) unsigned NOT NULL,
  `deleted` int(11) unsigned NOT NULL,
  PRIMARY KEY (`idtb_modules`),
  KEY `FK_tb_modules_1` (`createdBy`),
  KEY `FK_tb_modules_2` (`modifiedBy`),
  CONSTRAINT `FK_tb_modules_1` FOREIGN KEY (`createdBy`) REFERENCES `users` (`id`),
  CONSTRAINT `FK_tb_modules_2` FOREIGN KEY (`modifiedBy`) REFERENCES `users` (`id`)
) ENGINE=InnoDB AUTO_INCREMENT=36 DEFAULT CHARSET=latin1;

--
-- Dumping data for table `tb_modules`
--

/*!40000 ALTER TABLE `tb_modules` DISABLE KEYS */;
INSERT INTO `tb_modules` (`idtb_modules`,`modulename`,`path`,`dateCreated`,`dateUpdated`,`createdBy`,`modifiedBy`,`deleted`) VALUES 
 (1,'manage clients','/clients/index','2021-03-03 07:54:51','2021-03-03 07:54:51',1,1,0),
 (2,'daily summary','/mt-data/daily-summary','2021-03-03 07:55:34','2021-03-03 07:55:34',1,1,0),
 (3,'approvals','/workflow/index','2021-03-03 07:56:00','2021-03-03 07:56:00',1,1,0),
 (4,'sender id settings','/sender-ids/index','2021-03-03 07:56:25','2021-03-03 07:56:25',1,1,0),
 (5,'scheduled messages','/scheduled-messages/index','2021-03-03 07:56:48','2021-03-03 07:56:48',1,1,0),
 (6,'sent messages','/outbound/index','2021-03-03 07:57:08','2021-03-03 07:57:08',1,1,0),
 (7,'inbox','/inbound/index','2021-03-03 07:57:29','2021-03-03 07:57:29',1,1,0),
 (8,'sms single history number','/single-sms/index','2021-03-03 07:58:51','2021-03-03 07:58:51',1,1,0),
 (9,'short code settings','/short-codes/index','2021-03-03 07:59:11','2021-03-03 07:59:11',1,1,0),
 (10,'users management','/users/index','2021-03-03 07:59:37','2021-03-03 07:59:37',1,1,0),
 (11,'DND','/dnd/index','2021-03-03 07:59:56','2021-03-03 07:59:56',1,1,0),
 (12,'contact groups','/contact-groups/index','2021-03-03 08:00:18','2021-03-03 08:00:18',1,1,0),
 (13,'payments','/payments/index','2021-03-03 08:00:40','2021-03-03 08:00:40',1,1,0),
 (14,'Reports','/admin-reports/index','2021-03-03 08:01:01','2021-03-03 08:01:01',1,1,0),
 (15,'surveys','/surveys/admin','2021-03-03 08:01:17','2021-03-03 08:01:17',1,1,0),
 (16,'country settings','/countries/index','2021-03-03 08:01:37','2021-03-03 08:01:37',1,1,0),
 (17,'currency settings','/currencies/index','2021-03-03 08:01:59','2021-03-03 08:01:59',1,1,0),
 (18,'currency rate settings','/currency-rates/index','2021-03-03 08:02:20','2021-03-03 08:02:20',1,1,0),
 (19,'ported number settings','/ported-numbers/index','2021-03-03 08:02:40','2021-03-03 08:02:40',1,1,0),
 (20,'provider settings','/providers/index','2021-03-03 08:02:58','2021-03-03 08:02:58',1,1,0),
 (21,'route settings','/routes/index','2021-03-03 08:03:16','2021-03-03 08:03:16',1,1,0),
 (22,'buying price settings','/buying-price-setup/index','2021-03-03 08:03:37','2021-03-03 08:03:37',1,1,0),
 (23,'route mappings settings','/route-mapping/index','2021-03-03 08:03:55','2021-03-03 08:03:55',1,1,0),
 (24,'taxes settings','/taxes/index','2021-03-03 08:04:15','2021-03-03 08:04:15',1,1,0),
 (25,'reports settings','/reports/index','2021-03-03 08:04:34','2021-03-03 08:04:34',1,1,0),
 (26,'audit trail settings','/audit','2021-03-03 08:04:53','2021-03-03 08:04:53',1,1,0),
 (27,'permission and roles  modules settings','/tb-modules/index','2021-03-03 08:05:26','2021-03-03 08:05:26',1,1,0),
 (28,'permission and roles  permissions settings','/tb-permissions/index','2021-03-03 08:05:53','2021-03-03 08:05:53',1,1,0),
 (29,'permission and roles  roles settings','/tb-roles/index','2021-03-03 08:06:15','2021-03-03 08:06:15',1,1,0),
 (30,'permission and roles  user groups settings','/tb-usergroups/index','2021-03-03 08:06:32','2021-03-03 08:06:32',1,1,0),
 (31,'alerts setup settings','/alerts-setup/index','2021-03-03 08:06:58','2021-03-03 08:06:58',1,1,0),
 (32,'kannel status','/kannel/status','2021-03-03 08:07:21','2021-03-03 08:07:21',1,1,0),
 (33,'kannel add http smsc','/kannel/add-http-smsc','2021-03-03 08:07:52','2021-03-03 08:07:52',1,1,0),
 (34,'kannel add smpp smsc','/kannel/add-smpp-smsc','2021-03-03 08:08:13','2021-03-03 08:08:13',1,1,0),
 (35,'kannel smpp client credentials','/kannel/smpp-clients','2021-03-03 08:08:39','2021-03-03 08:08:39',1,1,0);
/*!40000 ALTER TABLE `tb_modules` ENABLE KEYS */;


--
-- Definition of table `tb_permissions`
--

DROP TABLE IF EXISTS `tb_permissions`;
CREATE TABLE `tb_permissions` (
  `idtb_permissions` int(10) unsigned NOT NULL AUTO_INCREMENT,
  `permissionName` varchar(100) NOT NULL,
  `dateCreated` datetime NOT NULL,
  `dateUpdated` datetime NOT NULL,
  `createdBy` bigint(20) unsigned NOT NULL,
  `updatedBy` bigint(20) unsigned NOT NULL,
  `deleted` int(11) unsigned NOT NULL,
  `moduleIDs` varchar(100) NOT NULL,
  PRIMARY KEY (`idtb_permissions`),
  KEY `FK_tb_permissions_1` (`moduleIDs`),
  KEY `FK_tb_permissions_2` (`createdBy`),
  KEY `FK_tb_permissions_3` (`updatedBy`),
  CONSTRAINT `FK_tb_permissions_2` FOREIGN KEY (`createdBy`) REFERENCES `users` (`id`),
  CONSTRAINT `FK_tb_permissions_3` FOREIGN KEY (`updatedBy`) REFERENCES `users` (`id`)
) ENGINE=InnoDB AUTO_INCREMENT=23 DEFAULT CHARSET=latin1;

--
-- Dumping data for table `tb_permissions`
--

/*!40000 ALTER TABLE `tb_permissions` DISABLE KEYS */;
INSERT INTO `tb_permissions` (`idtb_permissions`,`permissionName`,`dateCreated`,`dateUpdated`,`createdBy`,`updatedBy`,`deleted`,`moduleIDs`) VALUES 
 (3,'BD permissions','2021-03-03 12:05:41','2021-03-03 12:05:41',1,1,0,'9'),
 (4,'Tech permissions','2021-03-03 12:08:25','2021-03-03 12:08:25',1,1,0,'32'),
 (8,'CEO permissions','2021-03-03 12:41:12','2021-03-03 12:41:12',1,1,0,'26'),
 (9,'Digital  permissions','2021-03-03 12:56:58','2021-03-03 12:56:58',1,1,0,'1'),
 (18,'CEO permissions','2021-03-04 09:01:29','2021-03-04 09:01:29',1,1,0,'manage clients,trial'),
 (19,'unique permisions','2021-03-09 09:33:46','2021-03-09 09:33:46',31,31,0,'2'),
 (20,'unique permisions','2021-03-09 09:33:46','2021-03-09 09:33:46',31,31,0,'4'),
 (21,'unique permisions','2021-03-09 09:33:46','2021-03-09 09:33:46',31,31,0,'5'),
 (22,'permission 44','2021-03-09 10:45:33','2021-03-09 10:45:33',31,31,0,'1,2,3,4,5,6,7,8,9,10,11,12,13,14,15,16,17,18,19,20,21,22,23,24,25,26,27,28,29,30,31,32,33,34,35');
/*!40000 ALTER TABLE `tb_permissions` ENABLE KEYS */;


--
-- Definition of table `tb_roles`
--

DROP TABLE IF EXISTS `tb_roles`;
CREATE TABLE `tb_roles` (
  `idtb_role` int(10) unsigned NOT NULL AUTO_INCREMENT,
  `roleName` varchar(45) NOT NULL,
  `dateCreated` datetime NOT NULL,
  `dateUpdated` datetime NOT NULL,
  `updatedBy` bigint(20) unsigned NOT NULL,
  `createdBy` bigint(20) unsigned NOT NULL,
  `deleted` int(11) unsigned NOT NULL,
  `permissionIDs` varchar(200) NOT NULL,
  PRIMARY KEY (`idtb_role`),
  KEY `FK_tb_roles_1` (`permissionIDs`) USING BTREE,
  KEY `FK_tb_roles_2` (`createdBy`),
  KEY `FK_tb_roles_3` (`updatedBy`),
  CONSTRAINT `FK_tb_roles_2` FOREIGN KEY (`createdBy`) REFERENCES `users` (`id`),
  CONSTRAINT `FK_tb_roles_3` FOREIGN KEY (`updatedBy`) REFERENCES `users` (`id`)
) ENGINE=InnoDB AUTO_INCREMENT=8 DEFAULT CHARSET=latin1;

--
-- Dumping data for table `tb_roles`
--

/*!40000 ALTER TABLE `tb_roles` DISABLE KEYS */;
INSERT INTO `tb_roles` (`idtb_role`,`roleName`,`dateCreated`,`dateUpdated`,`updatedBy`,`createdBy`,`deleted`,`permissionIDs`) VALUES 
 (1,'BD roles','2021-03-03 12:17:05','2021-03-03 12:17:05',1,1,0,'3'),
 (3,'Support role','2021-03-03 13:00:32','2021-03-03 13:00:32',1,1,0,'3'),
 (7,'Support role','2021-03-04 10:06:18','2021-03-04 10:06:18',1,1,0,'3,4,9');
/*!40000 ALTER TABLE `tb_roles` ENABLE KEYS */;


--
-- Definition of table `tb_usergroups`
--

DROP TABLE IF EXISTS `tb_usergroups`;
CREATE TABLE `tb_usergroups` (
  `idtb_Usergroups` int(10) unsigned NOT NULL AUTO_INCREMENT,
  `groupName` varchar(45) NOT NULL,
  `department` varchar(45) DEFAULT NULL,
  `head` int(11) unsigned DEFAULT NULL,
  `dateCreated` datetime DEFAULT NULL,
  `dateUpdated` datetime DEFAULT NULL,
  `updatedBy` bigint(20) unsigned DEFAULT NULL,
  `createdBy` bigint(20) unsigned DEFAULT NULL,
  `deleted` int(10) unsigned DEFAULT NULL,
  `roleIDs` varchar(100) DEFAULT NULL,
  PRIMARY KEY (`idtb_Usergroups`),
  KEY `FK_tb_usergroups_1` (`roleIDs`),
  KEY `FK_tb_usergroups_2` (`createdBy`),
  KEY `FK_tb_usergroups_3` (`updatedBy`),
  CONSTRAINT `FK_tb_usergroups_2` FOREIGN KEY (`createdBy`) REFERENCES `users` (`id`),
  CONSTRAINT `FK_tb_usergroups_3` FOREIGN KEY (`updatedBy`) REFERENCES `users` (`id`)
) ENGINE=InnoDB AUTO_INCREMENT=2 DEFAULT CHARSET=latin1;

--
-- Dumping data for table `tb_usergroups`
--

/*!40000 ALTER TABLE `tb_usergroups` DISABLE KEYS */;
INSERT INTO `tb_usergroups` (`idtb_Usergroups`,`groupName`,`department`,`head`,`dateCreated`,`dateUpdated`,`updatedBy`,`createdBy`,`deleted`,`roleIDs`) VALUES 
 (1,'Tech Admin','Technology',7,'2021-03-04 10:23:48','2021-03-04 10:23:48',1,1,0,'1,3');
/*!40000 ALTER TABLE `tb_usergroups` ENABLE KEYS */;


--
-- Definition of table `templates`
--

DROP TABLE IF EXISTS `templates`;
CREATE TABLE `templates` (
  `id` bigint(20) unsigned NOT NULL AUTO_INCREMENT,
  `name` varchar(255) COLLATE utf8mb4_unicode_ci NOT NULL,
  `template` text COLLATE utf8mb4_unicode_ci NOT NULL,
  `client_id` bigint(20) unsigned NOT NULL,
  `status` varchar(255) COLLATE utf8mb4_unicode_ci NOT NULL DEFAULT 'active',
  `created_at` timestamp NULL DEFAULT NULL,
  `updated_at` timestamp NULL DEFAULT NULL,
  `deleted_at` timestamp NULL DEFAULT NULL,
  PRIMARY KEY (`id`),
  KEY `templates_client_id_foreign` (`client_id`),
  CONSTRAINT `templates_client_id_foreign` FOREIGN KEY (`client_id`) REFERENCES `clients` (`id`)
) ENGINE=InnoDB DEFAULT CHARSET=utf8mb4 COLLATE=utf8mb4_unicode_ci;

--
-- Dumping data for table `templates`
--

/*!40000 ALTER TABLE `templates` DISABLE KEYS */;
/*!40000 ALTER TABLE `templates` ENABLE KEYS */;


--
-- Definition of table `timezones`
--

DROP TABLE IF EXISTS `timezones`;
CREATE TABLE `timezones` (
  `id` bigint(20) unsigned NOT NULL AUTO_INCREMENT,
  `timezone` varchar(255) COLLATE utf8mb4_unicode_ci NOT NULL,
  `label` varchar(255) COLLATE utf8mb4_unicode_ci NOT NULL,
  PRIMARY KEY (`id`)
) ENGINE=InnoDB DEFAULT CHARSET=utf8mb4 COLLATE=utf8mb4_unicode_ci;

--
-- Dumping data for table `timezones`
--

/*!40000 ALTER TABLE `timezones` DISABLE KEYS */;
/*!40000 ALTER TABLE `timezones` ENABLE KEYS */;


--
-- Definition of table `user_permissions`
--

DROP TABLE IF EXISTS `user_permissions`;
CREATE TABLE `user_permissions` (
  `permission_id` bigint(20) unsigned NOT NULL,
  `model_type` varchar(255) COLLATE utf8mb4_unicode_ci NOT NULL,
  `model_id` bigint(20) unsigned NOT NULL,
  PRIMARY KEY (`permission_id`,`model_id`,`model_type`),
  KEY `model_has_permissions_model_id_model_type_index` (`model_id`,`model_type`),
  CONSTRAINT `user_permissions_permission_id_foreign` FOREIGN KEY (`permission_id`) REFERENCES `permissions` (`id`) ON DELETE CASCADE
) ENGINE=InnoDB DEFAULT CHARSET=utf8mb4 COLLATE=utf8mb4_unicode_ci;

--
-- Dumping data for table `user_permissions`
--

/*!40000 ALTER TABLE `user_permissions` DISABLE KEYS */;
INSERT INTO `user_permissions` (`permission_id`,`model_type`,`model_id`) VALUES 
 (1,'common\\models\\User',1),
 (2,'common\\models\\User',1),
 (3,'common\\models\\User',1),
 (4,'common\\models\\User',1),
 (5,'common\\models\\User',1),
 (6,'common\\models\\User',1),
 (7,'common\\models\\User',1),
 (8,'common\\models\\User',1),
 (9,'common\\models\\User',1),
 (9,'common\\models\\User',13),
 (9,'common\\models\\User',14),
 (10,'common\\models\\User',1),
 (10,'common\\models\\User',13),
 (10,'common\\models\\User',14),
 (10,'common\\models\\User',31);
/*!40000 ALTER TABLE `user_permissions` ENABLE KEYS */;


--
-- Definition of table `user_roles`
--

DROP TABLE IF EXISTS `user_roles`;
CREATE TABLE `user_roles` (
  `role_id` bigint(20) unsigned NOT NULL,
  `model_type` varchar(255) COLLATE utf8mb4_unicode_ci NOT NULL,
  `model_id` bigint(20) unsigned NOT NULL,
  PRIMARY KEY (`role_id`,`model_id`,`model_type`),
  KEY `model_has_roles_model_id_model_type_index` (`model_id`,`model_type`),
  CONSTRAINT `user_roles_role_id_foreign` FOREIGN KEY (`role_id`) REFERENCES `roles` (`id`) ON DELETE CASCADE
) ENGINE=InnoDB DEFAULT CHARSET=utf8mb4 COLLATE=utf8mb4_unicode_ci;

--
-- Dumping data for table `user_roles`
--

/*!40000 ALTER TABLE `user_roles` DISABLE KEYS */;
INSERT INTO `user_roles` (`role_id`,`model_type`,`model_id`) VALUES 
 (1,'common\\models\\User',1);
/*!40000 ALTER TABLE `user_roles` ENABLE KEYS */;


--
-- Definition of table `users`
--

DROP TABLE IF EXISTS `users`;
CREATE TABLE `users` (
  `id` bigint(20) unsigned NOT NULL AUTO_INCREMENT,
  `username` varchar(255) COLLATE utf8mb4_unicode_ci NOT NULL,
  `auth_key` varchar(255) COLLATE utf8mb4_unicode_ci DEFAULT NULL,
  `name` varchar(255) COLLATE utf8mb4_unicode_ci NOT NULL,
  `phone` varchar(200) COLLATE utf8mb4_unicode_ci DEFAULT NULL,
  `password_hash` varchar(255) COLLATE utf8mb4_unicode_ci DEFAULT NULL,
  `password_reset_token` varchar(255) COLLATE utf8mb4_unicode_ci DEFAULT NULL,
  `client_id` bigint(20) unsigned DEFAULT NULL,
  `role_id` varchar(200) COLLATE utf8mb4_unicode_ci DEFAULT NULL,
  `email` varchar(255) COLLATE utf8mb4_unicode_ci NOT NULL,
  `email_verified_at` timestamp NULL DEFAULT NULL,
  `phone_verified_at` timestamp NULL DEFAULT NULL,
  `timezone` varchar(255) COLLATE utf8mb4_unicode_ci NOT NULL DEFAULT 'UTC',
  `code` varchar(10) COLLATE utf8mb4_unicode_ci DEFAULT NULL,
  `requires_2fa` tinyint(1) DEFAULT 0,
  `remember_token` varchar(100) COLLATE utf8mb4_unicode_ci DEFAULT NULL,
  `verification_token` varchar(100) COLLATE utf8mb4_unicode_ci DEFAULT NULL,
  `status` varchar(255) COLLATE utf8mb4_unicode_ci NOT NULL DEFAULT 'active',
  `created_at` timestamp NULL DEFAULT NULL,
  `receive_summary_reports` tinyint(1) NOT NULL DEFAULT 0,
  `receive_monthly_reports` tinyint(1) NOT NULL DEFAULT 0,
  `updated_at` timestamp NULL DEFAULT NULL,
  `deleted_at` timestamp NULL DEFAULT NULL,
  `roleDetails` varchar(45) COLLATE utf8mb4_unicode_ci NOT NULL,
  `departmentID` int(10) unsigned DEFAULT NULL,
  PRIMARY KEY (`id`),
  UNIQUE KEY `users_email_unique` (`email`),
  UNIQUE KEY `users_username_unique` (`username`),
  KEY `users_client_id_foreign` (`client_id`),
  KEY `FK_users_2` (`departmentID`),
  CONSTRAINT `FK_users_2` FOREIGN KEY (`departmentID`) REFERENCES `departments` (`iddepartments`),
  CONSTRAINT `users_client_id_foreign` FOREIGN KEY (`client_id`) REFERENCES `clients` (`id`)
) ENGINE=InnoDB AUTO_INCREMENT=39 DEFAULT CHARSET=utf8mb4 COLLATE=utf8mb4_unicode_ci;

--
-- Dumping data for table `users`
--

/*!40000 ALTER TABLE `users` DISABLE KEYS */;
INSERT INTO `users` (`id`,`username`,`auth_key`,`name`,`phone`,`password_hash`,`password_reset_token`,`client_id`,`role_id`,`email`,`email_verified_at`,`phone_verified_at`,`timezone`,`code`,`requires_2fa`,`remember_token`,`verification_token`,`status`,`created_at`,`receive_summary_reports`,`receive_monthly_reports`,`updated_at`,`deleted_at`,`roleDetails`,`departmentID`) VALUES 
 (1,'mtech','FdERxwqahm7VWgB5_h5-UBB8X6RXCO8k','SuperAdmin',NULL,'$2y$13$lsKRsI5nnva.Dp6nL0bUZOwK/MaX6T9hfODU/B5.OPu1n8IgKlY5G',NULL,NULL,NULL,'admin@mtechcomm.co.ke',NULL,NULL,'UTC','498833',0,NULL,NULL,'active','2020-06-24 11:51:25',0,0,'2020-11-06 11:30:10',NULL,'0',1),
 (2,'lmwangi','io44bZElzj9fClDYTOjlF3bkoxHtLQ9w','Luke Mwangi','254725391340','$2y$13$lsKRsI5nnva.Dp6nL0bUZOwK/MaX6T9hfODU/B5.OPu1n8IgKlY5G',NULL,NULL,'1','lmwangi@mtechcomm.co.ke',NULL,NULL,'Africa/Nairobi',NULL,0,NULL,'16umOSMsOXHBx1kSQoll9CnXE29-fdnN_1592989914','inactive','2020-06-24 12:11:54',0,0,'2020-07-18 11:03:36',NULL,'0',1),
 (3,'kkibet','ML0BjbFuyl7z-tmMGxs3YFaLXqfujFkY','Kibet Kipchirchir','254705595011','$2y$13$lsKRsI5nnva.Dp6nL0bUZOwK/MaX6T9hfODU/B5.OPu1n8IgKlY5G',NULL,NULL,'1','kkibet@mtechcomm.com','2020-06-24 12:30:08',NULL,'Africa/Nairobi',NULL,0,NULL,'w2vpeMoUHLRAM3RldDt9J_XREqlIzlCZ_1592990895','active','2020-06-24 12:28:14',0,0,'2020-07-18 11:03:12',NULL,'0',1),
 (4,'isaacadmin','FdERxwqahm7VWgB5_h5-UBB8X6RXCO8k','Isaac wambugu','254712723648','$2y$13$lsKRsI5nnva.Dp6nL0bUZOwK/MaX6T9hfODU/B5.OPu1n8IgKlY5G',NULL,NULL,NULL,'imutahi@mtechcomm.co.ke','2020-06-24 12:51:30',NULL,'Africa/Nairobi',NULL,0,NULL,'qKiDq4BnL7HLnmXAWQsoLEI2bnZYQCGd_1592990928','active','2020-06-24 12:28:47',0,0,'2020-07-17 14:31:20',NULL,'0',1),
 (5,'lkaruu','VajtEt8thiPpAL6EvsJoWDN9v7JqUv9M','Luke Mwangi','254725391340','$2y$13$lsKRsI5nnva.Dp6nL0bUZOwK/MaX6T9hfODU/B5.OPu1n8IgKlY5G',NULL,NULL,'super-admin Roles','lmwangi@mtechcomm.com','2020-06-24 14:14:56',NULL,'Africa/Nairobi',NULL,0,NULL,'YMIxTbgzrMFa5pATuMojz_KLRNjumL4n_1592997247','active','2020-06-24 14:14:07',0,0,'2020-11-12 08:08:31',NULL,'0',1),
 (6,'iwambugu','o6LlLkSfb3j_LPNkhQ5o76I5mO8kflNQ','isaacadmin','254712723648','$2y$13$lsKRsI5nnva.Dp6nL0bUZOwK/MaX6T9hfODU/B5.OPu1n8IgKlY5G',NULL,NULL,'accounts Roles','isaacwambugu7@gmail.com','2020-06-24 15:59:03',NULL,'Africa/Nairobi',NULL,0,NULL,'IW2GgU_vlgd1Tb6QFWAVouvK0sVUIl_c_1593003495','active','2020-06-24 15:58:14',0,0,'2020-10-16 15:34:08',NULL,'0',1),
 (7,'hbundi','FdERxwqahm7VWgB5_h5-UBB8X6RXCO8k','Henry Bundi','254726789778','$2y$13$lsKRsI5nnva.Dp6nL0bUZOwK/MaX6T9hfODU/B5.OPu1n8IgKlY5G',NULL,NULL,'0','hbundi@mtechcomm.co.ke','2020-06-25 10:42:28',NULL,'Africa/Nairobi',NULL,0,NULL,'Gg4ODqq5U6ObW8mPy0BP3VqmAZnSjOLA_1593070331','active','2020-06-25 10:32:11',0,0,'2020-06-25 10:42:28',NULL,'1',1),
 (8,'gmakori','9gBpGi6qw9Z2POEiVkbE9HVdtaimYMAf','Godfrey Makari','254708147771','$2y$13$lsKRsI5nnva.Dp6nL0bUZOwK/MaX6T9hfODU/B5.OPu1n8IgKlY5G',NULL,NULL,'accounts Roles','gmakori@mtechcomm.co.ke','2020-06-25 11:15:36',NULL,'Africa/Nairobi',NULL,0,NULL,'4BSO1wuhr4wfM8lhKK_s1nr3yirSQ_5O_1593072897','active','2020-06-25 11:14:56',0,0,'2020-08-28 10:41:38',NULL,'0',1),
 (9,'klemmy','pvsbPlQynVN0prg5zBkU5CXZ7CTI5ed_','Lemmy Kimani','254722347972','$2y$13$lsKRsI5nnva.Dp6nL0bUZOwK/MaX6T9hfODU/B5.OPu1n8IgKlY5G',NULL,NULL,'1','klemmy@mtechcomm.co.ke','2020-06-29 12:19:53',NULL,'Africa/Nairobi',NULL,0,NULL,'w8Cd9tKvAvFtr3F8YQZG3bHDkAx3-20b_1593422295','active','2020-06-29 12:18:15',0,0,'2020-07-15 11:37:57',NULL,'0',1),
 (10,'izowambugu','fAfILsAteRBg3dDJT6IWKKitp_2u3Y-U','Isaac wambugu','254712723648','$2y$13$lsKRsI5nnva.Dp6nL0bUZOwK/MaX6T9hfODU/B5.OPu1n8IgKlY5G',NULL,NULL,'client-user','kiethmuta2008@gmail.com','2020-06-29 15:26:38',NULL,'Africa/Nairobi',NULL,0,NULL,'S6OG7o7WbsjSgDRElz5A149rAkvJnNd0_1593433040','active','2020-06-29 15:17:19',0,0,'2020-10-16 15:35:55',NULL,'0',1),
 (11,'wwarero','ki5XvxvcBFoSWpS6dVFv0nI9IS2cyMyg',' William Warero','254721594190','$2y$13$lsKRsI5nnva.Dp6nL0bUZOwK/MaX6T9hfODU/B5.OPu1n8IgKlY5G',NULL,NULL,'1','wwarero@mtechcomm.co.ke',NULL,NULL,'Africa/Nairobi',NULL,0,NULL,'ncTe4RXCcQ_TCrSYM_pEkQ6bCc3AOu6F_1593522398','active','2020-06-30 16:06:38',0,0,'2020-07-06 12:53:09',NULL,'0',1),
 (12,'jgitau','1FmLC-TqAuo6L4JeuttyRy5D6nHz-3nJ','Joy Gitau','254717123776','$2y$13$lsKRsI5nnva.Dp6nL0bUZOwK/MaX6T9hfODU/B5.OPu1n8IgKlY5G',NULL,NULL,'0','jgitau@mtechcomm.co.ke','2020-06-30 18:06:06',NULL,'Africa/Nairobi',NULL,0,NULL,'P4ZRGwuQpqnJkFnzLOk-fDc6TuoVYeYD_1593522609','active','2020-06-30 16:10:08',0,0,'2020-06-30 18:06:06',NULL,'0',1),
 (13,'sgathoni','4MwEOaC5W9dM7IDjCaIwsR91N0A8rXLh','Serah Gathoni','254712068855','$2y$13$lsKRsI5nnva.Dp6nL0bUZOwK/MaX6T9hfODU/B5.OPu1n8IgKlY5G',NULL,NULL,'1','sgathoni@mtechcomm.co.ke','2020-07-01 11:22:24',NULL,'Africa/Nairobi',NULL,0,NULL,'3uyjX1B9sKzu9Bl33L54fs-P6zYhMuon_1593589038','active','2020-07-01 10:37:17',0,0,'2020-07-01 11:22:24',NULL,'0',1),
 (14,'gtheuri','HxuSmebBS6oHPHqqexdlg7Esg2XY_O7s','Grace Theuri','254723565440','$2y$13$lsKRsI5nnva.Dp6nL0bUZOwK/MaX6T9hfODU/B5.OPu1n8IgKlY5G',NULL,NULL,'1','gtheuri@mtechcomm.co.ke','2020-07-02 12:15:33',NULL,'Africa/Nairobi',NULL,0,NULL,'Fx7MB4K5jrtukbOzcqgzRq1bkPZLZ84D_1593589171','active','2020-07-01 10:39:31',0,0,'2020-07-02 12:15:33',NULL,'0',1),
 (16,'JMwangoe','siI3vBPGNjyVLrKMO0BU34WummL2g8ZV','Judith K. Mwangoe','254722624990','$2y$13$lsKRsI5nnva.Dp6nL0bUZOwK/MaX6T9hfODU/B5.OPu1n8IgKlY5G',NULL,NULL,'1','JMwangoe@ipsl.co.ke',NULL,NULL,'Africa/Nairobi',NULL,0,NULL,'hDSYuZ6zZKZbBeSGyieZCFjNXFwnsp_2_1594412116','inactive','2020-07-10 23:15:15',1,0,'2020-07-15 13:42:49',NULL,'0',1),
 (17,'ipsl','','ipsl','0','$2y$13$lsKRsI5nnva.Dp6nL0bUZOwK/MaX6T9hfODU/B5.OPu1n8IgKlY5G',NULL,NULL,'0','ipsl@ipsl.co.ke',NULL,NULL,'Africa/Nairobi',NULL,0,NULL,'','active','2020-07-11 00:02:44',0,0,NULL,NULL,'0',1),
 (18,'LNjenga','7U3VKduLKrLmdzIrIouwDc0cxZRJm2Ea','Lucy Njenga','254721448153','$2y$13$lsKRsI5nnva.Dp6nL0bUZOwK/MaX6T9hfODU/B5.OPu1n8IgKlY5G',NULL,3,'can-approve-schedule-sms','LNjenga@IPSL.CO.KE','2020-07-16 08:28:23',NULL,'Africa/Nairobi',NULL,0,NULL,'NH8r_Kq9sKsHqz_qZljfxK18XBVg-Mxv_1594415634','active','2020-07-11 00:13:54',1,0,'2020-07-16 08:28:23',NULL,'',1),
 (19,'PMuiruri','aPfRkhZxck0DYlQBfJpMPQYKwRvkqAqe','Peter Muiruru','254703938147','$2y$13$lsKRsI5nnva.Dp6nL0bUZOwK/MaX6T9hfODU/B5.OPu1n8IgKlY5G',NULL,NULL,'1','pmuiruri@ipsl.co.ke','2020-07-11 10:04:59',NULL,'Africa/Nairobi',NULL,0,NULL,'JJofnspKyjPPCEqABWs9H3KACi9lZCZn_1594448844','active','2020-07-11 09:27:23',1,0,'2020-07-15 13:41:58',NULL,'0',1),
 (20,'RNgari','fa9WaRa8OoC1OUwwvJBoItDMei_xP9HJ','Richard Ngari','254703938147','$2y$13$lsKRsI5nnva.Dp6nL0bUZOwK/MaX6T9hfODU/B5.OPu1n8IgKlY5G',NULL,NULL,'1','rngari@ipsl.co.ke','2020-07-11 11:04:18',NULL,'Africa/Nairobi',NULL,0,NULL,'9qvJHLpJ2sgJX1rfOg5PZuTz0wd-nmZF_1594448924','active','2020-07-11 09:28:43',1,0,'2020-07-15 13:41:38',NULL,'0',1),
 (21,'MWanjira','yqos287V53PCO7zMrwkCN-Umq6--Vqda','Maxwell Wanjira','254703938147','$2y$13$lsKRsI5nnva.Dp6nL0bUZOwK/MaX6T9hfODU/B5.OPu1n8IgKlY5G',NULL,NULL,'1','mwanjira@ipsl.co.ke','2020-07-11 09:32:58',NULL,'Africa/Nairobi',NULL,0,NULL,'jMMjeRiTScLute6xcFLUe65WRqTVhV-g_1594449133','active','2020-07-11 09:32:13',1,0,'2020-07-15 13:41:10',NULL,'0',1),
 (22,'RAkhusama','K_WoO8CqDsKyGgPvKGOM3ky6amtUgVpC','Roy Akhusama','254703938147','$2y$13$lsKRsI5nnva.Dp6nL0bUZOwK/MaX6T9hfODU/B5.OPu1n8IgKlY5G',NULL,NULL,'1','rakhusama@ipsl.co.ke','2020-07-11 16:54:48',NULL,'Africa/Nairobi',NULL,0,NULL,'UPbjprwoYsJK1oAs8ZkM3qSqeBgSi4WI_1594449180','active','2020-07-11 09:33:00',1,0,'2020-07-15 13:40:49',NULL,'0',1),
 (23,'RMaingi','VA5Svu6Cc1UKeSYqnTfsWW6dudPCr4jX','Rose Maingi','254703938147','$2y$13$lsKRsI5nnva.Dp6nL0bUZOwK/MaX6T9hfODU/B5.OPu1n8IgKlY5G',NULL,NULL,'1','rmaingi@ipsl.co.ke',NULL,NULL,'Africa/Nairobi',NULL,0,NULL,'mcZZ_aQhCwvTX267Vk9Aw8wHo4FahO1c_1594449237','inactive','2020-07-11 09:33:56',1,0,'2020-07-15 13:40:34',NULL,'0',1),
 (24,'DNjoroge','-fOA8dil0kEGBlE6CZ8HiJBdbYHHWgDC','David Njoroge','254703938147','$2y$13$lsKRsI5nnva.Dp6nL0bUZOwK/MaX6T9hfODU/B5.OPu1n8IgKlY5G',NULL,NULL,'1','dnjoroge@ipsl.co.ke',NULL,NULL,'Africa/Nairobi',NULL,0,NULL,'ku1MDyabhKfRfSO26tZ_CziZiOGk7nG-_1594449287','inactive','2020-07-11 09:34:46',1,0,'2020-07-15 13:40:18',NULL,'0',1),
 (25,'GOtieno','36qBUlLvFIqhYb0LeGSQeZIoZLnME_Ka','Gordon Otieno','254703938147','$2y$13$lsKRsI5nnva.Dp6nL0bUZOwK/MaX6T9hfODU/B5.OPu1n8IgKlY5G',NULL,NULL,'1','gotieno@ipsl.co.ke',NULL,NULL,'Africa/Nairobi',NULL,0,NULL,'gZWN-dafPaPfXmSSGgT7w0uJb2z4k2vE_1594449332','inactive','2020-07-11 09:35:32',1,0,'2020-07-15 13:39:58',NULL,'0',1),
 (26,'FOmondi','T62k2CA5gNjz5G2IqoxhbSCPiLnVr4Dx','Felix Omondi','254703938147','$2y$13$lsKRsI5nnva.Dp6nL0bUZOwK/MaX6T9hfODU/B5.OPu1n8IgKlY5G',NULL,NULL,'1','fomondi@ipsl.co.ke','2020-07-13 08:17:01',NULL,'Africa/Nairobi',NULL,0,NULL,'H-L09uiiBaBxCdfegehF3JZhrN27yDNZ_1594449458','active','2020-07-11 09:37:38',1,0,'2020-07-15 13:39:41',NULL,'0',1),
 (27,'Snjagi','1Qrng9e3qP0OrME2sn5wy-wTmbtSQ1Nr','Samuel Njagi','254703938147','$2y$13$lsKRsI5nnva.Dp6nL0bUZOwK/MaX6T9hfODU/B5.OPu1n8IgKlY5G',NULL,NULL,'1','Snjagi@ipsl.co.ke','2020-07-15 10:40:28',NULL,'Africa/Nairobi',NULL,0,NULL,'BIwMiZza2hW-qcBnDMKTEPbF0c3AEZQ5_1594798720','active','2020-07-15 10:38:40',1,0,'2020-07-15 13:39:24',NULL,'0',1),
 (28,'MOoko','UCZm9G-hMrhIi2kMncxLtAZHVbDtxakI','Michael Ooko','254703938147','$2y$13$lsKRsI5nnva.Dp6nL0bUZOwK/MaX6T9hfODU/B5.OPu1n8IgKlY5G',NULL,NULL,'1','mooko@ipsl.co.ke','2020-07-15 10:56:35',NULL,'Africa/Nairobi',NULL,0,NULL,'qewfVu1iuN1mUxO8-0zztG6uACJVkx5L_1594799369','active','2020-07-15 10:49:29',1,0,'2020-07-15 13:39:10',NULL,'0',1),
 (29,'SOwoeye','_F89ILQEeXH8sgNi6Dt78vj5zWfuPDSb','Seun Owoeye','254703938147','$2y$13$lsKRsI5nnva.Dp6nL0bUZOwK/MaX6T9hfODU/B5.OPu1n8IgKlY5G',NULL,NULL,'1','sowoeye@ipsl.co.ke',NULL,NULL,'Africa/Nairobi',NULL,0,NULL,'K_Rn2tWTTgXvTt40lCMnwxoBgK_NuYyp_1594799448','inactive','2020-07-15 10:50:47',1,0,'2020-07-15 13:38:58',NULL,'0',1),
 (30,'w.warero','rn72uewN-ICROA9K2ecEoUMBDzXcTLBW','Billy Warero','254721594190','$2y$13$lsKRsI5nnva.Dp6nL0bUZOwK/MaX6T9hfODU/B5.OPu1n8IgKlY5G',NULL,NULL,'1','wwarero@mtechcomm.com','2020-07-15 14:02:49',NULL,'Africa/Nairobi',NULL,0,NULL,'eoHq8p0_pJRAlQr-pm0poWLArOPATW9N_1594810934','active','2020-07-15 14:02:14',0,0,'2020-07-15 14:02:49',NULL,'0',1),
 (31,'wchesire','FdERxwqahm7VWgB5_h5-UBB8X6RXCO8k','William Chesire','254721761669','$2y$13$lsKRsI5nnva.Dp6nL0bUZOwK/MaX6T9hfODU/B5.OPu1n8IgKlY5G',NULL,3,'can-approve-route-selling-price','wchesire@mtechcomm.co.ke','2020-07-15 15:30:15',NULL,'Africa/Nairobi',NULL,0,NULL,'jhGSGNWibmqGFilDK51rhKhmbD4mR0hz_1594812950','active','2020-07-15 14:35:50',0,0,'2020-10-15 15:11:08',NULL,'0',1),
 (32,'Amina','xC64GaKuQXUu5Es3AuZknyD-wGaIASGI','Amina Kilwe','254712798140','$2y$13$lsKRsI5nnva.Dp6nL0bUZOwK/MaX6T9hfODU/B5.OPu1n8IgKlY5G',NULL,NULL,'0','akilwe@kentrade.go.ke',NULL,NULL,'Africa/Nairobi',NULL,0,NULL,'wawxPsyF-8_fUadvMxTSRXCYojPCryRV_1595321678','inactive','2020-07-21 11:54:38',0,0,NULL,NULL,'0',1),
 (33,'Rosey','kzUT-dQrN_BgIbLZ0rgI9UBDIZWiZz9M','Rosemary maina','254712199834','$2y$13$lsKRsI5nnva.Dp6nL0bUZOwK/MaX6T9hfODU/B5.OPu1n8IgKlY5G',NULL,NULL,'0','rmaina@kentrade.go.ke',NULL,NULL,'Africa/Nairobi',NULL,0,NULL,'q8ufgboLotRuJfmTWjDTwfVzQVnCi60l_1595321747','inactive','2020-07-21 11:55:47',0,0,NULL,NULL,'0',1),
 (34,'bundi','','ipsl','0','$2y$13$lsKRsI5nnva.Dp6nL0bUZOwK/MaX6T9hfODU/B5.OPu1n8IgKlY5G',NULL,NULL,'0','bundi@ipsl.co.ke',NULL,NULL,'Africa/Nairobi',NULL,0,NULL,'','active','2020-07-21 13:45:21',0,0,NULL,NULL,'0',1),
 (35,'wambugu','rNCCR_mIefdpXXEJIieTddqyxy_rx5Wg','wambugu','254712723648','$2y$13$lsKRsI5nnva.Dp6nL0bUZOwK/MaX6T9hfODU/B5.OPu1n8IgKlY5G',NULL,NULL,'super-admin Roles','wambuguapps@gmail.com',NULL,NULL,'Africa/Nairobi',NULL,0,NULL,'rZp58VmPsVIhccFh-Ut2sDBEkRkJfw4Z_1598598994','active','2020-08-28 07:16:34',1,1,'2020-10-23 12:05:15',NULL,'0',1),
 (36,'mmukami','XKIcy7CG3kWuekcn5r28i62Q1OggUGOX','Minnie Mukami','254718265731','$2y$13$lsKRsI5nnva.Dp6nL0bUZOwK/MaX6T9hfODU/B5.OPu1n8IgKlY5G',NULL,NULL,'super-admin Roles','mmukami@mtechcomm.co.ke','2020-10-21 09:50:08',NULL,'Africa/Nairobi',NULL,0,NULL,'LbjrkhvlmCM33W8Ezx1b3BmGH5HiMrlv_1603262993','active','2020-10-21 06:49:53',0,0,'2020-10-22 11:10:18',NULL,'0',1),
 (37,'Minnie','O81cILHtDREcdgZ2-36LthRXAUuSl1-H','Minnie Mukami','254718265731','$2y$13$lsKRsI5nnva.Dp6nL0bUZOwK/MaX6T9hfODU/B5.OPu1n8IgKlY5G',NULL,NULL,'1','minniemukami@gmail.com','2020-10-22 11:15:09',NULL,'Africa/Nairobi',NULL,0,NULL,'nQM_qqTo4cczxGCGlzwAQnzCNFgmgizO_1603354322','active','2020-10-22 08:12:01',0,0,'2020-10-22 11:15:09',NULL,'0',1),
 (38,'ClientApprover','7U3VKduLKrLmdzIrIouwDc0cxZRJm2Ea','Sms Scheduler Approver','254721448153','$2y$13$lsKRsI5nnva.Dp6nL0bUZOwK/MaX6T9hfODU/B5.OPu1n8IgKlY5G',NULL,NULL,'can-approve-schedule-sms','LNjenga2@IPSL.CO.KE','2020-07-13 08:17:01',NULL,'Africa/Nairobi',NULL,0,NULL,'16umOSMsOXHBx1kSQoll9CnXE29-fdnN_1592989914','active','2020-07-21 11:55:47',1,0,'2020-10-22 11:10:18',NULL,'0',1);
/*!40000 ALTER TABLE `users` ENABLE KEYS */;


--
-- Definition of table `workflow`
--

DROP TABLE IF EXISTS `workflow`;
CREATE TABLE `workflow` (
  `id` bigint(20) unsigned NOT NULL AUTO_INCREMENT,
  `name` varchar(255) COLLATE utf8mb4_unicode_ci NOT NULL,
  `model_name` varchar(255) COLLATE utf8mb4_unicode_ci DEFAULT NULL,
  `model_id` int(11) DEFAULT NULL,
  `client_id` int(11) DEFAULT NULL,
  `initiator_id` int(11) NOT NULL,
  `details` text COLLATE utf8mb4_unicode_ci NOT NULL,
  `status` varchar(255) COLLATE utf8mb4_unicode_ci NOT NULL DEFAULT 'Pending',
  `comments` text COLLATE utf8mb4_unicode_ci DEFAULT NULL,
  `approvers_ids` varchar(255) COLLATE utf8mb4_unicode_ci NOT NULL,
  `approved_by_id` int(11) DEFAULT NULL,
  `created_at` timestamp NULL DEFAULT NULL,
  `updated_at` timestamp NULL DEFAULT NULL,
  `deleted_at` timestamp NULL DEFAULT NULL,
  PRIMARY KEY (`id`)
) ENGINE=InnoDB AUTO_INCREMENT=123 DEFAULT CHARSET=utf8mb4 COLLATE=utf8mb4_unicode_ci;

--
-- Dumping data for table `workflow`
--

/*!40000 ALTER TABLE `workflow` DISABLE KEYS */;
INSERT INTO `workflow` (`id`,`name`,`model_name`,`model_id`,`client_id`,`initiator_id`,`details`,`status`,`comments`,`approvers_ids`,`approved_by_id`,`created_at`,`updated_at`,`deleted_at`) VALUES 
 (1,'Buying Price Setup','common\\models\\BuyingPriceSetup',1,1,1,'{\"Route Name\":\"HTTP_SMSC_SAFARICOM_V2_LOCAL\",\"Network\":\"SAFARICOM\",\"Buying Price\":\"0.4\"}','Approved','Ok','1',1,'2020-06-24 12:06:21','2020-06-24 12:06:21',NULL),
 (2,'Buying Price Setup','common\\models\\BuyingPriceSetup',2,1,1,'{\"Route Name\":\"HTTP_SMSC_SAFARICOM_V2_INTER\",\"Network\":\"SAFARICOM\",\"Buying Price\":\"1\"}','Approved','Ok','1',1,'2020-06-24 12:06:43','2020-06-24 12:06:43',NULL),
 (3,'Default Route Mapping','common\\models\\RouteMappingDefault',1,NULL,1,'{\"Route Name\":\"HTTP_SMSC_SAFARICOM_V2_LOCAL\",\"Network\":\"SAFARICOM\",\"Buying Price\":\"0.40\",\"Selling Price\":\"0.9\"}','Approved','OK','1',1,'2020-06-24 12:07:31','2020-06-24 12:07:31',NULL),
 (4,'sender ID','common\\models\\ClientSenderIds',1,1,1,'{\"ClientName\":\"IPSL \",\"SenderID\":\"PESALINK\"}','Approved','Ok','1',1,'2020-06-24 12:10:25','2020-06-24 12:10:25',NULL),
 (5,'Post paid client','common\\models\\Clients',1,1,1,'{\"ClientName\":\"IPSL \"}','Approved','Ok','1',1,'2020-06-24 16:15:26','2020-06-24 16:15:26',NULL),
 (6,'sender ID','common\\models\\ClientSenderIds',2,2,1,'{\"ClientName\":\"MTech LTD\",\"SenderID\":\"MTECH\"}','Approved','Ok','1',1,'2020-06-25 11:22:47','2020-06-25 11:22:47',NULL),
 (7,'Buying Price Setup','common\\models\\BuyingPriceSetup',3,1,1,'{\"Route Name\":\"AIRTELKE_ECP_TRANSACTIONAL\",\"Network\":\"AIRTEL\",\"Buying Price\":\"1\"}','Approved','Approved','1',1,'2020-06-26 12:40:50','2020-06-26 12:40:50',NULL),
 (8,'Default Route Mapping','common\\models\\RouteMappingDefault',2,NULL,1,'{\"Route Name\":\"AIRTELKE_ECP_TRANSACTIONAL\",\"Network\":\"AIRTEL\",\"Buying Price\":\"1.00\",\"Selling Price\":\"1\"}','Approved','Approved','1',1,'2020-06-26 12:41:23','2020-06-26 12:41:23',NULL),
 (9,'Allocate funds','common\\models\\Payments',10,2,1,'{\"Title\":\" Funds allocation\",\"ClientName\":\"MTech LTD\",\"AccountNo\":\"ACC-0002\",\"Amount\":\"5\",\"Currency\":\"Kenyan Shillings\",\"ReferenceNo\":\"DD443AS\",\"transaction_time\":\"2020-06-29 11:25:01\"}','Approved','Approved','1',1,'2020-06-29 11:24:01','2020-06-29 11:24:01',NULL),
 (10,'Allocate funds','common\\models\\Payments',11,2,1,'{\"Title\":\" Funds allocation\",\"ClientName\":\"MTech LTD\",\"AccountNo\":\"ACC-0002\",\"Amount\":\"5\",\"Currency\":\"Kenyan Shillings\",\"ReferenceNo\":\"DF4054A\",\"transaction_time\":\"2020-06-29 11:25:26\"}','Rejected','Rejected','1',1,'2020-06-29 11:27:28','2020-06-29 11:27:28',NULL),
 (11,'Post paid client','common\\models\\Clients',3,3,1,'{\"ClientName\":\"Mtech Ltd (Postpay)\"}','Approved','Approved','1',1,'2020-06-29 15:15:17','2020-06-29 15:15:17',NULL),
 (12,'sender ID','common\\models\\ClientSenderIds',3,3,1,'{\"ClientName\":\"Mtech Ltd (Postpay)\",\"SenderID\":\"MTECH\"}','Approved','Approved','1',1,'2020-06-29 15:38:02','2020-06-29 15:38:02',NULL),
 (13,'Allocate funds','common\\models\\Payments',14,2,1,'{\"Title\":\" Funds allocation\",\"ClientName\":\"MTech LTD\",\"AccountNo\":\"ACC-0002\",\"Amount\":\"5\",\"Currency\":\"Kenyan Shillings\",\"ReferenceNo\":\"FGFDG3453!\",\"transaction_time\":\"2020-07-01 10:55:42\"}','Pending',NULL,'13',0,'2020-07-01 10:57:42','2020-07-01 10:57:42',NULL),
 (14,'Allocate funds','common\\models\\Payments',23,2,1,'{\"Title\":\" Funds allocation\",\"ClientName\":\"MTech LTD\",\"AccountNo\":\"ACC-0002\",\"Amount\":\"100\",\"Currency\":\"Kenyan Shillings\",\"ReferenceNo\":\"DFGG86965F\",\"transaction_time\":\"2020-07-07 13:55:30\"}','Pending',NULL,'13',0,'2020-07-07 14:00:34','2020-07-07 14:00:34',NULL),
 (15,'Route Mapping','common\\models\\RouteMapping',3,2,1,'{\"Client Name\":\"MTech LTD\",\"Route Name\":\"HTTP_SMSC_SAFARICOM_V2_LOCAL\",\"Sender Id\":\"MTECH\",\"Network\":\"SAFARICOM\",\"Buying Price\":\"0.40\",\"Selling Price\":\"1.0\"}','Approved','Approved','1',1,'2020-07-09 11:27:03','2020-07-09 11:27:03',NULL),
 (16,'Route Mapping','common\\models\\RouteMapping',4,2,1,'{\"Client Name\":\"MTech LTD\",\"Route Name\":\"HTTP_SMSC_SAFARICOM_V2_LOCAL\",\"Sender Id\":\"MTECH\",\"Network\":\"SAFARICOM\",\"Buying Price\":\"0.40\",\"Selling Price\":\"2.0000\"}','Approved','','1',1,'2020-07-09 12:13:18','2020-07-09 12:13:18',NULL),
 (17,'Buying Price Setup','common\\models\\BuyingPriceSetup',4,1,1,'{\"Route Name\":\"EQUITEL_HTTP\",\"Network\":\"EQUITEL\",\"Buying Price\":\"0.3\"}','Approved','','1',1,'2020-07-10 18:40:48','2020-07-10 18:40:48',NULL),
 (18,'Buying Price Setup','common\\models\\BuyingPriceSetup',5,1,1,'{\"Route Name\":\"TELKOM_TRX\",\"Network\":\"TELKOM\",\"Buying Price\":\"0.4\"}','Approved','','1',1,'2020-07-10 18:41:14','2020-07-10 18:41:14',NULL),
 (19,'Default Route Mapping','common\\models\\RouteMappingDefault',5,NULL,1,'{\"Route Name\":\"EQUITEL_HTTP\",\"Network\":\"EQUITEL\",\"Buying Price\":\"0.30\",\"Selling Price\":\"1\"}','Approved','','1',1,'2020-07-10 18:44:29','2020-07-10 18:44:29',NULL),
 (20,'Default Route Mapping','common\\models\\RouteMappingDefault',6,NULL,1,'{\"Route Name\":\"TELKOM_TRX\",\"Network\":\"TELKOM\",\"Buying Price\":\"0.40\",\"Selling Price\":\"1\"}','Approved','','1',1,'2020-07-10 18:44:58','2020-07-10 18:44:58',NULL),
 (21,'Route Mapping','common\\models\\RouteMapping',7,1,1,'{\"Client Name\":\"IPSL \",\"Route Name\":\"HTTP_SMSC_SAFARICOM_V2_LOCAL\",\"Sender Id\":\"PESALINK\",\"Network\":\"SAFARICOM\",\"Buying Price\":\"0.40\",\"Selling Price\":\"0.6\"}','Pending',NULL,'1',0,'2020-07-10 18:47:48','2020-07-10 18:47:48',NULL),
 (22,'Route Mapping','common\\models\\RouteMapping',8,1,1,'{\"Client Name\":\"IPSL \",\"Route Name\":\"EQUITEL_HTTP\",\"Sender Id\":\"PESALINK\",\"Network\":\"EQUITEL\",\"Buying Price\":\"0.30\",\"Selling Price\":\"0.6\"}','Approved','','1',1,'2020-07-10 18:49:00','2020-07-10 18:49:00',NULL),
 (23,'Route Mapping','common\\models\\RouteMapping',9,1,1,'{\"Client Name\":\"IPSL \",\"Route Name\":\"HTTP_SMSC_SAFARICOM_V2_LOCAL\",\"Sender Id\":\"PESALINK\",\"Network\":\"SAFARICOM\",\"Buying Price\":\"0.10\",\"Selling Price\":\"0.35\"}','Approved','','1',1,'2020-07-10 19:05:36','2020-07-10 19:05:36',NULL),
 (24,'Route Mapping','common\\models\\RouteMapping',10,1,1,'{\"Client Name\":\"IPSL \",\"Route Name\":\"EQUITEL_HTTP\",\"Sender Id\":\"PESALINK\",\"Network\":\"EQUITEL\",\"Buying Price\":\"0.30\",\"Selling Price\":\"0.35\"}','Approved','','1',1,'2020-07-10 19:06:50','2020-07-10 19:06:50',NULL),
 (25,'Route Mapping','common\\models\\RouteMapping',11,1,1,'{\"Client Name\":\"IPSL \",\"Route Name\":\"AIRTELKE_ECP_TRANSACTIONAL\",\"Sender Id\":\"PESALINK\",\"Network\":\"AIRTEL\",\"Buying Price\":\"0.30\",\"Selling Price\":\"0.35\"}','Approved','','1',1,'2020-07-10 19:07:47','2020-07-10 19:07:47',NULL),
 (26,'Route Mapping','common\\models\\RouteMapping',12,1,1,'{\"Client Name\":\"IPSL \",\"Route Name\":\"TELKOM_TRX\",\"Sender Id\":\"PESALINK\",\"Network\":\"TELKOM\",\"Buying Price\":\"0.10\",\"Selling Price\":\"0.35\"}','Approved','','1',1,'2020-07-10 19:09:08','2020-07-10 19:09:08',NULL),
 (27,'Allocate funds','common\\models\\Payments',27,1,1,'{\"Title\":\" Funds allocation\",\"ClientName\":\"IPSL \",\"AccountNo\":\"ACC-0001\",\"Amount\":\"10000\",\"Currency\":\"Kenyan Shillings\",\"ReferenceNo\":\"TESTUNITS\",\"transaction_time\":\"2020-07-10 20:40:48\"}','Approved','Ok','1',1,'2020-07-10 20:46:05','2020-07-10 20:46:05',NULL),
 (28,'Post paid client','common\\models\\Clients',1,1,1,'{\"ClientName\":\"IPSL \"}','Approved','Ok','1',1,'2020-07-11 01:14:09','2020-07-11 01:14:09',NULL),
 (29,'Post paid client','common\\models\\Clients',1,1,1,'{\"ClientName\":\"IPSL \"}','Approved','ok','1',1,'2020-07-11 01:49:52','2020-07-11 01:49:52',NULL),
 (30,'Route Mapping','common\\models\\RouteMapping',13,2,1,'{\"Client Name\":\"MTech LTD\",\"Route Name\":\"AIRTELKE_ECP_TRANSACTIONAL\",\"Sender Id\":\"MTECH\",\"Network\":\"AIRTEL\",\"Buying Price\":\"0.30\",\"Selling Price\":\"1.5\"}','Pending',NULL,'1',0,'2020-07-14 09:55:30','2020-07-14 09:55:30',NULL),
 (31,'Route Mapping','common\\models\\RouteMapping',14,2,1,'{\"Client Name\":\"MTech LTD\",\"Route Name\":\"AIRTELKE_ECP_TRANSACTIONAL\",\"Sender Id\":\"MTECH\",\"Network\":\"AIRTEL\",\"Buying Price\":\"0.30\",\"Selling Price\":\"1\"}','Approved','','1',1,'2020-07-14 11:25:52','2020-07-14 11:25:52',NULL),
 (32,'Route Mapping','common\\models\\RouteMapping',15,4,1,'{\"Client Name\":\"Kenya Trade Network Agency\",\"Route Name\":\"HTTP_SMSC_SAFARICOM_V2_LOCAL\",\"Sender Id\":\"KenTrade\",\"Network\":\"SAFARICOM\",\"Buying Price\":\"0.10\",\"Selling Price\":\"0.5\"}','Approved','','1',1,'2020-07-15 11:39:00','2020-07-15 11:39:00',NULL),
 (33,'sender ID','common\\models\\ClientSenderIds',4,4,1,'{\"ClientName\":\"Kenya Trade Network Agency\",\"SenderID\":\"KenTrade\"}','Approved','','1',1,'2020-07-15 12:16:14','2020-07-15 12:16:14',NULL),
 (34,'Allocate funds','common\\models\\Payments',34,4,1,'{\"Title\":\" Funds allocation\",\"ClientName\":\"Kenya Trade Network Agency\",\"AccountNo\":\"ACC-0004\",\"Amount\":\"10\",\"Currency\":\"Kenyan Shillings\",\"ReferenceNo\":\"test\",\"transaction_time\":\"2020-07-15 12:15:16\"}','Approved','','1',1,'2020-07-15 12:16:50','2020-07-15 12:16:50',NULL),
 (35,'Route Mapping','common\\models\\RouteMapping',16,4,1,'{\"Client Name\":\"Kenya Trade Network Agency\",\"Route Name\":\"HTTP_SMSC_SAFARICOM_V2_LOCAL\",\"Sender Id\":\"KenTrade\",\"Network\":\"SAFARICOM\",\"Buying Price\":\"0.10\",\"Selling Price\":\"0.58\"}','Approved','','1',1,'2020-07-15 12:28:57','2020-07-15 12:28:57',NULL),
 (36,'Route Mapping','common\\models\\RouteMapping',17,4,1,'{\"Client Name\":\"Kenya Trade Network Agency\",\"Route Name\":\"AIRTELKE_ECP_TRANSACTIONAL\",\"Sender Id\":\"KenTrade\",\"Network\":\"AIRTEL\",\"Buying Price\":\"0.30\",\"Selling Price\":\"0.58\"}','Approved','','1',1,'2020-07-15 12:30:23','2020-07-15 12:30:23',NULL),
 (37,'Route Mapping','common\\models\\RouteMapping',18,4,1,'{\"Client Name\":\"Kenya Trade Network Agency\",\"Route Name\":\"TELKOM_TRX\",\"Sender Id\":\"KenTrade\",\"Network\":\"TELKOM\",\"Buying Price\":\"0.10\",\"Selling Price\":\"0.58\"}','Approved','','1',1,'2020-07-15 12:31:12','2020-07-15 12:31:12',NULL),
 (38,'Buying Price Setup','common\\models\\BuyingPriceSetup',6,1,1,'{\"Route Name\":\"EQUITEL_LIVE\",\"Network\":\"EQUITEL\",\"Buying Price\":\"0.3\"}','Approved','','1',1,'2020-07-15 12:36:11','2020-07-15 12:36:11',NULL),
 (39,'Route Mapping','common\\models\\RouteMapping',19,4,1,'{\"Client Name\":\"Kenya Trade Network Agency\",\"Route Name\":\"EQUITEL_LIVE\",\"Sender Id\":\"KenTrade\",\"Network\":\"EQUITEL\",\"Buying Price\":\"0.30\",\"Selling Price\":\"0.58\"}','Approved','','1',1,'2020-07-15 12:36:47','2020-07-15 12:36:47',NULL),
 (40,'Buying Price Setup','common\\models\\BuyingPriceSetup',7,1,1,'{\"Route Name\":\"EQUITEL_HTTP\",\"Network\":\"AIRTEL\",\"Buying Price\":\"0.1\"}','Approved','Ok','1',1,'2020-07-15 15:37:15','2020-07-15 15:37:15',NULL),
 (41,'Allocate funds','common\\models\\Payments',36,1,1,'{\"Title\":\" Funds allocation\",\"ClientName\":\"IPSL \",\"AccountNo\":\"ACC-0001\",\"Amount\":\"210000\",\"Currency\":\"Kenyan Shillings\",\"ReferenceNo\":\"Inv#4363\",\"transaction_time\":\"2020-07-15 16:15:06\"}','Approved','ok','1',1,'2020-07-15 16:18:54','2020-07-15 16:18:54',NULL),
 (42,'sender ID','common\\models\\ClientSenderIds',5,5,1,'{\"ClientName\":\"Golden Palm Breeze Hotel\",\"SenderID\":\"GoldenPalm\"}','Approved','Approved','1',1,'2020-07-16 11:04:08','2020-07-16 11:04:08',NULL),
 (43,'Route Mapping','common\\models\\RouteMapping',20,5,1,'{\"Client Name\":\"Golden Palm Breeze Hotel\",\"Route Name\":\"HTTP_SMSC_SAFARICOM_V2_LOCAL\",\"Sender Id\":\"GoldenPalm\",\"Network\":\"SAFARICOM\",\"Buying Price\":\"0.10\",\"Selling Price\":\"0.80\"}','Approved','approved','1',1,'2020-07-16 11:12:00','2020-07-16 11:12:00',NULL),
 (44,'Clients Selling Price Setup','common\\models\\ClientsSellingPriceSetup',1,2,1,'{\"ClientName\":\"MTech LTD\",\"NetworkID\":\"SAFARICOM\",\"CurrencyID\":\"Kenyan Shillings\",\"SellingPrice\":\"0.399\"}','Approved','ok','1',1,'2020-07-20 14:14:49','2020-07-20 14:14:49',NULL),
 (45,'Clients Selling Price Setup','common\\models\\ClientsSellingPriceSetup',1,1,1,'{\"ClientName\":\"IPSL \",\"NetworkID\":\"SAFARICOM\",\"CurrencyID\":\"Kenyan Shillings\",\"Selling updated \":\"From 0.3990 to 0.3990\"}','Approved','Ok','1',1,'2020-07-21 10:28:42','2020-07-21 10:28:42',NULL),
 (46,'Clients Selling Price Setup','common\\models\\ClientsSellingPriceSetup',2,1,1,'{\"ClientName\":\"IPSL \",\"NetworkID\":\"SAFARICOM\",\"CurrencyID\":\"Kenyan Shillings\",\"SellingPrice\":\"0.399\"}','Approved','Ok','1',1,'2020-07-21 11:11:01','2020-07-21 11:11:01',NULL),
 (47,'Clients Selling Price Setup','common\\models\\ClientsSellingPriceSetup',3,1,1,'{\"ClientName\":\"IPSL \",\"NetworkID\":\"AIRTEL\",\"CurrencyID\":\"Kenyan Shillings\",\"SellingPrice\":\"0.399\"}','Approved','Ok','1',1,'2020-07-21 11:11:23','2020-07-21 11:11:23',NULL),
 (48,'Clients Selling Price Setup','common\\models\\ClientsSellingPriceSetup',4,1,1,'{\"ClientName\":\"IPSL \",\"NetworkID\":\"EQUITEL\",\"CurrencyID\":\"Kenyan Shillings\",\"SellingPrice\":\"0.399\"}','Approved','Ok','1',1,'2020-07-21 11:11:49','2020-07-21 11:11:49',NULL),
 (49,'Clients Selling Price Setup','common\\models\\ClientsSellingPriceSetup',5,1,1,'{\"ClientName\":\"IPSL \",\"NetworkID\":\"TELKOM\",\"CurrencyID\":\"Kenyan Shillings\",\"SellingPrice\":\"0.399\"}','Approved','Ok','1',1,'2020-07-21 11:12:12','2020-07-21 11:12:12',NULL),
 (50,'Clients Selling Price Setup','common\\models\\ClientsSellingPriceSetup',6,2,1,'{\"ClientName\":\"MTech LTD\",\"NetworkID\":\"AIRTEL\",\"CurrencyID\":\"Kenyan Shillings\",\"SellingPrice\":\"5.0\"}','Approved','Approved','1',1,'2020-07-22 12:06:42','2020-07-22 12:06:42',NULL),
 (51,'Route Mapping','common\\models\\RouteMapping',21,2,1,'{\"Client Name\":\"MTech LTD\",\"Route Name\":\"AIRTELKE_ECP_TRANSACTIONAL\",\"Sender Id\":\"MTECH\",\"Network\":\"AIRTEL\",\"Buying Price\":\"0.3000\",\"Selling Price\":\"5.0000\"}','Approved','','1',1,'2020-07-23 07:29:41','2020-07-23 07:29:41',NULL),
 (52,'Clients Selling Price Setup','common\\models\\ClientsSellingPriceSetup',7,3,1,'{\"ClientName\":\"Mtech Ltd (Postpay)\",\"NetworkID\":\"SAFARICOM\",\"CurrencyID\":\"Kenyan Shillings\",\"SellingPrice\":\"0.01\"}','Rejected','Approved','1',1,'2020-07-23 08:36:17','2020-07-23 08:36:17',NULL),
 (53,'Sender ID  Reactivation','common\\models\\ClientSenderIds',3,3,1,'{\"ClientName\":\"Mtech Ltd (Postpay)\",\"sender ID\":\"MTECH\"}','Approved','','1',1,'2020-08-09 07:42:44','2020-08-09 07:42:44',NULL),
 (54,'Short Code','common\\models\\ClientShortCodesIds',1,3,1,'{\"ClientName\":\"Mtech Ltd (Postpay)\",\"ShortCode\":\"29909\"}','Approved','Approved','1',1,'2020-08-09 07:45:39','2020-08-09 07:45:39',NULL),
 (55,'Allocate funds','common\\models\\Payments',43,2,1,'{\"Title\":\" Funds allocation\",\"ClientName\":\"MTech LTD\",\"AccountNo\":\"ACC-0002\",\"Amount\":\"200\",\"Currency\":\"Kenyan Shillings\",\"ReferenceNo\":\"DDF4646\",\"transaction_time\":\"2020-08-26 08:10:53\"}','Approved','','1',1,'2020-08-26 08:14:51','2020-08-26 08:14:51',NULL),
 (56,'Clients Selling Price Setup','common\\models\\ClientsSellingPriceSetup',1,1,1,'{\"ClientName\":\"IPSL \",\"NetworkID\":\"SAFARICOM\",\"CurrencyID\":\"Kenyan Shillings\",\"Selling updated \":\"From 0.5 to 0.5\"}','Approved','','31',31,'2020-08-27 08:15:55','2020-08-27 08:15:55',NULL),
 (57,'Route Mapping','common\\models\\RouteMapping',22,2,1,'{\"Client Name\":\"MTech LTD\",\"Route Name\":\"HTTP_SMSC_SAFARICOM_V2_LOCAL\",\"Sender Id\":\"MTECH\",\"Network\":\"SAFARICOM\",\"Buying Price\":\"0.1000\",\"Selling Price\":\"0.5000\"}','Approved','','31',31,'2020-08-27 08:17:06','2020-08-27 08:17:06',NULL),
 (58,'sender ID','common\\models\\ClientSenderIds',6,2,1,'{\"ClientName\":\"MTech LTD\",\"SenderID\":\"GoldenPalm\"}','Pending',NULL,'6',0,'2020-08-28 10:52:20','2020-08-28 10:52:20',NULL),
 (59,'Short Code','common\\models\\ClientShortCodesIds',2,2,1,'{\"ClientName\":\"MTech LTD\",\"ShortCode\":\"29909\"}','Pending',NULL,'6',0,'2020-08-28 10:52:41','2020-08-28 10:52:41',NULL),
 (60,'Allocate funds','common\\models\\Payments',44,2,1,'{\"Title\":\" Funds allocation\",\"ClientName\":\"MTech LTD\",\"AccountNo\":\"ACC-0002\",\"Amount\":\"100\",\"Currency\":\"Kenyan Shillings\",\"ReferenceNo\":\"mdsjksd\",\"transaction_time\":\"2020-08-28 11:00:58\"}','Pending',NULL,'6',0,'2020-08-28 11:01:03','2020-08-28 11:01:03',NULL),
 (61,'Clients Selling Price Setup','common\\models\\ClientsSellingPriceSetup',8,5,1,'{\"ClientName\":\"Golden Palm Breeze Hotel\",\"NetworkID\":\"SAFARICOM\",\"CurrencyID\":\"Kenyan Shillings\",\"SellingPrice\":\"3\"}','Approved','','31',31,'2020-10-15 15:11:34','2020-10-15 15:11:34',NULL),
 (62,'Clients Selling Price Setup','common\\models\\ClientsSellingPriceSetup',9,5,1,'{\"ClientName\":\"Golden Palm Breeze Hotel\",\"NetworkID\":\"SAFARICOM\",\"CurrencyID\":\"Kenyan Shillings\",\"SellingPrice\":\"5\"}','Approved','','31',31,'2020-10-15 15:16:00','2020-10-15 15:16:00',NULL),
 (63,'Clients Selling Price Setup','common\\models\\ClientsSellingPriceSetup',10,5,1,'{\"ClientName\":\"Golden Palm Breeze Hotel\",\"NetworkID\":\"EQUITEL\",\"CurrencyID\":\"Kenyan Shillings\",\"SellingPrice\":\"6\"}','Approved','','31',31,'2020-10-15 15:19:15','2020-10-15 15:19:15',NULL),
 (64,'Clients Selling Price Setup','common\\models\\ClientsSellingPriceSetup',11,5,1,'{\"ClientName\":\"Golden Palm Breeze Hotel\",\"NetworkID\":\"TELKOM\",\"CurrencyID\":\"Euro\",\"SellingPrice\":\"7\"}','Approved','','31',31,'2020-10-15 15:23:45','2020-10-15 15:23:45',NULL),
 (65,'Clients Selling Price Setup','common\\models\\ClientsSellingPriceSetup',12,5,1,'{\"ClientName\":\"Golden Palm Breeze Hotel\",\"NetworkID\":\"AIRTEL\",\"CurrencyID\":\"Kenyan Shillings\",\"SellingPrice\":\"7\"}','Approved','','31',31,'2020-10-15 15:38:43','2020-10-15 15:38:43',NULL),
 (66,'Short Code','common\\models\\ClientShortCodesIds',3,5,1,'{\"ClientName\":\"Golden Palm Breeze Hotel\",\"ShortCode\":\"29909\"}','Approved','','31',31,'2020-10-15 15:39:10','2020-10-15 15:39:10',NULL),
 (67,'Clients Selling Price Setup','common\\models\\ClientsSellingPriceSetup',13,5,1,'{\"ClientName\":\"Golden Palm Breeze Hotel\",\"NetworkID\":\"EQUITEL\",\"CurrencyID\":\"Kenyan Shillings\",\"SellingPrice\":\"3\"}','Pending',NULL,'31',0,'2020-10-15 15:49:32','2020-10-15 15:49:32',NULL),
 (68,'Clients Selling Price Setup','common\\models\\ClientsSellingPriceSetup',14,5,1,'{\"ClientName\":\"Golden Palm Breeze Hotel\",\"NetworkID\":\"TELKOM\",\"CurrencyID\":\"Kenyan Shillings\",\"SellingPrice\":\"1\"}','Approved','','31',31,'2020-10-15 15:50:53','2020-10-15 15:50:53',NULL),
 (69,'Clients Selling Price Setup','common\\models\\ClientsSellingPriceSetup',15,5,1,'{\"ClientName\":\"Golden Palm Breeze Hotel\",\"NetworkID\":\"AIRTEL\",\"CurrencyID\":\"Kenyan Shillings\",\"SellingPrice\":\"1\"}','Approved','rejection ','31',31,'2020-10-15 15:53:03','2020-10-15 15:53:03',NULL),
 (70,'Clients Selling Price Setup','common\\models\\ClientsSellingPriceSetup',16,5,1,'{\"ClientName\":\"Golden Palm Breeze Hotel\",\"NetworkID\":\"TELKOM\",\"CurrencyID\":\"Kenyan Shillings\",\"SellingPrice\":\"6\"}','Approved','','31',31,'2020-10-15 15:56:08','2020-10-15 15:56:08',NULL),
 (71,'Clients Selling Price Setup','common\\models\\ClientsSellingPriceSetup',17,5,1,'{\"ClientName\":\"Golden Palm Breeze Hotel\",\"NetworkID\":\"AIRTEL\",\"CurrencyID\":\"Kenyan Shillings\",\"SellingPrice\":\"6\"}','Approved','','31',31,'2020-10-15 16:00:08','2020-10-15 16:00:08',NULL),
 (72,'Clients Selling Price Setup','common\\models\\ClientsSellingPriceSetup',18,5,1,'{\"ClientName\":\"Golden Palm Breeze Hotel\",\"NetworkID\":\"AIRTEL\",\"CurrencyID\":\"Kenyan Shillings\",\"SellingPrice\":\"5\"}','Approved','','31',31,'2020-10-15 16:04:31','2020-10-15 16:04:31',NULL),
 (73,'Allocate funds','common\\models\\Payments',45,1,1,'{\"Title\":\" Funds allocation\",\"ClientName\":\"IPSL \",\"AccountNo\":\"ACC-0001\",\"Amount\":\"3000\",\"Currency\":\"Kenyan Shillings\",\"ReferenceNo\":\"11111\",\"transaction_time\":\"2020-10-16 08:30:50\"}','Approved','Approved.','31',31,'2020-10-16 08:34:51','2020-10-16 08:34:51',NULL),
 (74,'Allocate funds','common\\models\\Payments',46,1,1,'{\"Title\":\" Funds allocation\",\"ClientName\":\"IPSL \",\"AccountNo\":\"ACC-0001\",\"Amount\":\"1000000\",\"Currency\":\"Kenyan Shillings\",\"ReferenceNo\":\"99999\",\"transaction_time\":\"2020-10-16 09:15:30\"}','Approved','Approved','31',31,'2020-10-16 09:17:56','2020-10-16 09:17:56',NULL),
 (75,'Lpo Settlement','common\\models\\Payments',46,46,1,'{\"Title\":\" Lpo Settlement\",\"ClientName\":\"IPSL \",\"AccountNo\":\"ACC-0001\",\"Amount\":\"1000000.0000\",\"Currency\":\"Kenyan Shillings\",\"ReferenceNo\":\"99999\",\"transaction_time\":\"2020-10-16 09:15:30\"}','active',NULL,'31',0,'2020-10-16 11:36:44','2020-10-16 11:36:44',NULL),
 (76,'Lpo Settlement','common\\models\\Payments',46,46,1,'{\"Title\":\" Lpo Settlement\",\"ClientName\":\"IPSL \",\"AccountNo\":\"ACC-0001\",\"Amount\":\"1000000.0000\",\"Currency\":\"Kenyan Shillings\",\"ReferenceNo\":\"99999\",\"transaction_time\":\"2020-10-16 09:15:30\"}','active',NULL,'31',0,'2020-10-16 11:38:36','2020-10-16 11:38:36',NULL),
 (77,'Lpo Settlement','common\\models\\Payments',46,46,1,'{\"Title\":\" Lpo Settlement\",\"ClientName\":\"IPSL \",\"AccountNo\":\"ACC-0001\",\"Amount\":\"1000000.0000\",\"Currency\":\"Kenyan Shillings\",\"ReferenceNo\":\"99999\",\"transaction_time\":\"2020-10-16 09:15:30\"}','Approved','aPPROVED','31',31,'2020-10-16 11:43:35','2020-10-16 11:43:35',NULL),
 (78,'Allocate funds','common\\models\\Payments',47,1,1,'{\"Title\":\" Funds allocation\",\"ClientName\":\"IPSL \",\"AccountNo\":\"ACC-0001\",\"Amount\":\"1000000\",\"Currency\":\"Kenyan Shillings\",\"ReferenceNo\":\"666676\",\"transaction_time\":\"2020-10-16 11:45:06\"}','Approved','Approved','31',31,'2020-10-16 12:01:21','2020-10-16 12:01:21',NULL),
 (79,'Lpo Settlement','common\\models\\Payments',47,47,1,'{\"Title\":\" Lpo Settlement\",\"ClientName\":\"IPSL \",\"AccountNo\":\"ACC-0001\",\"Amount\":\"1000000.0000\",\"Currency\":\"Kenyan Shillings\",\"ReferenceNo\":\"666676\",\"transaction_time\":\"2020-10-16 11:45:06\"}','Approved','review','31',31,'2020-10-16 12:07:09','2020-10-16 12:07:09',NULL),
 (80,'Allocate funds','common\\models\\Payments',48,1,1,'{\"Title\":\" Funds allocation\",\"ClientName\":\"IPSL \",\"AccountNo\":\"ACC-0001\",\"Amount\":\"1000000\",\"Currency\":\"Kenyan Shillings\",\"ReferenceNo\":\"444444444\",\"transaction_time\":\"2020-10-16 12:20:59\"}','Approved','approved','31',31,'2020-10-16 12:25:23','2020-10-16 12:25:23',NULL),
 (81,'Allocate funds','common\\models\\Payments',49,1,1,'{\"Title\":\" Funds allocation\",\"ClientName\":\"IPSL \",\"AccountNo\":\"ACC-0001\",\"Amount\":\"29400\",\"Currency\":\"Kenyan Shillings\",\"ReferenceNo\":\"555667777\",\"transaction_time\":\"2020-10-16 12:25:50\"}','Approved','Approved','31',31,'2020-10-16 12:33:56','2020-10-16 12:33:56',NULL),
 (82,'Lpo Settlement','common\\models\\Payments',49,49,1,'{\"Title\":\" Lpo Settlement\",\"ClientName\":\"IPSL \",\"AccountNo\":\"ACC-0001\",\"Amount\":\"29400.0000\",\"Currency\":\"Kenyan Shillings\",\"ReferenceNo\":\"555667777\",\"transaction_time\":\"2020-10-16 12:25:50\"}','Approved','Approved','31',31,'2020-10-16 12:35:05','2020-10-16 12:35:05',NULL),
 (83,'Allocate funds','common\\models\\Payments',50,5,1,'{\"Title\":\" Funds allocation\",\"ClientName\":\"Golden Palm Breeze Hotel\",\"AccountNo\":\"ACC-0005\",\"Amount\":\"100000\",\"Currency\":\"Kenyan Shillings\",\"ReferenceNo\":\"900000566\",\"transaction_time\":\"2020-10-19 13:50:27\"}','Approved','approved','31',31,'2020-10-19 13:52:08','2020-10-19 13:52:08',NULL),
 (84,'sender ID','common\\models\\ClientSenderIds',7,5,1,'{\"ClientName\":\"Golden Palm Breeze Hotel\",\"SenderID\":\"MTECH\"}','Approved','Approved','31',31,'2020-10-19 13:59:00','2020-10-19 13:59:00',NULL),
 (85,'Allocate funds','common\\models\\Payments',51,1,1,'{\"Title\":\" Funds allocation\",\"ClientName\":\"IPSL \",\"AccountNo\":\"ACC-0001\",\"Amount\":\"10\",\"Currency\":\"Kenyan Shillings\",\"ReferenceNo\":\"0010\",\"transaction_time\":\"2020-10-19 15:20:20\"}','Approved','approved','31',31,'2020-10-19 15:21:55','2020-10-19 15:21:55',NULL),
 (86,'Lpo Settlement','common\\models\\Payments',47,47,1,'{\"Title\":\" Lpo Settlement\",\"ClientName\":\"IPSL \",\"AccountNo\":\"ACC-0001\",\"Amount\":\"1000000.0000\",\"Currency\":\"Kenyan Shillings\",\"ReferenceNo\":\"666676\",\"transaction_time\":\"2020-10-16 11:45:06\"}','Approved','Approved','31',31,'2020-10-19 15:23:23','2020-10-19 15:23:23',NULL),
 (87,'Allocate funds','common\\models\\Payments',52,1,1,'{\"Title\":\" Funds allocation\",\"ClientName\":\"IPSL \",\"AccountNo\":\"ACC-0001\",\"Amount\":\"3999999\",\"Currency\":\"Kenyan Shillings\",\"ReferenceNo\":\"t63627723737\",\"transaction_time\":\"2020-10-21 12:10:11\"}','Approved','Approved.','31',31,'2020-10-21 12:10:42','2020-10-21 12:10:42',NULL),
 (88,'Allocate funds','common\\models\\Payments',53,2,1,'{\"Title\":\" Funds allocation\",\"ClientName\":\"MTech LTD\",\"AccountNo\":\"ACC-0002\",\"Amount\":\"1000\",\"Currency\":\"Kenyan Shillings\",\"ReferenceNo\":\"ABCD1234\",\"transaction_time\":\"2020-10-22 15:10:08\"}','Pending',NULL,'6',0,'2020-10-22 15:17:12','2020-10-22 15:17:12',NULL),
 (89,'Allocate funds','common\\models\\Payments',54,2,1,'{\"Title\":\" Funds allocation\",\"ClientName\":\"MTech LTD\",\"AccountNo\":\"ACC-0002\",\"Amount\":\"200\",\"Currency\":\"Kenyan Shillings\",\"ReferenceNo\":\"CFGGD5675\",\"transaction_time\":\"2020-10-22 15:15:16\"}','Pending',NULL,'6',0,'2020-10-22 15:19:30','2020-10-22 15:19:30',NULL),
 (90,'sender ID','common\\models\\ClientSenderIds',8,2,1,'{\"ClientName\":\"MTech LTD\",\"SenderID\":\"Mtech Test\"}','Approved','','35',35,'2020-10-23 12:11:26','2020-10-23 12:11:26',NULL),
 (91,'Short Code','common\\models\\ClientShortCodesIds',4,2,1,'{\"ClientName\":\"MTech LTD\",\"ShortCode\":\"29929\"}','Approved','','35,6',35,'2020-10-23 12:20:56','2020-10-23 12:20:56',NULL),
 (92,'Allocate funds','common\\models\\Payments',55,2,1,'{\"Title\":\" Funds allocation\",\"ClientName\":\"MTech LTD\",\"AccountNo\":\"ACC-0002\",\"Amount\":\"100\",\"Currency\":\"Kenyan Shillings\",\"ReferenceNo\":\"ABCD45Q\",\"transaction_time\":\"2020-10-23 12:25:20\"}','Approved','','35',35,'2020-10-23 12:24:18','2020-10-23 12:24:18',NULL),
 (93,'Allocate funds','common\\models\\Payments',56,2,1,'{\"Title\":\" Funds allocation\",\"ClientName\":\"MTech LTD\",\"AccountNo\":\"ACC-0002\",\"Amount\":\"200\",\"Currency\":\"Kenyan Shillings\",\"ReferenceNo\":\"ZXCVV321A\",\"transaction_time\":\"2020-10-23 12:20:22\"}','Approved','','35',35,'2020-10-23 12:32:38','2020-10-23 12:32:38',NULL),
 (94,'Allocate funds','common\\models\\Payments',57,2,1,'{\"Title\":\" Funds allocation\",\"ClientName\":\"MTech LTD\",\"AccountNo\":\"ACC-0002\",\"Amount\":\"300\",\"Currency\":\"Kenyan Shillings\",\"ReferenceNo\":\"SDFGGGGH\",\"transaction_time\":\"2020-10-23 12:30:42\"}','Approved','','35',35,'2020-10-23 12:33:52','2020-10-23 12:33:52',NULL),
 (95,'sender ID','common\\models\\ClientSenderIds',9,2,1,'{\"ClientName\":\"MTech LTD\",\"SenderID\":\"Captains\"}','Approved','','35',35,'2020-10-23 13:11:45','2020-10-23 13:11:45',NULL),
 (96,'sender ID','common\\models\\ClientSenderIds',10,2,1,'{\"ClientName\":\"MTech LTD\",\"SenderID\":\"Mtech\"}','Pending',NULL,'35',0,'2020-10-23 13:17:47','2020-10-23 13:17:47',NULL),
 (97,'sender ID','common\\models\\ClientSenderIds',11,2,1,'{\"ClientName\":\"MTech LTD\",\"SenderID\":\"MtechTest1\"}','Pending',NULL,'35',0,'2020-10-23 13:23:25','2020-10-23 13:23:25',NULL),
 (98,'Short Code','common\\models\\ClientShortCodesIds',5,2,1,'{\"ClientName\":\"MTech LTD\",\"ShortCode\":\"66666\"}','Approved','','31,35',35,'2020-10-23 13:32:45','2020-10-23 13:32:45',NULL),
 (99,'Clients Selling Price Setup','common\\models\\ClientsSellingPriceSetup',19,2,1,'{\"ClientName\":\"MTech LTD\",\"NetworkID\":\"TELKOM\",\"CurrencyID\":\"Kenyan Shillings\",\"SellingPrice\":\"1.5\"}','Approved','trial','31',31,'2021-02-15 08:39:03','2021-02-15 08:39:03',NULL),
 (100,'Buying Price Setup','common\\models\\BuyingPriceSetup',8,1,31,'{\"Route Name\":\"EQUITEL_HTTP\",\"Network\":\"AIRTEL\",\"Buying Price\":\"1.5\"}','Pending',NULL,'6',0,'2021-02-15 11:27:26','2021-02-15 11:27:26',NULL),
 (101,'Buying Price Setup','common\\models\\BuyingPriceSetup',9,1,31,'{\"Route Name\":\"AIRTELKE_ECP_MOMT_2018\",\"Network\":\"EQUITEL\",\"Buying Price\":\"1.5\"}','Pending',NULL,'6',0,'2021-02-15 11:35:01','2021-02-15 11:35:01',NULL),
 (102,'Buying Price Setup','common\\models\\BuyingPriceSetup',10,1,31,'{\"Route Name\":\"HTTP_SMSC_SAFARICOM_V2_INTER\",\"Network\":\"EQUITEL\",\"Buying Price\":\"1.5\"}','Pending',NULL,'6',0,'2021-02-15 12:14:24','2021-02-15 12:14:24',NULL),
 (103,'Buying Price Setup','common\\models\\BuyingPriceSetup',11,1,31,'{\"Route Name\":\"EQUITEL_HTTP\",\"Network\":\"SAFARICOM\",\"Buying Price\":\"1.9\"}','Pending',NULL,'6',0,'2021-02-24 15:00:03','2021-02-24 15:00:03',NULL),
 (104,'Buying Price Setup','common\\models\\BuyingPriceSetup',12,1,31,'{\"Route Name\":\"EQUITEL_LIVE\",\"Network\":\"AIRTEL\",\"Buying Price\":\"1.9\"}','Pending',NULL,'6',0,'2021-02-24 15:00:36','2021-02-24 15:00:36',NULL),
 (105,'Buying Price Setup','common\\models\\BuyingPriceSetup',13,1,31,'{\"Route Name\":\"TELKOM_TRX\",\"Network\":\"EQUITEL\",\"Buying Price\":\"1.9\"}','Pending',NULL,'6',0,'2021-02-24 15:01:04','2021-02-24 15:01:04',NULL),
 (106,'Buying Price Setup','common\\models\\BuyingPriceSetup',14,1,31,'{\"Route Name\":\"EQUITEL_LIVE\",\"Network\":\"TELKOM\",\"Buying Price\":\"1.9\"}','Pending',NULL,'6',0,'2021-02-24 15:03:47','2021-02-24 15:03:47',NULL),
 (107,'Buying Price Setup','common\\models\\BuyingPriceSetup',15,1,31,'{\"Route Name\":\"BONGO_LIVE\",\"Network\":\"SAFARICOM\",\"Buying Price\":\"1.9\"}','Pending',NULL,'6',0,'2021-02-24 15:07:57','2021-02-24 15:07:57',NULL),
 (108,'Buying Price Setup','common\\models\\BuyingPriceSetup',16,1,31,'{\"Route Name\":\"BONGO_LIVE\",\"Network\":\"AIRTEL\",\"Buying Price\":\"1.9\"}','Pending',NULL,'6',0,'2021-02-24 15:20:58','2021-02-24 15:20:58',NULL),
 (109,'Buying Price Setup','common\\models\\BuyingPriceSetup',17,1,31,'{\"Route Name\":\"BONGO_LIVE\",\"Network\":\"TELKOM\",\"Buying Price\":\"1.9\"}','Pending',NULL,'6',0,'2021-02-24 15:24:27','2021-02-24 15:24:27',NULL),
 (110,'Buying Price Setup','common\\models\\BuyingPriceSetup',18,1,31,'{\"Route Name\":\"BONGO_LIVE\",\"Network\":\"EQUITEL\",\"Buying Price\":\"1.9\"}','Pending',NULL,'6',0,'2021-02-24 15:38:28','2021-02-24 15:38:28',NULL),
 (111,'Buying Price Setup','common\\models\\BuyingPriceSetup',19,1,31,'{\"Route Name\":\"AIRTELKE_ECP_MOMT_2018\",\"Network\":\"TELKOM\",\"Buying Price\":\"1.9\"}','Pending',NULL,'6',0,'2021-02-24 15:42:41','2021-02-24 15:42:41',NULL),
 (112,'Buying Price Setup','common\\models\\BuyingPriceSetup',20,1,31,'{\"Route Name\":\"Bongo_live_test\",\"Network\":\"SAFARICOM\",\"Buying Price\":\"1.2\"}','Pending',NULL,'6',0,'2021-02-24 16:24:19','2021-02-24 16:24:19',NULL),
 (113,'Buying Price Setup','common\\models\\BuyingPriceSetup',21,1,31,'{\"Route Name\":\"Bongo_live_test2\",\"Network\":\"SAFARICOM\",\"Buying Price\":\"1.9\"}','Pending',NULL,'6',0,'2021-02-24 16:26:08','2021-02-24 16:26:08',NULL),
 (114,'Buying Price Setup','common\\models\\BuyingPriceSetup',22,1,1,'{\"Route Name\":\"Bongo_live_test3\",\"Network\":\"SAFARICOM\",\"Buying Price\":\"1.8\"}','Approved','','31',31,'2021-02-24 16:36:49','2021-02-24 16:36:49',NULL),
 (115,'Buying Price Setup','common\\models\\BuyingPriceSetup',23,1,1,'{\"Route Name\":\"Bongo_live_test4\",\"Network\":\"SAFARICOM\",\"Buying Price\":\"1.6\"}','Approved','','31',31,'2021-02-24 16:38:09','2021-02-24 16:38:09',NULL),
 (116,'Clients Selling Price Setup','common\\models\\ClientsSellingPriceSetup',20,5,31,'{\"ClientName\":\"Golden Palm Breeze Hotel\",\"NetworkID\":\"SAFARICOM\",\"CurrencyID\":\"Kenyan Shillings\",\"SellingPrice\":\"1.8\"}','Approved','','4',4,'2021-02-25 15:42:27','2021-02-25 15:42:27',NULL),
 (117,'Allocate funds','common\\models\\Payments',60,5,4,'{\"Title\":\" Funds allocation\",\"ClientName\":\"Golden Palm Breeze Hotel\",\"AccountNo\":\"ACC-0005\",\"Amount\":\"10\",\"Currency\":\"Kenyan Shillings\",\"ReferenceNo\":\"ref12345\",\"transaction_time\":\"2021-02-25 14:55:25\"}','Approved','','31',31,'2021-02-25 15:58:09','2021-02-25 15:58:09',NULL),
 (118,'Buying Price Setup','common\\models\\BuyingPriceSetup',24,1,31,'{\"Route Name\":\"Bongo_live_test4\",\"Network\":\"AIRTEL\",\"Buying Price\":\"1.7\"}','Pending',NULL,'6',0,'2021-02-26 16:14:15','2021-02-26 16:14:15',NULL),
 (119,'Buying Price Setup','common\\models\\BuyingPriceSetup',25,1,31,'{\"Route Name\":\"Bongo_live_test4\",\"Network\":\"EQUITEL\",\"Buying Price\":\"1.8\"}','Approved','','6',6,'2021-02-26 16:35:34','2021-02-26 16:35:34',NULL),
 (120,'Allocate funds','common\\models\\Payments',61,5,6,'{\"Title\":\" Funds allocation\",\"ClientName\":\"Golden Palm Breeze Hotel\",\"AccountNo\":\"ACC-0005\",\"Amount\":\"10\",\"Currency\":\"Kenyan Shillings\",\"ReferenceNo\":\"ref12345\",\"transaction_time\":\"2021-02-26 16:35:36\"}','Approved','','31',31,'2021-02-26 16:40:09','2021-02-26 16:40:09',NULL),
 (121,'Buying Price Setup','common\\models\\BuyingPriceSetup',26,1,1,'{\"Route Name\":\"Bongo_live_test45\",\"Network\":\"AIRTEL\",\"Buying Price\":\"1.055\"}','Pending',NULL,'31',0,'2021-03-03 10:38:17','2021-03-03 10:38:17',NULL),
 (122,'Allocate funds','common\\models\\Payments',63,5,6,'{\"Title\":\" Funds allocation\",\"ClientName\":\"Golden Palm Breeze Hotel\",\"AccountNo\":\"ACC-0005\",\"Amount\":\"10\",\"Currency\":\"US Dollars\",\"ReferenceNo\":\"ref12345444\",\"transaction_time\":\"2021-03-11 10:50:26\"}','Approved','','31',31,'2021-03-11 16:35:58','2021-03-11 16:35:58',NULL);
/*!40000 ALTER TABLE `workflow` ENABLE KEYS */;


--
-- Definition of table `workflow_history`
--

DROP TABLE IF EXISTS `workflow_history`;
CREATE TABLE `workflow_history` (
  `id` bigint(20) unsigned NOT NULL AUTO_INCREMENT,
  `workflow_id` int(11) NOT NULL,
  `status` varchar(255) COLLATE utf8mb4_unicode_ci NOT NULL,
  `comments` text COLLATE utf8mb4_unicode_ci DEFAULT NULL,
  `created_by` int(11) NOT NULL,
  `created_at` timestamp NULL DEFAULT NULL,
  `updated_at` timestamp NULL DEFAULT NULL,
  `deleted_at` timestamp NULL DEFAULT NULL,
  PRIMARY KEY (`id`)
) ENGINE=InnoDB AUTO_INCREMENT=200 DEFAULT CHARSET=utf8mb4 COLLATE=utf8mb4_unicode_ci;

--
-- Dumping data for table `workflow_history`
--

/*!40000 ALTER TABLE `workflow_history` DISABLE KEYS */;
INSERT INTO `workflow_history` (`id`,`workflow_id`,`status`,`comments`,`created_by`,`created_at`,`updated_at`,`deleted_at`) VALUES 
 (1,1,'Pending',NULL,1,'2020-06-24 12:06:21','2020-06-24 12:06:21',NULL),
 (2,2,'Pending',NULL,1,'2020-06-24 12:06:43','2020-06-24 12:06:43',NULL),
 (3,3,'Pending',NULL,1,'2020-06-24 12:07:31','2020-06-24 12:07:31',NULL),
 (4,4,'Pending',NULL,1,'2020-06-24 12:10:25','2020-06-24 12:10:25',NULL),
 (5,4,'Approved','Ok',1,'2020-06-24 12:10:38','2020-06-24 12:10:38',NULL),
 (6,3,'Approved','OK',1,'2020-06-24 12:10:49','2020-06-24 12:10:49',NULL),
 (7,2,'Approved','Ok',1,'2020-06-24 12:11:01','2020-06-24 12:11:01',NULL),
 (8,1,'Approved','Ok',1,'2020-06-24 12:11:13','2020-06-24 12:11:13',NULL),
 (9,5,'Pending',NULL,1,'2020-06-24 16:15:26','2020-06-24 16:15:26',NULL),
 (10,5,'Approved','Ok',1,'2020-06-25 10:27:17','2020-06-25 10:27:17',NULL),
 (11,6,'Pending',NULL,1,'2020-06-25 11:22:47','2020-06-25 11:22:47',NULL),
 (12,6,'Approved','Ok',1,'2020-06-25 11:23:04','2020-06-25 11:23:04',NULL),
 (13,7,'Pending',NULL,1,'2020-06-26 12:40:50','2020-06-26 12:40:50',NULL),
 (14,8,'Pending',NULL,1,'2020-06-26 12:41:23','2020-06-26 12:41:23',NULL),
 (15,9,'Pending',NULL,1,'2020-06-29 11:24:01','2020-06-29 11:24:01',NULL),
 (16,9,'Approved','Approved',1,'2020-06-29 11:24:30','2020-06-29 11:24:30',NULL),
 (17,10,'Pending',NULL,1,'2020-06-29 11:27:28','2020-06-29 11:27:28',NULL),
 (18,10,'Rejected','Rejected',1,'2020-06-29 11:28:03','2020-06-29 11:28:03',NULL),
 (19,11,'Pending',NULL,1,'2020-06-29 15:15:17','2020-06-29 15:15:17',NULL),
 (20,12,'Pending',NULL,1,'2020-06-29 15:38:02','2020-06-29 15:38:02',NULL),
 (21,12,'Approved','Approved',1,'2020-06-29 15:38:45','2020-06-29 15:38:45',NULL),
 (22,13,'Pending',NULL,1,'2020-07-01 10:57:42','2020-07-01 10:57:42',NULL),
 (23,11,'Approved','Approved',1,'2020-07-01 11:07:41','2020-07-01 11:07:41',NULL),
 (24,14,'Pending',NULL,1,'2020-07-07 14:00:34','2020-07-07 14:00:34',NULL),
 (25,15,'Pending',NULL,1,'2020-07-09 11:27:03','2020-07-09 11:27:03',NULL),
 (26,15,'Approved','Approved',1,'2020-07-09 11:30:40','2020-07-09 11:30:40',NULL),
 (27,8,'Approved','Approved',1,'2020-07-09 12:06:19','2020-07-09 12:06:19',NULL),
 (28,7,'Approved','Approved',1,'2020-07-09 12:06:37','2020-07-09 12:06:37',NULL),
 (29,16,'Pending',NULL,1,'2020-07-09 12:13:18','2020-07-09 12:13:18',NULL),
 (30,17,'Pending',NULL,1,'2020-07-10 18:40:48','2020-07-10 18:40:48',NULL),
 (31,18,'Pending',NULL,1,'2020-07-10 18:41:14','2020-07-10 18:41:14',NULL),
 (32,19,'Pending',NULL,1,'2020-07-10 18:44:29','2020-07-10 18:44:29',NULL),
 (33,20,'Pending',NULL,1,'2020-07-10 18:44:58','2020-07-10 18:44:58',NULL),
 (34,16,'Approved',NULL,1,'2020-07-10 18:45:51','2020-07-10 18:45:51',NULL),
 (35,17,'Approved',NULL,1,'2020-07-10 18:46:02','2020-07-10 18:46:02',NULL),
 (36,18,'Approved',NULL,1,'2020-07-10 18:46:11','2020-07-10 18:46:11',NULL),
 (37,19,'Approved',NULL,1,'2020-07-10 18:46:19','2020-07-10 18:46:19',NULL),
 (38,20,'Approved',NULL,1,'2020-07-10 18:46:28','2020-07-10 18:46:28',NULL),
 (39,21,'Pending',NULL,1,'2020-07-10 18:47:48','2020-07-10 18:47:48',NULL),
 (40,22,'Pending',NULL,1,'2020-07-10 18:49:00','2020-07-10 18:49:00',NULL),
 (41,22,'Approved',NULL,1,'2020-07-10 19:02:39','2020-07-10 19:02:39',NULL),
 (42,23,'Pending',NULL,1,'2020-07-10 19:05:36','2020-07-10 19:05:36',NULL),
 (43,24,'Pending',NULL,1,'2020-07-10 19:06:50','2020-07-10 19:06:50',NULL),
 (44,25,'Pending',NULL,1,'2020-07-10 19:07:47','2020-07-10 19:07:47',NULL),
 (45,26,'Pending',NULL,1,'2020-07-10 19:09:08','2020-07-10 19:09:08',NULL),
 (46,26,'Approved',NULL,1,'2020-07-10 19:09:47','2020-07-10 19:09:47',NULL),
 (47,25,'Approved',NULL,1,'2020-07-10 19:09:56','2020-07-10 19:09:56',NULL),
 (48,24,'Approved',NULL,1,'2020-07-10 19:10:04','2020-07-10 19:10:04',NULL),
 (49,23,'Approved',NULL,1,'2020-07-10 19:10:11','2020-07-10 19:10:11',NULL),
 (50,27,'Pending',NULL,1,'2020-07-10 20:46:05','2020-07-10 20:46:05',NULL),
 (51,27,'Approved','Ok',1,'2020-07-10 20:46:32','2020-07-10 20:46:32',NULL),
 (52,28,'Pending',NULL,1,'2020-07-11 01:14:09','2020-07-11 01:14:09',NULL),
 (53,28,'Approved','Ok',1,'2020-07-11 01:24:30','2020-07-11 01:24:30',NULL),
 (54,29,'Pending',NULL,1,'2020-07-11 01:49:52','2020-07-11 01:49:52',NULL),
 (55,29,'Approved','ok',1,'2020-07-11 11:18:55','2020-07-11 11:18:55',NULL),
 (56,30,'Pending',NULL,1,'2020-07-14 09:55:30','2020-07-14 09:55:30',NULL),
 (57,31,'Pending',NULL,1,'2020-07-14 11:25:52','2020-07-14 11:25:52',NULL),
 (58,32,'Pending',NULL,1,'2020-07-15 11:39:00','2020-07-15 11:39:00',NULL),
 (59,32,'Approved',NULL,1,'2020-07-15 11:39:18','2020-07-15 11:39:18',NULL),
 (60,33,'Pending',NULL,1,'2020-07-15 12:16:14','2020-07-15 12:16:14',NULL),
 (61,34,'Pending',NULL,1,'2020-07-15 12:16:50','2020-07-15 12:16:50',NULL),
 (62,34,'Approved',NULL,1,'2020-07-15 12:17:11','2020-07-15 12:17:11',NULL),
 (63,35,'Pending',NULL,1,'2020-07-15 12:28:57','2020-07-15 12:28:57',NULL),
 (64,35,'Approved',NULL,1,'2020-07-15 12:29:11','2020-07-15 12:29:11',NULL),
 (65,36,'Pending',NULL,1,'2020-07-15 12:30:23','2020-07-15 12:30:23',NULL),
 (66,37,'Pending',NULL,1,'2020-07-15 12:31:12','2020-07-15 12:31:12',NULL),
 (67,38,'Pending',NULL,1,'2020-07-15 12:36:11','2020-07-15 12:36:11',NULL),
 (68,38,'Approved',NULL,1,'2020-07-15 12:36:24','2020-07-15 12:36:24',NULL),
 (69,37,'Approved',NULL,1,'2020-07-15 12:36:32','2020-07-15 12:36:32',NULL),
 (70,39,'Pending',NULL,1,'2020-07-15 12:36:47','2020-07-15 12:36:47',NULL),
 (71,39,'Approved',NULL,1,'2020-07-15 12:48:13','2020-07-15 12:48:13',NULL),
 (72,36,'Approved',NULL,1,'2020-07-15 12:48:21','2020-07-15 12:48:21',NULL),
 (73,33,'Approved',NULL,1,'2020-07-15 12:48:29','2020-07-15 12:48:29',NULL),
 (74,31,'Approved',NULL,1,'2020-07-15 12:48:39','2020-07-15 12:48:39',NULL),
 (75,40,'Pending',NULL,1,'2020-07-15 15:37:15','2020-07-15 15:37:15',NULL),
 (76,40,'Approved','Ok',1,'2020-07-15 15:37:30','2020-07-15 15:37:30',NULL),
 (77,41,'Pending',NULL,1,'2020-07-15 16:18:54','2020-07-15 16:18:54',NULL),
 (78,41,'Approved','ok',1,'2020-07-15 16:19:13','2020-07-15 16:19:13',NULL),
 (79,42,'Pending',NULL,1,'2020-07-16 11:04:08','2020-07-16 11:04:08',NULL),
 (80,42,'Approved','Approved',1,'2020-07-16 11:04:32','2020-07-16 11:04:32',NULL),
 (81,43,'Pending',NULL,1,'2020-07-16 11:12:00','2020-07-16 11:12:00',NULL),
 (82,43,'Approved','approved',1,'2020-07-16 11:12:57','2020-07-16 11:12:57',NULL),
 (83,44,'Pending',NULL,1,'2020-07-20 14:14:49','2020-07-20 14:14:49',NULL),
 (84,44,'Approved','ok',1,'2020-07-20 14:17:35','2020-07-20 14:17:35',NULL),
 (85,45,'Pending',NULL,1,'2020-07-21 10:28:42','2020-07-21 10:28:42',NULL),
 (86,45,'Approved','Ok',1,'2020-07-21 10:29:07','2020-07-21 10:29:07',NULL),
 (87,46,'Pending',NULL,1,'2020-07-21 11:11:01','2020-07-21 11:11:01',NULL),
 (88,47,'Pending',NULL,1,'2020-07-21 11:11:23','2020-07-21 11:11:23',NULL),
 (89,48,'Pending',NULL,1,'2020-07-21 11:11:49','2020-07-21 11:11:49',NULL),
 (90,49,'Pending',NULL,1,'2020-07-21 11:12:12','2020-07-21 11:12:12',NULL),
 (91,47,'Approved','Ok',1,'2020-07-21 11:12:34','2020-07-21 11:12:34',NULL),
 (92,49,'Approved','Ok',1,'2020-07-21 11:12:49','2020-07-21 11:12:49',NULL),
 (93,48,'Approved','Ok',1,'2020-07-21 11:12:59','2020-07-21 11:12:59',NULL),
 (94,46,'Approved','Ok',1,'2020-07-21 11:13:14','2020-07-21 11:13:14',NULL),
 (95,50,'Pending',NULL,1,'2020-07-22 12:06:42','2020-07-22 12:06:42',NULL),
 (96,51,'Pending',NULL,1,'2020-07-23 07:29:41','2020-07-23 07:29:41',NULL),
 (97,51,'Approved',NULL,1,'2020-07-23 07:49:26','2020-07-23 07:49:26',NULL),
 (98,50,'Approved','Approved',1,'2020-07-23 07:51:13','2020-07-23 07:51:13',NULL),
 (99,52,'Pending',NULL,1,'2020-07-23 08:36:17','2020-07-23 08:36:17',NULL),
 (100,52,'Rejected','Approved',1,'2020-07-23 08:38:21','2020-07-23 08:38:21',NULL),
 (101,53,'Pending',NULL,1,'2020-08-09 07:42:44','2020-08-09 07:42:44',NULL),
 (102,54,'Pending',NULL,1,'2020-08-09 07:45:39','2020-08-09 07:45:39',NULL),
 (103,54,'Approved','Approved',1,'2020-08-09 07:46:24','2020-08-09 07:46:24',NULL),
 (104,55,'Pending',NULL,1,'2020-08-26 08:14:51','2020-08-26 08:14:51',NULL),
 (105,55,'Approved',NULL,1,'2020-08-26 08:15:05','2020-08-26 08:15:05',NULL),
 (106,56,'Pending',NULL,1,'2020-08-27 08:15:55','2020-08-27 08:15:55',NULL),
 (107,57,'Pending',NULL,1,'2020-08-27 08:17:06','2020-08-27 08:17:06',NULL),
 (108,58,'Pending',NULL,1,'2020-08-28 10:52:20','2020-08-28 10:52:20',NULL),
 (109,59,'Pending',NULL,1,'2020-08-28 10:52:41','2020-08-28 10:52:41',NULL),
 (110,60,'Pending',NULL,1,'2020-08-28 11:01:03','2020-08-28 11:01:03',NULL),
 (111,61,'Pending',NULL,1,'2020-10-15 15:11:34','2020-10-15 15:11:34',NULL),
 (112,62,'Pending',NULL,1,'2020-10-15 15:16:00','2020-10-15 15:16:00',NULL),
 (113,63,'Pending',NULL,1,'2020-10-15 15:19:15','2020-10-15 15:19:15',NULL),
 (114,64,'Pending',NULL,1,'2020-10-15 15:24:09','2020-10-15 15:24:09',NULL),
 (115,67,'Pending',NULL,1,'2020-10-15 15:49:32','2020-10-15 15:49:32',NULL),
 (116,68,'Pending',NULL,1,'2020-10-15 15:50:53','2020-10-15 15:50:53',NULL),
 (117,69,'Pending',NULL,1,'2020-10-15 15:53:03','2020-10-15 15:53:03',NULL),
 (118,70,'Pending',NULL,1,'2020-10-15 15:56:08','2020-10-15 15:56:08',NULL),
 (119,71,'Pending',NULL,1,'2020-10-15 16:00:08','2020-10-15 16:00:08',NULL),
 (120,72,'Pending',NULL,1,'2020-10-15 16:04:31','2020-10-15 16:04:31',NULL),
 (121,73,'Pending',NULL,1,'2020-10-16 08:34:51','2020-10-16 08:34:51',NULL),
 (122,74,'Pending',NULL,1,'2020-10-16 09:17:56','2020-10-16 09:17:56',NULL),
 (123,74,'Approved','Approved',31,'2020-10-16 09:30:06','2020-10-16 09:30:06',NULL),
 (124,75,'active',NULL,1,'2020-10-16 11:36:44','2020-10-16 11:36:44',NULL),
 (125,76,'active',NULL,1,'2020-10-16 11:38:36','2020-10-16 11:38:36',NULL),
 (126,77,'Pending',NULL,1,'2020-10-16 11:43:35','2020-10-16 11:43:35',NULL),
 (127,77,'Approved','aPPROVED',31,'2020-10-16 11:44:49','2020-10-16 11:44:49',NULL),
 (128,78,'Pending',NULL,1,'2020-10-16 12:01:21','2020-10-16 12:01:21',NULL),
 (129,78,'Approved','Approved',31,'2020-10-16 12:02:34','2020-10-16 12:02:34',NULL),
 (130,73,'Approved','Approved.',31,'2020-10-16 12:05:40','2020-10-16 12:05:40',NULL),
 (131,79,'Pending',NULL,1,'2020-10-16 12:07:09','2020-10-16 12:07:09',NULL),
 (132,80,'Pending',NULL,1,'2020-10-16 12:25:23','2020-10-16 12:25:23',NULL),
 (133,80,'Approved','approved',31,'2020-10-16 12:28:36','2020-10-16 12:28:36',NULL),
 (134,81,'Pending',NULL,1,'2020-10-16 12:33:56','2020-10-16 12:33:56',NULL),
 (135,81,'Approved','Approved',31,'2020-10-16 12:34:20','2020-10-16 12:34:20',NULL),
 (136,82,'Pending',NULL,1,'2020-10-16 12:35:05','2020-10-16 12:35:05',NULL),
 (137,82,'Approved','Approved',31,'2020-10-16 12:35:31','2020-10-16 12:35:31',NULL),
 (138,83,'Pending',NULL,1,'2020-10-19 13:52:08','2020-10-19 13:52:08',NULL),
 (139,84,'Pending',NULL,1,'2020-10-19 13:59:00','2020-10-19 13:59:00',NULL),
 (140,85,'Pending',NULL,1,'2020-10-19 15:21:55','2020-10-19 15:21:55',NULL),
 (141,86,'Pending',NULL,1,'2020-10-19 15:23:23','2020-10-19 15:23:23',NULL),
 (142,86,'Approved','Approved',31,'2020-10-19 15:30:15','2020-10-19 15:30:15',NULL),
 (143,85,'Approved','approved',31,'2020-10-19 15:33:27','2020-10-19 15:33:27',NULL),
 (144,83,'Approved','approved',31,'2020-10-19 15:34:00','2020-10-19 15:34:00',NULL),
 (145,84,'Approved','Approved',31,'2020-10-19 15:35:01','2020-10-19 15:35:01',NULL),
 (146,87,'Pending',NULL,1,'2020-10-21 12:10:42','2020-10-21 12:10:42',NULL),
 (147,87,'Approved','Approved.',31,'2020-10-21 12:13:13','2020-10-21 12:13:13',NULL),
 (148,88,'Pending',NULL,1,'2020-10-22 15:17:12','2020-10-22 15:17:12',NULL),
 (149,89,'Pending',NULL,1,'2020-10-22 15:19:30','2020-10-22 15:19:30',NULL),
 (150,90,'Pending',NULL,1,'2020-10-23 12:11:26','2020-10-23 12:11:26',NULL),
 (151,91,'Pending',NULL,1,'2020-10-23 12:20:56','2020-10-23 12:20:56',NULL),
 (152,92,'Pending',NULL,1,'2020-10-23 12:24:18','2020-10-23 12:24:18',NULL),
 (153,93,'Pending',NULL,1,'2020-10-23 12:32:38','2020-10-23 12:32:38',NULL),
 (154,94,'Pending',NULL,1,'2020-10-23 12:33:52','2020-10-23 12:33:52',NULL),
 (155,97,'Pending',NULL,1,'2020-10-23 13:23:25','2020-10-23 13:23:25',NULL),
 (156,98,'Pending',NULL,1,'2020-10-23 13:32:45','2020-10-23 13:32:45',NULL),
 (157,90,'Approved',NULL,35,'2021-02-12 10:06:06','2021-02-12 10:06:06',NULL),
 (158,91,'Approved',NULL,35,'2021-02-12 10:06:37','2021-02-12 10:06:37',NULL),
 (159,92,'Approved',NULL,35,'2021-02-12 10:08:20','2021-02-12 10:08:20',NULL),
 (160,93,'Approved',NULL,35,'2021-02-12 10:41:38','2021-02-12 10:41:38',NULL),
 (161,95,'Approved',NULL,35,'2021-02-12 11:02:07','2021-02-12 11:02:07',NULL),
 (162,95,'Approved',NULL,35,'2021-02-12 11:29:42','2021-02-12 11:29:42',NULL),
 (163,98,'Approved',NULL,35,'2021-02-12 11:30:55','2021-02-12 11:30:55',NULL),
 (164,94,'Approved',NULL,35,'2021-02-12 14:12:37','2021-02-12 14:12:37',NULL),
 (165,53,'Approved',NULL,1,'2021-02-15 07:54:03','2021-02-15 07:54:03',NULL),
 (166,99,'Approved','trial',31,'2021-02-15 08:46:52','2021-02-15 08:46:52',NULL),
 (167,56,'Approved',NULL,31,'2021-02-15 08:52:36','2021-02-15 08:52:36',NULL),
 (168,79,'Approved',NULL,31,'2021-02-15 09:39:20','2021-02-15 09:39:20',NULL),
 (169,79,'Approved','review',31,'2021-02-15 09:39:29','2021-02-15 09:39:29',NULL),
 (170,62,'Approved',NULL,31,'2021-02-15 09:50:13','2021-02-15 09:50:13',NULL),
 (171,72,'Approved',NULL,31,'2021-02-15 09:54:29','2021-02-15 09:54:29',NULL),
 (172,71,'Approved',NULL,31,'2021-02-15 09:54:38','2021-02-15 09:54:38',NULL),
 (173,70,'Approved',NULL,31,'2021-02-15 09:58:59','2021-02-15 09:58:59',NULL),
 (174,69,'Approved','rejection ',31,'2021-02-15 10:00:48','2021-02-15 10:00:48',NULL),
 (175,57,'Approved',NULL,31,'2021-02-15 10:38:58','2021-02-15 10:38:58',NULL),
 (176,61,'Approved',NULL,31,'2021-02-16 16:21:46','2021-02-16 16:21:46',NULL),
 (177,63,'Approved',NULL,31,'2021-02-19 15:30:09','2021-02-19 15:30:09',NULL),
 (178,64,'Approved',NULL,31,'2021-02-24 15:01:46','2021-02-24 15:01:46',NULL),
 (179,112,'Pending',NULL,31,'2021-02-24 16:24:19','2021-02-24 16:24:19',NULL),
 (180,113,'Pending',NULL,31,'2021-02-24 16:26:08','2021-02-24 16:26:08',NULL),
 (181,114,'Pending',NULL,1,'2021-02-24 16:36:49','2021-02-24 16:36:49',NULL),
 (182,115,'Pending',NULL,1,'2021-02-24 16:38:09','2021-02-24 16:38:09',NULL),
 (183,115,'Approved',NULL,31,'2021-02-24 16:38:45','2021-02-24 16:38:45',NULL),
 (184,114,'Approved',NULL,31,'2021-02-24 16:39:03','2021-02-24 16:39:03',NULL),
 (185,66,'Approved',NULL,31,'2021-02-25 15:41:18','2021-02-25 15:41:18',NULL),
 (186,116,'Pending',NULL,31,'2021-02-25 15:42:27','2021-02-25 15:42:27',NULL),
 (187,116,'Approved',NULL,4,'2021-02-25 15:57:05','2021-02-25 15:57:05',NULL),
 (188,117,'Pending',NULL,4,'2021-02-25 15:58:09','2021-02-25 15:58:09',NULL),
 (189,117,'Approved',NULL,31,'2021-02-25 15:58:34','2021-02-25 15:58:34',NULL),
 (190,65,'Approved',NULL,31,'2021-02-25 16:37:29','2021-02-25 16:37:29',NULL),
 (191,68,'Approved',NULL,31,'2021-02-25 16:37:35','2021-02-25 16:37:35',NULL),
 (192,118,'Pending',NULL,31,'2021-02-26 16:14:15','2021-02-26 16:14:15',NULL),
 (193,119,'Pending',NULL,31,'2021-02-26 16:35:34','2021-02-26 16:35:34',NULL),
 (194,119,'Approved',NULL,6,'2021-02-26 16:38:47','2021-02-26 16:38:47',NULL),
 (195,120,'Pending',NULL,6,'2021-02-26 16:40:09','2021-02-26 16:40:09',NULL),
 (196,120,'Approved',NULL,31,'2021-02-26 16:41:08','2021-02-26 16:41:08',NULL),
 (197,121,'Pending',NULL,1,'2021-03-03 10:38:18','2021-03-03 10:38:18',NULL),
 (198,122,'Pending',NULL,6,'2021-03-11 16:35:58','2021-03-11 16:35:58',NULL),
 (199,122,'Approved',NULL,31,'2021-03-11 16:36:41','2021-03-11 16:36:41',NULL);
/*!40000 ALTER TABLE `workflow_history` ENABLE KEYS */;


--
-- Definition of function `billClient`
--

DROP FUNCTION IF EXISTS `billClient`;

DELIMITER $$

/*!50003 SET @TEMP_SQL_MODE=@@SQL_MODE, SQL_MODE='STRICT_TRANS_TABLES,ERROR_FOR_DIVISION_BY_ZERO,NO_AUTO_CREATE_USER,NO_ENGINE_SUBSTITUTION' */ $$
CREATE DEFINER=`root`@`localhost` FUNCTION `billClient`(in_client_id int(11),in_user_id bigint(20), in_bill_amount decimal(15,4), in_currency_id bigint(20),in_reference varChar(200)) RETURNS longtext CHARSET latin1
BEGIN

DECLARE var_billing_type varchar(255) DEFAULT "";
DECLARE var_balance_before decimal(15,4) DEFAULT 0;
DECLARE var_client_currency_id bigint(20);
DECLARE last_insert_id bigint(20) DEFAULT 0;
DECLARE var_bill_amount  decimal(15,4) DEFAULT 0;
DECLARE currency_conversion_desc longtext;
DECLARE currency_conversion_resp  longtext;
DECLARE currency_conversion_status  longtext;
DECLARE client_has_ledger_entry tinyint(1);
DECLARE var_new_balance_after decimal(15,4) ;



select lower(billing_type),currency_id,balance into var_billing_type,var_client_currency_id,var_balance_before from clients where id=in_client_id;













IF in_currency_id!=var_client_currency_id THEN

SET currency_conversion_resp = currencyConverter(in_currency_id,var_client_currency_id,in_bill_amount);



select JSON_UNQUOTE(JSON_EXTRACT(currency_conversion_resp,'$.amount')) INTO var_bill_amount;
select JSON_UNQUOTE(JSON_EXTRACT(currency_conversion_resp,'$.status')) INTO currency_conversion_status;
select JSON_UNQUOTE(JSON_EXTRACT(currency_conversion_resp,'$.route_name'))  INTO currency_conversion_desc ;

if currency_conversion_status='failed' THEN



RETURN JSON_OBJECT('status',"failed",'description',currency_conversion_desc);

END IF;


ELSE 

SET var_bill_amount=in_bill_amount;


END IF;


if var_billing_type ="prepaid" THEN

IF var_balance_before>var_bill_amount THEN 




UPDATE clients set balance=balance-var_bill_amount where id=in_client_id;


insert into ledgers (id, payment_id,client_id,notes,reference,type,status,transaction_date,currency_id,debit,credit,balance_before ,balance_after,created_by,created_at,updated_at)values(NULL,NULL,in_client_id,'SMS-prepaid',in_reference,'SMS','completed',NOW(),var_client_currency_id,var_bill_amount,0,var_balance_before,(var_balance_before-var_bill_amount),in_user_id,NOW(),NULL);

ELSE


RETURN JSON_OBJECT('status',"failed",'description',CONCAT('Insufficient balance:Current ',var_balance_before,' :needed >=',var_bill_amount));

END IF; 

ELSE IF var_billing_type ="postpaid" THEN 

insert into ledgers (id, payment_id,client_id,notes,reference,type,status,transaction_date,currency_id,debit,credit,balance_before ,balance_after,created_by,created_at,updated_at)values(NULL,NULL,in_client_id,'SMS-postpaid',in_reference,'SMS','completed',NOW(),var_client_currency_id,var_bill_amount,0,var_balance_before,var_balance_before,in_user_id,NOW(),NULL);


ELSE 

RETURN JSON_OBJECT('status',"failed",'description',concat("The client billing type '",var_billing_type,"' is unkown"));
END IF; 

END IF; 


SELECT LAST_INSERT_ID() into last_insert_id;


IF last_insert_id > 0 THEN 


RETURN JSON_OBJECT('status',"successful",'description',CONCAT("billed ",var_bill_amount," OK"));
ELSE


 IF var_billing_type ="postpaid" THEN

RETURN JSON_OBJECT('status',"failed",'description',"Unable to create ledger for post-paid client");
 ELSE
RETURN JSON_OBJECT('status',"failed",'description',"Unable to create ledger for pre-paid client");
END IF;
END IF; 

END $$
/*!50003 SET SESSION SQL_MODE=@TEMP_SQL_MODE */  $$

DELIMITER ;

--
-- Definition of function `currencyConverter`
--

DROP FUNCTION IF EXISTS `currencyConverter`;

DELIMITER $$

/*!50003 SET @TEMP_SQL_MODE=@@SQL_MODE, SQL_MODE='STRICT_TRANS_TABLES,ERROR_FOR_DIVISION_BY_ZERO,NO_AUTO_CREATE_USER,NO_ENGINE_SUBSTITUTION' */ $$
CREATE DEFINER=`root`@`localhost` FUNCTION `currencyConverter`(in_currency_id  bigint(20), out_currency_id  bigint(20), in_amount decimal(15,4)) RETURNS decimal(15,4)
BEGIN

DECLARE currency_rate_entry_exists tinyint(1) ;
DECLARE out_amount decimal(15,4);



if in_currency_id = out_currency_id THEN

RETURN in_amount;

END IF;


select exists(select id from currency_rates where from_currency_id=in_currency_id and to_currency_id=out_currency_id limit 1) into currency_rate_entry_exists ;

if currency_rate_entry_exists=0 THEN

RETURN JSON_OBJECT('status',"failed",'amount',in_amount,'description',CONCAT("No currency entry for conversion from currency id ",in_currency_id,' to ',out_currency_id));
END IF;

SELECT in_amount*rate INTO out_amount from currency_rates  where from_currency_id=in_currency_id and to_currency_id=out_currency_id limit 1;


RETURN out_amount;
RETURN JSON_OBJECT('status',"successful",'amount',out_amount,'description',CONCAT("Conversion for amount ",in_amount,' for in currency id ',in_currency_id,' to ',out_currency_id,' out ',out_amount));
END $$
/*!50003 SET SESSION SQL_MODE=@TEMP_SQL_MODE */  $$

DELIMITER ;

--
-- Definition of function `getActiveSurveyByShortCodeAndMsisdn`
--

DROP FUNCTION IF EXISTS `getActiveSurveyByShortCodeAndMsisdn`;

DELIMITER $$

/*!50003 SET @TEMP_SQL_MODE=@@SQL_MODE, SQL_MODE='STRICT_TRANS_TABLES,ERROR_FOR_DIVISION_BY_ZERO,NO_AUTO_CREATE_USER,NO_ENGINE_SUBSTITUTION' */ $$
CREATE DEFINER=`root`@`localhost` FUNCTION `getActiveSurveyByShortCodeAndMsisdn`(in_shortCode INT(11), in_MSISDN BIGINT(20)) RETURNS int(11)
    DETERMINISTIC
BEGIN


DECLARE v_rand_no INTEGER DEFAULT 0;
DECLARE out_surveyID INT(11) DEFAULT 0;
DECLARE var_surveyID INT DEFAULT 0;
DECLARE v_finished INTEGER DEFAULT 0;
DECLARE v_completedThisSurvey INTEGER DEFAULT 0;
DECLARE invite_surveyID INTEGER DEFAULT 0;
DECLARE v_participating INTEGER DEFAULT 0;
DECLARE v_if_over_24_hour_since_last_answer INTEGER DEFAULT 0;
DECLARE v_time_since_last_response_before_optout INTEGER DEFAULT 24;
DECLARE v_time_since_last_invite_before_optout INTEGER DEFAULT 24;



DECLARE SELECT_CURSOR CURSOR FOR SELECT surveyID from surveys.surveys s join bulkMessages.clientSourceAddr csa on (csa.addrID=s.responsesShortCodeID) where incomingSourceAddr=in_shortCode and if(completionLimit>0,completedSurveys<completionLimit,1) and  if(endDate is not null,NOW()<endDate,1) and s.status=1 order by surveyID ASC;



DECLARE CONTINUE HANDLER FOR NOT FOUND SET v_finished = 1;


OPEN SELECT_CURSOR;
this_loop: LOOP


SET v_finished=0;

FETCH SELECT_CURSOR INTO var_surveyID;

IF v_finished =1 THEN

         RETURN 0;
         LEAVE this_loop;
         CLOSE SELECT_CURSOR;

     END IF;

call log_msg(concat('getActiveSurveyByShortCodeAndMsisdn for surveyID::',var_surveyID,'::msisdn::',in_MSISDN));




select if(max(sq.questionID) is not null,if(max(sa.questionID) is not null,if( max(sa.questionID) >=max(sq.questionID),1,0),0),0),  if(max(sa.questionID) is not null,1,0),if(round(TIMESTAMPDIFF(SECOND,now(),max(sa.dateCreated))/86400)<=1,0,1) into v_completedThisSurvey,v_participating,v_if_over_24_hour_since_last_answer from surveys.surveys s join surveyQuestions sq on (s.surveyID=sq.surveyID) left join surveyAnswers sa on (s.surveyID=sa.surveyID) left join surveyInMessages sim on (sa.inboxID=sim.messageID) where if(sim.messageID is not null,msisdn=in_MSISDN,1) and s.surveyID=var_surveyID;

if v_completedThisSurvey = 0 and  v_participating=1 and v_if_over_24_hour_since_last_answer=0 THEN
call log_msg(concat('has not completed and is participating::msisdn::',in_MSISDN,'::return::',var_surveyID));
RETURN var_surveyID;
LEAVE this_loop;
CLOSE SELECT_CURSOR;
END IF;

call log_msg(concat('getActiveSurveyByShortCodeAndMsisdn for surveyID::',var_surveyID,'::msisdn::',in_MSISDN));




select if(max(sq.questionID) is not null,if(max(sa.questionID) is not null,if( max(sa.questionID) >=max(sq.questionID),1,0),0),0),  if(max(sa.questionID) is not null,1,0),if(round(TIMESTAMPDIFF(SECOND,now(),max(sa.dateCreated))/86400)<=1,0,1) into v_completedThisSurvey,v_participating,v_if_over_24_hour_since_last_answer from surveys.surveys s join surveyQuestions sq on (s.surveyID=sq.surveyID) left join surveyAnswers sa on (s.surveyID=sa.surveyID) left join surveyInMessages sim on (sa.inboxID=sim.messageID) where if(sim.messageID is not null,msisdn=in_MSISDN,1) and s.surveyID=var_surveyID;

if v_completedThisSurvey = 0 and  v_participating=1 and v_if_over_24_hour_since_last_answer=0 THEN
call log_msg(concat('has not completed and is participating::msisdn::',in_MSISDN,'::return::',var_surveyID));
RETURN var_surveyID;
LEAVE this_loop;
CLOSE SELECT_CURSOR;
END IF;


select surveyID into invite_surveyID from surveys.surveys s join surveys.surveyAllowedParticipants sap using(surveyID) where  if(inviteExpirationTime is not null,NOW()<adddate(startDate,INTERVAL inviteExpirationTime HOUR),1) and (s.surveyID=var_surveyID and v_completedThisSurvey=0) and MSISDN=in_MSISDN and round(time_to_sec(timediff(now(),sap.dateCreated))/86400)<=1  order by participantID desc limit 1 ;

call log_msg(concat('getActiveSurveyByShortCodeAndMsisdn::',in_MSISDN));

if invite_surveyID>0 THEN
call log_msg(concat('invited to surveyID::',var_surveyID,'::','::msisdn::',in_MSISDN,'::return::',invite_surveyID));
RETURN var_surveyID;
LEAVE this_loop;
CLOSE SELECT_CURSOR;

ELSE

call log_msg(concat('getActiveSurveyByShortCodeAndMsisdn::',in_MSISDN,'::not invited to any survey'));
END IF;



END LOOP this_loop;
CLOSE SELECT_CURSOR;


END $$
/*!50003 SET SESSION SQL_MODE=@TEMP_SQL_MODE */  $$

DELIMITER ;

--
-- Definition of function `getRoute`
--

DROP FUNCTION IF EXISTS `getRoute`;

DELIMITER $$

/*!50003 SET @TEMP_SQL_MODE=@@SQL_MODE, SQL_MODE='STRICT_TRANS_TABLES,ERROR_FOR_DIVISION_BY_ZERO,NO_AUTO_CREATE_USER,NO_ENGINE_SUBSTITUTION' */ $$
CREATE DEFINER=`root`@`localhost` FUNCTION `getRoute`(clientID int(11), msisdn bigint(30), senderID varchar(255)) RETURNS text CHARSET latin1
BEGIN

DECLARE v_route_id bigint(20) DEFAULT 0;
DECLARE v_route_name varChar(255) DEFAULT "";
DECLARE v_buying_price decimal(15,4)  DEFAULT 0;
DECLARE v_selling_price  decimal(15,4)  DEFAULT 0;
DECLARE v_currency_code varchar(255)  DEFAULT "";
DECLARE v_currency_id bigint(20) DEFAULT 0;
DECLARE v_sender_id varChar(255) DEFAULT "";
DECLARE v_network_name varChar(255) DEFAULT "";
DECLARE v_country_name varChar(255) DEFAULT "";
DECLARE v_network_id bigint(20) unsigned DEFAULT 0;
DECLARE v_route_exists tinyint(1) DEFAULT 0;
DECLARE v_route_mapping_type varchar(255);
DECLARE v_tag varchar(255);



select rm.type,r.id route_id,r.name route_name,rm.buying_price,rm.selling_price,c.id currency_id,c.code currency_code,if(overide_sender_id>0,sovr.name,senderID) sender_id,n.id network_id,n.name network_name,cc.name country_name,rm.tag INTO v_route_mapping_type,v_route_id,v_route_name,v_buying_price,v_selling_price,v_currency_id,v_currency_code,v_sender_id,v_network_id,v_network_name,v_country_name,v_tag  from networks n join network_prefixes np on (n.id=np.network_id) join route_mapping rm on (n.id=rm.network_id) join routes r on (rm.route_id=r.id) join currencies c on (c.id=rm.currency_id) left join client_sender_ids csi on (rm.sender_id=csi.sender_id and csi.client_id=clientID) left join sender_ids s on (rm.sender_id=s.id) left join countries cc on (cc.id=n.country_id) left join sender_ids sovr on (sovr.id=rm.overide_sender_id) where (length(msisdn)=np.number_length and substr(msisdn,1,prefix_length)=np.prefix)  and if (rm.client_id is not null,rm.client_id=clientID,1) and if (rm.sender_id is not null,s.name COLLATE utf8mb4_general_ci=senderID,1) order by rm.type ,r.quality desc,rm.priority desc,rm.overide_sender_id DESC limit 1;

if v_route_id >0 THEN
SET v_route_exists=1;
END IF;


RETURN JSON_OBJECT('route_mapping_type',v_route_mapping_type,'route_exist',v_route_exists,'route_name',v_route_name,'buying_price',v_buying_price,'selling_price',v_selling_price,'currency_code',v_currency_code,'currency_id',v_currency_id,'sender_id',v_sender_id,'network_id',v_network_id,'network_name',v_network_name,'country_name',v_country_name,'tag',v_tag);

END $$
/*!50003 SET SESSION SQL_MODE=@TEMP_SQL_MODE */  $$

DELIMITER ;

--
-- Definition of function `urlencode`
--

DROP FUNCTION IF EXISTS `urlencode`;

DELIMITER $$

/*!50003 SET @TEMP_SQL_MODE=@@SQL_MODE, SQL_MODE='STRICT_TRANS_TABLES,ERROR_FOR_DIVISION_BY_ZERO,NO_AUTO_CREATE_USER,NO_ENGINE_SUBSTITUTION' */ $$
CREATE DEFINER=`root`@`localhost` FUNCTION `urlencode`(str VARCHAR(4096) CHARSET utf8) RETURNS varchar(4096) CHARSET utf8
    DETERMINISTIC
BEGIN
   
   
   
   DECLARE sub VARCHAR(1) CHARSET utf8;
   
   DECLARE val BIGINT DEFAULT 0;
   
   DECLARE ind INT DEFAULT 1;
   
   
   DECLARE oct INT DEFAULT 0;
   
   DECLARE ret VARCHAR(4096) DEFAULT '';
   
   DECLARE octind INT DEFAULT 0;
 
   IF ISNULL(str) THEN
      RETURN NULL;
   ELSE
      SET ret = '';
      
      
      WHILE ind <= CHAR_LENGTH(str) DO
         SET sub = MID(str, ind, 1);
         SET val = ORD(sub);
         
         
         IF NOT (val BETWEEN 48 AND 57 OR     
                 val BETWEEN 65 AND 90 OR     
                 val BETWEEN 97 AND 122 OR    
                 
                 val IN (45, 46, 95, 126)) THEN
            
            
            
            
            
            
            SET octind = OCTET_LENGTH(sub);
            WHILE octind > 0 DO
               
               
               
               
               SET oct = (val >> (8 * (octind - 1)));
               
               
               
               SET ret = CONCAT(ret, '%', LPAD(HEX(oct), 2, 0));
               
               
               
               SET val = (val & (POWER(256, (octind - 1)) - 1));
               SET octind = (octind - 1);
            END WHILE;
         ELSE
            
            
            SET ret = CONCAT(ret, sub);
         END IF;
         SET ind = (ind + 1);
      END WHILE;
   END IF;
   RETURN ret;
END $$
/*!50003 SET SESSION SQL_MODE=@TEMP_SQL_MODE */  $$

DELIMITER ;

--
-- Definition of function `validateMobileNo`
--

DROP FUNCTION IF EXISTS `validateMobileNo`;

DELIMITER $$

/*!50003 SET @TEMP_SQL_MODE=@@SQL_MODE, SQL_MODE='STRICT_TRANS_TABLES,ERROR_FOR_DIVISION_BY_ZERO,NO_AUTO_CREATE_USER,NO_ENGINE_SUBSTITUTION' */ $$
CREATE DEFINER=`root`@`localhost` FUNCTION `validateMobileNo`(in_client_id  bigint(20), in_msisdn bigint(20)) RETURNS bigint(20)
BEGIN

DECLARE v_client_default_dialing_code   int(11) ;
DECLARE v_network_id  bigint(20) ;
DECLARE v_network_id_2  bigint(20) ;
DECLARE temp_num bigint(20);


SELECT n.id into v_network_id from networks n join network_prefixes np on (n.id=np.network_id) join countries c on (c.id=n.country_id) where SUBSTR(in_msisdn,1,prefix_length)=prefix and length(in_msisdn)=number_length limit 1;

IF v_network_id > 0 THEN


RETURN in_msisdn;

END IF;


select  dialing_code INTO  v_client_default_dialing_code from clients c join countries ctr on (c.country_id=ctr.id) where c.id=in_client_id;

SET temp_num=CONCAT(v_client_default_dialing_code,TRIM(LEADING '0' FROM in_msisdn));

SELECT n.id into v_network_id_2 from networks n join network_prefixes np on (n.id=np.network_id) join countries c on (c.id=n.country_id) where SUBSTR(temp_num,1,prefix_length)=prefix and length(temp_num)=number_length limit 1;

IF v_network_id_2 > 0 THEN


RETURN temp_num;

END IF;


RETURN 0;
END $$
/*!50003 SET SESSION SQL_MODE=@TEMP_SQL_MODE */  $$

DELIMITER ;

--
-- Definition of procedure `surveyDetermineNextQuestion`
--

DROP PROCEDURE IF EXISTS `surveyDetermineNextQuestion`;

DELIMITER $$

/*!50003 SET @TEMP_SQL_MODE=@@SQL_MODE, SQL_MODE='STRICT_TRANS_TABLES,ERROR_FOR_DIVISION_BY_ZERO,NO_AUTO_CREATE_USER,NO_ENGINE_SUBSTITUTION' */ $$
CREATE DEFINER=`root`@`localhost` PROCEDURE `surveyDetermineNextQuestion`(IN previousQuestionID int(10), IN var_surveyID int(10), IN previousResponse varchar(1000), OUT next_question_ID  int(11))
BEGIN
DECLARE done INT DEFAULT FALSE;
DECLARE q_response varchar(1000) default null;
DECLARE s_participated INT default FALSE;
DECLARE q_answerType varchar(1000) default null;
DECLARE conditions CURSOR for select sl.questionID, response, answerTypeID from surveyLogic sl join surveyQuestions sq on sq.questionID=sl.respondedQuestionID where respondedQuestionID = previousQuestionID;
DECLARE CONTINUE HANDLER FOR NOT FOUND SET done = TRUE;

OPEN conditions;
call log_msg(concat('surveyDetermineNextQuestion:: Am now determining which question to send next: surveyID ',var_surveyID,' previousID ', previousQuestionID));
read_loop: LOOP
FETCH conditions INTO next_question_ID, q_response, q_answerType;
   if next_question_ID is null then /*this means the cursor retuned nothing*/
    select questionID into next_question_ID from surveyQuestions WHERE surveyID=var_surveyID and  questionID > previousQuestionID order by questionID asc limit 1;       
       if next_question_ID is not null then
           call log_msg(concat('surveyDetermineNextQuestion:: NOOO logic exists for : surveyID -',var_surveyID,' previousID---', previousQuestionID,'-Now sending the next Question-', next_question_ID));
       else
          call log_msg(concat('surveyDetermineNextQuestion:: NOOO logic exists for : surveyID -',var_surveyID,'- previousID -', previousQuestionID,'-And questionID is NUUUULL-'));            
       end if;
   LEAVE read_loop; /*Just exit the loop*/
   end if; 
   IF done THEN
      call log_msg(concat('surveyDetermineNextQuestion:: Am now leeeeeeeeeeeeeeeving the loooooop -',var_surveyID,' previousID-', previousQuestionID));  
      LEAVE read_loop;
    END IF;
   call log_msg(concat('surveyDetermineNextQuestion:: Am now determining which question to send next: surveyID ',var_surveyID,' previousID ', previousQuestionID));
   call log_msg(concat('surveyDetermineNextQuestion:: A logic exists for : surveyID -',var_surveyID,' previousID---', previousQuestionID,'---result is nextQuiz= ',next_question_ID,'--if response is=',q_response));
   if q_response = previousResponse then
        select next_question_ID into next_question_ID;
        call log_msg(concat('surveyDetermineNextQuestion:: Hurraaaaaaaay the response matches logic for : surveyID -',var_surveyID,' previousID---', previousQuestionID, '--Now happily returning the next questionID--',next_question_ID));          
       LEAVE read_loop;
   else
       select questionID into next_question_ID from surveyQuestions WHERE surveyID=var_surveyID and questionID > next_question_ID order by questionID asc limit 1;
       if next_question_ID is not null then
          call log_msg(concat('surveyDetermineNextQuestion:: Response does not match the logic : surveyID -',var_surveyID,'- previousID -', previousQuestionID,'-Now sending the next Question-', next_question_ID));     
       else
          call log_msg(concat('surveyDetermineNextQuestion:: Response does not match the logic : surveyID -',var_surveyID,'- previousID -', previousQuestionID,'-And questionID is NUUUULl-'));            
       end if;
   end if;
END LOOP;
CLOSE conditions;
END $$
/*!50003 SET SESSION SQL_MODE=@TEMP_SQL_MODE */  $$

DELIMITER ;



/*!40101 SET SQL_MODE=@OLD_SQL_MODE */;
/*!40014 SET FOREIGN_KEY_CHECKS=@OLD_FOREIGN_KEY_CHECKS */;
/*!40014 SET UNIQUE_CHECKS=@OLD_UNIQUE_CHECKS */;
/*!40101 SET CHARACTER_SET_CLIENT=@OLD_CHARACTER_SET_CLIENT */;
/*!40101 SET CHARACTER_SET_RESULTS=@OLD_CHARACTER_SET_RESULTS */;
/*!40101 SET COLLATION_CONNECTION=@OLD_COLLATION_CONNECTION */;
/*!40101 SET CHARACTER_SET_CLIENT=@OLD_CHARACTER_SET_CLIENT */;
